date,true_so,true_thetao,true_uo,true_vo,pred_so,pred_thetao,pred_uo,pred_vo
2023-03-10,39.1516,15.972343,0.014701961,0.0005572945,39.147854,16.058422,-0.0052214535,0.01057883
2023-03-10,39.143238,15.882954,-0.002414943,-0.0019107241,39.149746,16.03281,-0.014536845,-0.006368146
2023-03-10,39.15591,15.925371,-0.0030253131,-0.0024945564,39.155537,16.01201,-0.0026484414,0.004485361
2023-03-10,39.161682,15.94467,-0.006501769,-0.0072713667,39.16136,15.996891,-0.01720233,-0.021013811
2023-03-10,39.157635,15.902156,0.010376293,-0.00015922701,39.153194,15.784102,0.0063846465,-0.011658954
2023-03-10,39.158234,15.940211,0.001433043,-0.0077490476,39.148197,16.013428,0.001500244,-0.013948297
2023-03-10,39.15425,15.883527,-0.01263201,0.010137453,39.152687,16.11439,-0.005262088,0.010152847
2023-03-10,39.166393,15.885883,-0.0010880512,0.0039275996,39.16252,16.076612,0.0056015635,-0.006922427
2023-03-10,39.155247,15.874483,0.008279804,0.005254491,39.159557,15.98187,-0.0007033522,0.003535177
2023-03-10,39.154453,15.904768,0.0034499185,0.00079613505,39.15242,15.750701,-0.0007870306,0.004370782
2023-03-10,39.163074,15.919321,0.0061567775,-0.0053606424,39.171623,15.986716,0.005662382,-0.013630816
2023-03-10,39.17064,15.914639,0.00042460536,-0.012127791,39.1649,15.957218,0.004172411,-0.0270326
2023-03-10,39.159958,15.891807,0.016878063,0.008916712,39.1478,16.05819,0.02108352,0.0019466426
2023-03-10,39.162083,15.9037485,0.003343767,0.011384731,39.153225,15.82301,0.019856635,-0.004231909
2023-03-10,39.15372,15.884387,-0.014516195,-0.004617583,39.161278,15.5697775,-0.020782933,-0.008432807
2023-03-10,39.158962,15.913429,0.018072264,-0.0016984214,39.143623,16.020992,0.02958321,-0.0011141676
2023-03-10,39.15485,15.923461,0.008359418,-0.0071386774,39.141937,16.252678,0.02107962,-0.013677705
2023-03-10,39.159096,15.921518,-0.010747823,0.0033172292,39.152588,15.914032,-0.014945911,0.013735022
2023-03-10,39.162945,15.924671,0.013401606,-0.0084655695,39.143665,15.857542,-0.0059826365,-0.016502174
2023-03-10,39.15213,15.908749,-0.006236391,0.00514834,39.156773,15.968838,0.0101596285,-0.0033057644
2023-03-10,39.15173,15.893431,0.0050421883,0.010562058,39.150963,16.416288,0.014560967,-0.0051065474
2023-03-10,39.16062,15.907411,0.0041929777,0.0031580024,39.15192,15.826756,0.00021163354,-0.0014762081
2023-03-10,39.160954,15.903653,-0.01165011,0.0068202233,39.171078,16.353022,-0.019576259,0.015005672
2023-03-10,39.15193,15.905978,-0.009022864,-0.013321993,39.155457,15.864083,-0.009482384,-0.016828313
2023-03-10,39.160355,15.910086,0.010137453,0.00063690805,39.17057,15.981894,0.008937224,-0.0018873712
2023-03-10,39.160755,15.873336,-0.0062629287,-0.00416644,39.156277,15.803216,-0.007921369,-0.009174235
2023-03-10,39.150005,15.918461,-0.0005572945,-0.0057056346,39.14751,16.037926,0.0072481264,-0.009233192
2023-03-10,39.144367,15.901742,0.0063690804,-0.010508982,39.13943,16.321394,0.0059713125,-0.0116013605
2023-03-10,39.16374,15.923206,-0.014595808,0.0038214482,39.168587,16.147358,4.8450033e-06,-0.0050975657
2023-03-10,39.16029,15.96935,0.008067502,-0.0037418345,39.15868,15.849392,-0.0070957607,-0.00011273513
2023-03-10,39.16387,15.924257,-0.008492107,-0.005732172,39.169636,15.89853,-0.010474155,-0.00044034087
2023-03-10,39.156708,15.914258,0.006395618,0.0007165215,39.157864,15.971789,-0.008832501,-0.0074615716
2023-03-10,39.15047,15.935594,-0.011013201,-0.0058383234,39.15329,16.153263,0.0005982754,-0.00861177
2023-03-10,39.152195,15.885469,-0.0048564235,-0.0072448286,39.14667,16.00697,-0.0032667585,-0.0022650878
2023-03-10,39.155445,15.921773,-0.00063690805,-0.008677872,39.15782,15.796347,-0.0023973233,-0.009188285
2023-03-10,39.15412,15.9020605,-0.0039806752,0.0016718835,39.15534,16.038609,-0.013363628,-0.0025830758
2023-03-10,39.148346,15.852382,-0.008385955,-0.0040602884,39.14767,15.700243,-0.011224281,-0.006059227
2023-03-10,39.155315,15.915754,-0.005811786,-0.012127791,39.14331,16.085789,0.009774567,-0.015268477
2023-03-10,39.155712,15.978426,-0.011623572,-0.016718837,39.158672,16.043861,-0.007366053,-0.012383296
2023-03-10,39.148083,15.880215,-0.0048564235,0.0014861188,39.14484,15.811437,-0.0113383755,0.002803152
2023-03-10,39.1587,15.883591,0.004617583,-0.0048564235,39.14849,15.7779255,-0.004238219,-0.01791706
2023-03-10,39.165596,15.910213,-0.0026272456,-0.0051748776,39.168175,15.943709,-0.01757928,-0.0148132285
2023-03-10,39.148415,15.958714,0.009208629,0.0049094995,39.15047,16.086649,0.020803608,-0.0050259815
2023-03-10,39.16845,15.850217,0.012817774,0.0007165215,39.159298,16.065985,0.008169514,-0.0058748326
2023-03-10,39.150867,15.913207,0.007855199,0.017939577,39.15204,16.054829,0.007020353,0.01074107
2023-03-10,39.154716,15.890278,0.010402831,0.0029456995,39.14487,15.763626,0.0073270197,-0.0005690925
2023-03-10,39.15425,15.92034,0.0038214482,-0.007085602,39.137142,16.160229,0.02840679,-0.028423745
2023-03-10,39.15153,15.946548,0.010508982,-0.013162766,39.145767,15.946974,0.0066082813,-0.014368056
2023-03-10,39.155777,15.964891,-0.006236391,-0.0008492107,39.152008,16.177727,0.0008769574,-0.0109107625
2023-03-10,39.15505,15.956708,0.0071121394,0.005121802,39.150463,16.017178,0.0089304885,-0.008412166
2023-03-10,39.15213,15.86926,0.014489657,-0.006873299,39.156246,16.038683,0.014132924,-0.019670496
2023-03-10,39.161617,15.89601,-0.01066821,0.0023618673,39.145718,15.848682,-0.009466829,-0.011191226
2023-03-10,39.15153,15.90792,0.011464344,0.002892624,39.156982,16.241497,0.0005228988,0.0071962844
2023-03-10,39.148148,15.95123,-0.010429369,-0.0100047635,39.157646,16.031912,-0.0098586995,-0.009284513
2023-03-10,39.163475,15.904895,-0.0012207404,0.0012472782,39.14356,16.244303,0.01389577,-0.02073408
2023-03-10,39.141315,15.78557,-0.0053871805,0.0043787425,39.151035,15.935768,-0.0065823346,0.007030267
2023-03-10,39.16188,15.894672,-0.005254491,-0.0042991294,39.166912,16.024017,-0.0039254725,-0.0053159273
2023-03-10,39.161285,15.975974,0.004352205,-0.0054667937,39.163673,15.955805,0.0036377069,-0.008618532
2023-03-10,39.164867,15.923843,0.015418482,-0.0010349755,39.159046,15.853034,0.02283524,-0.0029515927
2023-03-10,39.15107,15.930117,-0.0045910454,-0.003343767,39.149147,16.05967,-0.008977685,-0.010084881
2023-03-10,39.167454,15.963331,0.004139902,0.0062629287,39.14431,16.192484,0.009100677,-0.0037056706
2023-03-10,39.16115,15.922633,-0.0045645074,0.010960125,39.16096,15.713314,-0.009098051,0.015490623
2023-03-10,39.15903,15.87426,0.009712847,-0.002866086,39.148884,15.876015,0.010912092,-0.012792425
2023-03-10,39.156574,15.928652,-0.0029987753,-0.0061833155,39.147865,15.893416,0.0032798257,-0.0053750672
2023-03-10,39.148018,15.925722,0.011225504,0.009208629,39.143723,16.193974,0.007896841,0.0059168427
2023-03-10,39.168518,15.914099,0.005944475,0.011968563,39.156242,16.049393,0.010028927,-0.0038293446
2023-03-10,39.157635,15.916423,0.010217066,0.01151742,39.1571,16.135782,0.0030055377,-0.0038651875
2023-03-10,39.1587,15.942855,0.0052014156,0.003847986,39.143482,16.204123,0.020125072,-0.020493994
2023-03-10,39.158962,15.910309,0.019452233,-0.009553621,39.16787,15.793078,0.0038570354,-0.016518263
2023-03-10,39.15704,15.888782,0.0026537834,-0.0058648614,39.163715,16.129654,0.009479221,-0.007076305
2023-03-10,39.15339,15.893112,0.003370305,0.0075632827,39.15632,16.095331,0.013526991,0.0013429091
2023-03-10,39.157238,15.926678,-0.0043787425,0.0014065052,39.16,15.835627,-0.0016061508,0.005106577
2023-03-10,39.1587,15.884291,-0.0032906914,-0.00257417,39.1596,16.161009,-0.012937875,-0.0016755009
2023-03-10,39.14855,15.935467,0.011331655,-0.0026272456,39.16009,16.366943,-0.002344061,0.0029713097
2023-03-10,39.164734,15.983776,0.00015922701,0.001751497,39.161087,16.021236,-0.008551543,-0.002565147
2023-03-10,39.147816,15.887731,-0.0015657322,-0.0077755856,39.13892,15.957666,0.00551502,-0.014566978
2023-03-10,39.156906,15.892794,0.0014595808,0.0015657322,39.15308,16.112309,-0.0020446994,-0.0059675933
2023-03-10,39.145096,15.942822,-0.011305117,0.008120577,39.145435,15.919313,-0.024024287,-0.005645352
2023-03-10,39.15067,15.877731,0.0038745238,-0.0009022864,39.155834,16.018217,0.009766647,-0.0027978295
2023-03-10,39.150204,15.894035,-0.0009818999,0.0042725913,39.154964,15.756776,-0.024799759,-0.005589983
2023-03-10,39.143173,15.913971,0.0047237347,-0.0016453457,39.15562,16.197315,0.0034063987,-0.007530472
2023-03-10,39.16115,15.910181,0.0034233807,-0.010933587,39.164608,16.378845,0.0073687043,-0.00093671907
2023-03-10,39.152527,15.92448,-0.005227953,0.0013534295,39.14881,16.001457,-0.010884644,0.0059358417
2023-03-10,39.158497,15.879865,0.013746598,-0.004033751,39.16182,16.193985,0.0035471502,-0.021440843
2023-03-10,39.150337,15.915404,-0.020381058,-0.0028395483,39.1573,15.952031,-0.017117638,-0.00322869
2023-03-10,39.15465,15.903462,0.010774361,-0.001114589,39.145687,16.450798,0.020242589,-0.00871245
2023-03-10,39.161682,15.963427,0.0048829615,0.0022822537,39.1419,15.968387,-0.0057932707,-0.0014936033
2023-03-10,39.13793,15.841905,0.008545183,0.0036356833,39.144005,15.76945,0.009493251,-0.004394323
2023-03-10,39.164272,15.946453,-0.006395618,-0.011119353,39.1606,15.906655,-0.0045062546,-0.02108318
2023-03-10,39.14682,15.845535,-0.00095536205,0.005599483,39.157383,15.947887,-0.0031317624,0.0028130966
2023-03-10,39.160557,15.892762,-0.0044052806,0.007085602,39.147614,15.553942,-0.022224104,0.006818093
2023-03-10,39.152462,15.90273,-0.0031580024,0.0009288242,39.14614,16.066772,0.005282278,-0.011617825
2023-03-10,39.141582,15.893208,-0.00050421886,0.0018841863,39.148388,15.9226265,-0.0030894245,0.0056348755
2023-03-10,39.144634,15.905054,-0.001751497,-0.0053871805,39.149456,15.894965,0.0072989305,-0.004241835
2023-03-10,39.163406,15.878272,-0.0020964888,-0.0064752316,39.16764,15.838616,-0.015548894,0.0054758186
2023-03-10,39.159363,15.917028,0.00018576485,0.0060506263,39.14972,15.93292,-0.007660602,-0.008107541
2023-03-10,39.166992,15.926837,-0.0039275996,0.0026272456,39.169426,16.342394,-0.00029126342,0.004981465
2023-03-10,39.153656,15.902698,-0.0036091455,-0.0055464073,39.145218,15.760953,-0.013540804,0.004745539
2023-03-10,39.15153,15.9159775,0.009527083,-0.0056525585,39.1537,16.636602,0.011991514,-0.0027831686
2023-03-10,39.15813,15.915833,-0.01143879,-0.00487731,39.157448,16.007526,-0.006288507,-0.008291005
2023-03-16,39.14987,15.9426,0.0015657322,0.0018841863,39.159313,16.044342,-0.013050016,-0.008213164
2023-03-16,39.144035,15.866266,-0.009553621,-0.0012207404,39.14404,16.14302,-0.0016477585,-0.0054797237
2023-03-16,39.151,15.893208,-0.008863636,-0.0061833155,39.16294,16.27348,0.0010039166,-0.017540814
2023-03-16,39.152927,15.888686,-0.008253266,-0.010137453,39.14508,15.945544,-0.012197107,-0.004124708
2023-03-16,39.156574,15.8508215,-0.0018045728,0.0030253131,39.147163,15.861724,-0.01762294,-0.011862336
2023-03-16,39.154583,15.890628,-0.0058648614,-0.00514834,39.14842,16.08546,-0.010431079,-0.0069385967
2023-03-16,39.153988,15.845663,-0.020434132,0.008784023,39.14684,15.671887,-0.030775588,0.0075020413
2023-03-16,39.162014,15.834103,-0.0036356833,0.0019107241,39.162586,15.971695,-0.01829417,-0.007950019
2023-03-16,39.150406,15.818658,0.0015391944,0.0056525585,39.164112,15.8233795,-0.020217285,0.007449645
2023-03-16,39.147884,15.863814,0.0023618673,-0.0047237347,39.15977,15.756234,0.00047284763,-0.009779183
2023-03-16,39.15319,15.864261,0.0062629287,-0.008040964,39.165516,15.764253,-0.017411878,0.0005146466
2023-03-16,39.163475,15.8487835,-0.008784023,-0.01385275,39.164364,15.681956,-0.0020953019,-0.0113844685
2023-03-16,39.1583,15.8149,0.0031845402,0.004033751,39.150803,16.0969,-0.0028998975,0.0014057454
2023-03-16,39.16188,15.845248,-0.0045645074,0.01090705,39.15569,16.501047,0.01680659,-0.009828872
2023-03-16,39.14689,15.864547,-0.008677872,-0.01923993,39.14052,15.961725,-0.009094973,-0.020478863
2023-03-16,39.156708,15.87289,0.007483669,-0.0061833155,39.152096,16.18441,0.0042668693,-0.0015032006
2023-03-16,39.153255,15.8657255,0.0028130105,-0.0095005445,39.15761,15.927432,-0.004104184,-0.009315651
2023-03-16,39.15425,15.862477,-0.014065052,-0.0019903376,39.152905,15.840624,-0.005733555,-0.016162157
2023-03-16,39.15591,15.870661,0.013534295,-0.0029722375,39.13319,15.694107,-0.006186936,0.0098969545
2023-03-16,39.15047,15.85391,-0.010588596,0.0033172292,39.143997,16.27608,0.009407806,-0.006608344
2023-03-16,39.148746,15.852733,0.0041929777,0.007828661,39.13213,15.910029,0.00234012,-0.012468928
2023-03-16,39.157505,15.836428,0.00010615134,0.0016188079,39.15195,15.882629,0.013850017,-0.006224564
2023-03-16,39.159363,15.892284,-0.014781574,0.0007430594,39.163548,15.925046,-0.01784405,-0.005345209
2023-03-16,39.144035,15.883781,-0.015763473,-0.021044502,39.144363,15.791748,0.020343382,-0.0131930625
2023-03-16,39.158035,15.862477,-0.00013268917,0.0026537834,39.155575,15.887587,-0.007195173,-0.0016777538
2023-03-16,39.153854,15.826969,-0.01127858,-0.0110397395,39.154846,15.859949,-0.0036446902,-0.020977201
2023-03-16,39.14337,15.892061,-0.0067671477,-0.010243604,39.152496,15.731357,-0.024866069,0.0031918767
2023-03-16,39.14032,15.877922,-0.0020168754,-0.011968563,39.135498,15.806314,-0.006107171,-0.014002178
2023-03-16,39.158035,15.893654,-0.02953661,-0.0022822537,39.166,15.960076,-0.01639408,-0.0049501383
2023-03-16,39.15538,15.9407215,-0.006687534,-0.00968631,39.16571,16.237593,-0.010434596,0.0024279389
2023-03-16,39.159824,15.88687,-0.017329207,-0.008040964,39.164913,15.792429,-0.017239038,0.006486242
2023-03-16,39.156773,15.869037,0.0032906914,0.00082267285,39.160023,15.785044,0.0018499445,3.0530224e-05
2023-03-16,39.1445,15.898876,-0.012021639,-0.015285793,39.154163,16.018778,-0.006990291,-0.017129952
2023-03-16,39.150406,15.828498,-0.0079613505,-0.011623572,39.15071,15.952526,-0.0142749045,-0.012881553
2023-03-16,39.1516,15.884737,-0.010694747,-0.012685085,39.14267,15.866299,-0.008768561,-0.018816017
2023-03-16,39.147884,15.855662,-0.006209853,-0.0034499185,39.147057,15.946272,-0.0077714175,-0.01343431
2023-03-16,39.142113,15.788914,-0.014065052,-0.017169978,39.14288,16.04232,-0.0053007146,-0.017155007
2023-03-16,39.140587,15.853847,-0.011703185,-0.018948013,39.140373,15.926563,-0.016500525,-0.021710504
2023-03-16,39.15067,15.94467,-0.014065052,-0.021707948,39.15282,15.696613,-0.02059473,-0.019956434
2023-03-16,39.154716,15.858497,-0.018072264,-7.961351e-05,39.152485,16.054941,-0.006595742,-0.004645253
2023-03-16,39.147285,15.81853,0.0031580024,-0.018390719,39.139416,16.258072,-0.0013041564,-0.016194467
2023-03-16,39.163208,15.875948,-0.011809336,-0.0023087915,39.15824,15.980534,-0.01263799,-0.012400684
2023-03-16,39.1439,15.919671,0.0005572945,0.0013268917,39.14362,15.862218,-0.0013755907,0.0036271415
2023-03-16,39.166725,15.76952,0.007881736,-0.0009022864,39.161083,15.842674,-0.0038728642,-0.0057121334
2023-03-16,39.152195,15.902921,0.0063690804,0.012207404,39.14245,15.812243,0.0043962123,0.007627511
2023-03-16,39.146225,15.819932,0.0045910454,-0.003954137,39.161167,15.737615,-0.008295337,-0.0014912136
2023-03-16,39.148083,15.86391,-0.0021761025,-0.012366631,39.15638,15.937382,0.008875531,-0.023485243
2023-03-16,39.144234,15.905563,0.006236391,-0.023512522,39.14101,15.925092,0.004415684,-0.015559139
2023-03-16,39.151,15.918779,-0.013773136,-0.0024945564,39.15002,15.962894,-0.006564022,-0.008461103
2023-03-16,39.15379,15.896329,-0.0028395483,-0.0036622211,39.148617,15.682736,-0.009006003,-0.0025990498
2023-03-16,39.143837,15.8172245,0.013932363,-0.017355744,39.139614,15.928675,0.003057322,-0.013227049
2023-03-16,39.157703,15.829708,-0.017992651,-0.001114589,39.157455,15.866898,-0.014339235,-0.0015452824
2023-03-16,39.14934,15.82353,0.0017780348,-0.0031580024,39.14709,15.820196,0.010804888,-0.021798048
2023-03-16,39.144234,15.948141,-0.020407595,-0.016984213,39.141964,15.84058,-0.02608747,-0.028883822
2023-03-16,39.15777,15.867253,-0.011570496,-0.003370305,39.161983,16.327726,-0.004132335,-0.009242058
2023-03-16,39.14523,15.776303,-0.008677872,0.0058383234,39.13641,15.606695,0.0051926873,0.014528604
2023-03-16,39.155777,15.843051,-0.010960125,-0.012844312,39.154167,15.777374,-0.011387978,-0.009344799
2023-03-16,39.158764,15.902538,-0.00023884051,-0.009341317,39.148212,16.012989,0.0045269798,-0.022176547
2023-03-16,39.156773,15.879228,0.010217066,-0.0028130105,39.157463,16.195612,-0.00117789,-0.009038876
2023-03-16,39.148083,15.906678,-0.015312331,-0.010853974,39.143627,15.651445,-0.022290563,-0.007868317
2023-03-16,39.1652,15.914035,0.00034499186,0.0047502723,39.160625,16.14569,0.0048262267,-0.016319485
2023-03-16,39.158165,15.88789,-0.020301443,0.008359418,39.151134,15.7120695,-0.026255958,0.008167036
2023-03-16,39.160755,15.83337,-0.0015657322,0.0012738161,39.141026,15.774246,-0.008748485,-0.0040543512
2023-03-16,39.147617,15.879259,-0.0046971967,-0.011331655,39.13835,16.036295,0.00040537192,-0.00820421
2023-03-16,39.14583,15.877667,-0.0012738161,0.009712847,39.154976,16.018871,-0.00540049,0.00026606917
2023-03-16,39.164536,15.833625,-0.0028130105,0.010562058,39.15135,15.995024,-0.0046898844,0.0037558875
2023-03-16,39.15757,15.862286,-0.0067936857,0.012791236,39.15238,15.87986,-0.008102126,-0.0012622861
2023-03-16,39.156773,15.896997,0.00042460536,0.0029456995,39.15631,16.034798,-0.016654756,-0.006636876
2023-03-16,39.154453,15.870247,0.0071121394,-0.0060240882,39.14822,16.096638,0.008347465,-0.011301641
2023-03-16,39.15372,15.841873,-0.0011676647,-0.0038214482,39.14926,15.880069,-0.011189582,-0.0063990583
2023-03-16,39.14994,15.851713,-0.00029191616,0.0047502723,39.14294,15.802858,-0.0058921175,-0.0056284056
2023-03-16,39.15266,15.886202,-0.010349755,-0.002706859,39.151478,16.059748,-0.011200378,-0.0065353415
2023-03-16,39.15153,15.827956,-0.011782798,-0.013003538,39.136547,15.799462,-0.0022445975,-0.027702238
2023-03-16,39.1514,15.897475,-0.0059710126,-0.002255716,39.141335,15.906994,-0.010262867,0.0025901436
2023-03-16,39.15518,15.920499,-0.009633234,-0.0012207404,39.14203,15.763744,-0.0145189185,-0.009236071
2023-03-16,39.137466,15.853369,-0.0067671477,-0.013189304,39.14096,16.019527,-0.012141265,-0.008013345
2023-03-16,39.155712,15.852669,-0.008040964,-0.0009022864,39.14937,16.118774,-0.0005133284,-0.0059927073
2023-03-16,39.140984,15.899896,-0.0041929777,-0.0019107241,39.134304,16.000477,5.698882e-05,-0.001109511
2023-03-16,39.14251,15.813976,-0.0040868265,-0.008837099,39.14504,15.76721,-0.009692702,-0.011447886
2023-03-16,39.149673,15.855439,-0.0100047635,-0.0006899837,39.140514,16.091013,-0.012994574,-0.001098581
2023-03-16,39.139458,15.883622,-0.013773136,-0.0074305935,39.13469,15.618271,-0.04530276,0.010046173
2023-03-16,39.15518,15.871393,0.0010349755,-0.01151742,39.1506,16.000881,0.0020516624,-0.010841405
2023-03-16,39.151268,15.904131,-0.016479995,-0.0035826077,39.158577,16.037071,-0.00847694,-0.01040176
2023-03-16,39.159294,15.857986,0.007377518,-0.006236391,39.166183,16.052797,-0.010954294,-0.007069117
2023-03-16,39.14881,15.924193,-0.022238705,-0.013136228,39.146133,16.125044,-0.0143982265,-0.020135622
2023-03-16,39.154186,15.869865,0.0012207404,-0.0027333968,39.153538,15.868661,-0.00027302068,-0.00051455054
2023-03-16,39.160423,15.921231,-0.0072448286,-0.0004511432,39.1629,16.24802,-0.00558764,-0.0064416234
2023-03-16,39.14105,15.815983,0.007536745,0.00015922701,39.149254,15.893865,-0.0021202436,-0.018063733
2023-03-16,39.152927,15.894672,-0.0120481765,-0.015391944,39.15937,16.129278,-0.002790984,-0.01648215
2023-03-16,39.14908,15.822893,-0.0029191617,0.0016453457,39.146595,15.950111,0.006287903,0.0034193373
2023-03-16,39.15757,15.826491,-0.019107241,0.0032641536,39.14235,16.068514,-0.021770528,0.0051382757
2023-03-16,39.145893,15.855121,-0.010455906,-0.0026537834,39.151657,15.962982,-0.007474186,-0.016804548
2023-03-16,39.142044,15.858528,-0.0039010616,0.006926375,39.147217,16.045078,0.0061071655,-0.006339299
2023-03-16,39.142113,15.854452,-0.0016984214,-0.009739385,39.141083,16.346617,0.008324713,-0.025058743
2023-03-16,39.158165,15.851872,-0.009978225,-0.013666985,39.148075,15.935423,-0.022120805,-0.025539167
2023-03-16,39.155712,15.877221,-0.0007695972,0.00018576485,39.15872,16.033531,-0.012165338,0.007003389
2023-03-16,39.165264,15.904513,-0.017329207,-0.0016984214,39.172188,15.956446,-0.021997612,0.00016866213
2023-03-16,39.148083,15.851299,-0.011570496,-0.0084655695,39.143085,15.671398,-0.013861017,-0.0059049823
2023-03-16,39.14689,15.90222,-0.0033968429,-0.012711623,39.143272,16.099302,-0.0071278904,-0.0019870796
2023-03-16,39.15334,15.870421,-0.01861629,-0.011280545,39.157883,15.748049,-0.017007407,-0.021182831
2023-03-17,39.149143,15.931422,-0.0024680186,0.0026803212,39.157383,16.12998,-0.0059043784,-0.004525229
2023-03-17,39.143837,15.856617,-0.013348531,0.00029191616,39.14762,16.09931,-0.0066163577,-0.0052948925
2023-03-17,39.14921,15.881456,-0.012233942,-0.0062894667,39.156246,16.008305,-4.046291e-05,-0.0109293675
2023-03-17,39.150936,15.87754,-0.010402831,-0.009341317,39.144024,15.986755,-0.009178737,-0.010427036
2023-03-17,39.156044,15.830217,-0.004325667,0.0031049266,39.15045,16.03218,-0.025631811,-0.0048200903
2023-03-17,39.15432,15.878527,-0.010562058,-0.0034233807,39.161423,16.058498,-0.020107899,0.0027813422
2023-03-17,39.15392,15.832766,-0.024308655,0.009261704,39.14333,15.574494,-0.031192817,0.015707808
2023-03-17,39.16142,15.819773,-0.006873299,0.0036622211,39.164352,15.843041,-0.022279827,-0.0037344121
2023-03-17,39.150204,15.804327,-0.0027599349,0.0071652154,39.16468,15.83775,-0.020148907,0.0059137656
2023-03-17,39.147484,15.850694,-0.00082267285,-0.0034499185,39.159065,15.736404,-0.0070269536,-0.006614204
2023-03-17,39.151134,15.845854,0.0021230266,-0.006926375,39.162415,15.768118,-0.0102221165,-0.00014360847
2023-03-17,39.162014,15.834103,-0.014861187,-0.012127791,39.164368,15.678437,-0.0013545475,-0.012265692
2023-03-17,39.158764,15.7995825,-0.0018311106,0.004644121,39.157387,16.074629,-0.004520133,0.0011336595
2023-03-17,39.16142,15.831141,-0.007669434,0.012154328,39.163048,16.431524,0.009831367,-0.0078022894
2023-03-17,39.145294,15.8562355,-0.013613909,-0.01947877,39.14048,15.828252,-0.015764937,-0.022121442
2023-03-17,39.15631,15.854516,0.0011676647,-0.0073244423,39.155148,16.075901,0.0065888087,-0.008552502
2023-03-17,39.152794,15.850535,7.961351e-05,-0.008730947,39.150604,15.793527,-0.00722217,-0.0012930663
2023-03-17,39.15319,15.849994,-0.017727273,-0.003051851,39.148277,15.841851,-0.0009210852,-0.022351991
2023-03-17,39.15538,15.856172,0.01066821,-0.0011411268,39.14028,15.664793,-0.010326572,0.004426678
2023-03-17,39.14921,15.836459,-0.013348531,0.0041133645,39.136154,16.283945,0.0008033503,0.0010949854
2023-03-17,39.148148,15.838338,0.001114589,0.008412493,39.12869,15.759782,0.000487773,-0.012441488
2023-03-17,39.15644,15.822829,-0.0031580024,0.0040602884,39.145023,15.723481,0.0019064446,-0.0077559925
2023-03-17,39.1583,15.883781,-0.017700735,0.0017780348,39.159645,15.974333,-0.013417147,-0.003313403
2023-03-17,39.140785,15.871393,-0.02120373,-0.022106016,39.138824,15.90132,0.010583684,-0.01605294
2023-03-17,39.157436,15.843943,-0.0045645074,0.0041133645,39.15347,15.736,-0.012763046,0.0058783623
2023-03-17,39.15206,15.812352,-0.01677191,-0.01165011,39.155357,15.846812,-0.010726273,-0.020545445
2023-03-17,39.141647,15.877316,-0.015524633,-0.010137453,39.151497,15.593018,-0.032530632,1.0266509e-05
2023-03-17,39.13926,15.865534,-0.007589821,-0.010349755,39.14021,15.805225,-0.006204251,-0.006577945
2023-03-17,39.157173,15.883463,-0.033994965,-0.0041133645,39.16514,16.003532,-0.028409246,-0.006491359
2023-03-17,39.154053,15.929225,-0.013428144,-0.009580159,39.161385,16.35084,-0.0070147384,0.0014654134
2023-03-17,39.1579,15.875375,-0.02144257,-0.00833288,39.16089,15.887058,-0.02495557,0.0038289758
2023-03-17,39.15611,15.8579235,-0.00034499186,0.0022026403,39.157116,15.66885,-0.0011570647,0.0007241923
2023-03-17,39.14251,15.882794,-0.020646434,-0.014595808,39.15333,15.647588,-0.020127703,-0.016974583
2023-03-17,39.149475,15.810823,-0.011835874,-0.010376293,39.14815,15.825197,-0.008947093,-0.023759909
2023-03-17,39.150536,15.871552,-0.017223055,-0.011066277,39.133904,15.929285,-0.010002807,-0.01883392
2023-03-17,39.146423,15.841236,-0.01066821,-0.0038745238,39.14608,15.9090395,-0.005948794,-0.026421519
2023-03-17,39.139988,15.771876,-0.017913038,-0.018417258,39.13863,16.035696,-0.01116357,-0.0060122893
2023-03-17,39.136738,15.839389,-0.017196517,-0.019558383,39.127724,15.7474985,-0.015051022,-0.020159286
2023-03-17,39.14888,15.932728,-0.019293005,-0.019770687,39.154922,15.907338,-0.018320786,-0.025196617
2023-03-17,39.155315,15.850662,-0.021071041,-7.961351e-05,39.153454,15.946559,-0.011696581,-0.00049798045
2023-03-17,39.14576,15.802926,-0.00063690805,-0.019637998,39.140255,16.060373,-0.0156171955,-0.012732901
2023-03-17,39.163143,15.864897,-0.016002314,0.0010880512,39.15275,15.907942,-0.011554288,-0.018047284
2023-03-17,39.142445,15.904481,-0.0020434132,-0.00031845403,39.144558,15.854427,0.009308846,-0.005259413
2023-03-17,39.16633,15.75347,0.0063425424,0.00053075666,39.16288,15.715096,-0.0013412449,-0.0010686651
2023-03-17,39.1516,15.891711,0.005413718,0.013321993,39.153694,15.773117,-0.0045740586,0.015325675
2023-03-17,39.14377,15.796748,0.00066344586,-0.0033172292,39.164757,15.654893,-0.012320578,0.0022023502
2023-03-17,39.147087,15.850312,-0.004325667,-0.012711623,39.157177,15.82371,-0.005895458,-0.021076094
2023-03-17,39.142445,15.890501,0.0023353293,-0.023857513,39.135914,15.866047,0.003093183,-0.020145921
2023-03-17,39.149475,15.907284,-0.018603021,-0.001114589,39.150494,15.913634,-0.0052941646,-0.0024877475
2023-03-17,39.152596,15.88445,-0.0076163583,-0.0033172292,39.14822,15.719514,-0.0087902425,-0.008879612
2023-03-17,39.142376,15.801366,0.009553621,-0.016533071,39.143986,16.02273,-0.0014052151,-0.016195474
2023-03-17,39.15558,15.810283,-0.024361731,0.00029191616,39.157696,15.712817,-0.023973526,0.008240955
2023-03-17,39.14934,15.807767,0.0005572945,-0.0037949104,39.146744,15.679412,0.0029636507,-0.02470136
2023-03-17,39.142242,15.934894,-0.026750136,-0.01801919,39.139145,15.755626,-0.025239702,-0.035218004
2023-03-17,39.15651,15.853019,-0.014277355,-0.004007213,39.158787,16.019869,-0.003459721,0.0007534582
2023-03-17,39.145363,15.768501,-0.01127858,0.008545183,39.13736,15.724926,-0.0030592934,0.020092623
2023-03-17,39.15478,15.828498,-0.014516195,-0.01188895,39.15325,15.634018,-0.01587537,-0.0026466553
2023-03-17,39.15737,15.882253,-0.0035560697,-0.008253266,39.15957,16.018942,-0.0041089244,-0.011953926
2023-03-17,39.154984,15.863337,0.00514834,-0.002069951,39.159576,16.114302,-0.0011153582,-0.0075404313
2023-03-17,39.14609,15.894768,-0.023247143,-0.0110397395,39.142036,15.605803,-0.034142245,-0.012308321
2023-03-17,39.16414,15.895978,-0.003370305,0.0050421883,39.15754,15.979579,0.004771163,-0.011075993
2023-03-17,39.157837,15.876298,-0.024574034,0.007695972,39.153496,15.932561,-0.0238597,0.010118224
2023-03-17,39.16009,15.816142,-0.004617583,0.0028395483,39.149216,15.812629,0.0024418314,-0.0014249332
2023-03-17,39.145893,15.863847,-0.008040964,-0.009872074,39.13206,15.860681,0.0014386021,-0.0032438026
2023-03-17,39.145626,15.865821,-0.0058648614,0.009261704,39.15016,15.950281,-0.006810623,-0.00058834854
2023-03-17,39.16374,15.817193,-0.006581383,0.010110915,39.14776,15.862325,-0.005956745,0.0034271586
2023-03-17,39.1583,15.845535,-0.010376293,0.012791236,39.1559,15.844579,-0.014311906,-0.0027218643
2023-03-17,39.15538,15.881967,-0.00453797,0.0032641536,39.157314,15.950871,-0.010383148,-0.005608301
2023-03-17,39.153522,15.851904,0.0009288242,-0.0046706586,39.13998,16.009466,0.0025522334,-0.01914936
2023-03-17,39.152992,15.826301,-0.0041133645,-0.0018045728,39.156876,15.87902,-0.012339627,0.004044968
2023-03-17,39.148678,15.83751,-0.0048564235,0.005121802,39.14155,15.853353,-0.0066507775,-0.0052704546
2023-03-17,39.151134,15.873145,-0.013640447,-0.0004511432,39.150143,16.003304,-0.010374,-0.0020924308
2023-03-17,39.149807,15.813753,-0.015922701,-0.013268917,39.12945,15.688463,0.0012473033,-0.037621167
2023-03-17,39.151665,15.886138,-0.009022864,-0.0021230266,39.14856,15.947544,-0.016315527,-0.00094557594
2023-03-17,39.15425,15.905882,-0.014303893,-0.0010615133,39.142353,15.719241,-0.0162107,-0.009681483
2023-03-17,39.13508,15.836809,-0.009633234,-0.012525857,39.12901,16.072916,0.0074509187,-0.01516592
2023-03-17,39.155113,15.840313,-0.011809336,-0.0015922701,39.15497,16.104784,-0.003300463,-0.003189501
2023-03-17,39.14065,15.88445,-0.007032526,-0.0016453457,39.137177,15.872362,0.004110555,-0.0025698836
2023-03-17,39.14065,15.797003,-0.008996326,-0.008253266,39.14435,15.703008,-0.022259792,-0.010774844
2023-03-17,39.14941,15.845631,-0.014940801,-0.0006899837,39.13958,15.955204,-0.023972452,0.0076206396
2023-03-17,39.137997,15.870629,-0.021628335,-0.006899837,39.138767,15.821314,-0.034298465,-0.0040137726
2023-03-17,39.153458,15.857796,-0.004139902,-0.010349755,39.15143,15.905146,0.0010896123,-0.0020801504
2023-03-17,39.14961,15.893017,-0.021548722,-0.0039275996,39.152294,15.99203,-0.008984044,-0.011817243
2023-03-17,39.158962,15.842637,0.002255716,-0.00575871,39.16734,16.053507,-0.009279796,-0.0073468857
2023-03-17,39.147884,15.917888,-0.02598054,-0.013507757,39.137268,16.220945,-0.0052774623,-0.029673548
2023-03-17,39.153587,15.859037,-0.0021230266,-0.0016188079,39.160137,15.803152,0.004180462,-0.0075181588
2023-03-17,39.15956,15.905023,-0.010084377,-0.00018576485,39.165928,16.304647,-0.0054594,-0.010335362
2023-03-17,39.142178,15.810473,0.0050687264,0.0026537834,39.150864,15.862346,-0.010389727,-0.010085997
2023-03-17,39.150867,15.88375,-0.017594583,-0.014728498,39.163425,16.095058,-0.004530987,-0.021492528
2023-03-17,39.14934,15.81162,-0.0053871805,0.0014861188,39.148014,15.852354,-0.002564205,-0.004962741
2023-03-17,39.15631,15.811429,-0.024361731,0.0037152967,39.14986,16.055635,-0.018755902,0.0029567978
2023-03-17,39.1447,15.839867,-0.014967338,-0.0020168754,39.146416,15.897421,-0.0025248018,-0.007513745
2023-03-17,39.142113,15.843561,-0.0069529125,0.008439031,39.15053,16.074963,0.010397752,0.010956908
2023-03-17,39.140587,15.837542,-0.00613024,-0.008412493,39.1362,16.303295,0.007853933,-0.02955865
2023-03-17,39.15664,15.837638,-0.015020414,-0.014277355,39.14749,15.871977,-0.016186988,-0.023952363
2023-03-17,39.154984,15.86254,-0.0019107241,0.0003715297,39.155205,15.985324,0.0026238188,0.004762286
2023-03-17,39.16447,15.8948,-0.023087915,-0.0011676647,39.170074,16.004772,-0.026199043,0.0035029924
2023-03-17,39.146225,15.837032,-0.01568386,-0.006501769,39.14561,15.769813,-0.011010962,-0.0048704227
2023-03-17,39.144432,15.886425,-0.009102477,-0.013003538,39.136616,16.040844,-0.013482694,0.0030572559
2023-03-17,39.151997,15.856166,-0.02342013,-0.01050628,39.154037,15.797281,-0.016756158,-0.026737288
2023-03-19,39.150272,15.905946,-0.0067671477,0.0034233807,39.14909,15.466779,-0.015408615,0.0049765273
2023-03-19,39.14284,15.820696,-0.01995645,-0.00023884051,39.14432,15.644847,-0.019664004,-0.0013640024
2023-03-19,39.146954,15.844803,-0.013958901,-0.0056790966,39.132694,15.9269705,-0.01994694,0.007927457
2023-03-19,39.14888,15.855408,-0.00514834,-0.012101253,39.149567,15.851545,-0.01029725,-0.0022331919
2023-03-19,39.152927,15.776845,-0.009420931,0.0064752316,39.14576,15.984879,-0.0190575,-0.0104344515
2023-03-19,39.157303,15.848051,-0.013693523,-0.0042195157,39.147972,15.827666,-0.004533694,-0.03008544
2023-03-19,39.152393,15.791048,-0.026750136,0.009102477,39.147804,16.05261,-0.0021960496,-0.0062198467
2023-03-19,39.16029,15.781622,-0.006581383,0.0032376158,39.142963,16.115524,0.013042491,-0.005005756
2023-03-19,39.1516,15.769393,-0.0049891127,0.0063690804,39.14881,16.156162,-0.011667471,0.0008856147
2023-03-19,39.14994,15.826938,0.0032641536,-0.0064752316,39.141376,16.268744,0.033029914,-0.017081551
2023-03-19,39.150867,15.802831,0.008624796,-0.011597034,39.148598,15.950791,-0.019030564,-0.01698605
2023-03-19,39.159824,15.794806,-0.01740882,-0.009792461,39.15542,16.052286,-0.010844355,-0.016450008
2023-03-19,39.15956,15.762992,-0.0020434132,0.0014861188,39.135094,15.845189,0.030771747,-0.018027117
2023-03-19,39.161484,15.799136,-0.0065548453,0.013295455,39.14503,15.8772135,0.0030620736,0.014258651
2023-03-19,39.14576,15.829644,-0.007377518,-0.025449783,39.136745,15.7583685,-0.0006304124,-0.013301744
2023-03-19,39.158234,15.810346,-0.0019107241,-0.007855199,39.152905,15.881256,0.010107029,-0.007824935
2023-03-19,39.15153,15.8060465,0.0015391944,-0.007828661,39.150646,16.00069,0.010150814,-0.018349674
2023-03-19,39.151268,15.817798,-0.019133778,-0.006077164,39.151928,15.945355,-0.023310501,0.0036409735
2023-03-19,39.155647,15.832065,0.012101253,-0.0024414808,39.149227,16.037514,-0.008661323,-0.008135183
2023-03-19,39.148415,15.792608,-0.01605539,0.0074571315,39.168247,16.062637,-0.0038811902,-0.010200008
2023-03-19,39.14848,15.810887,-0.0013268917,0.006873299,39.155136,16.018845,0.022410078,0.0075366176
2023-03-19,39.15518,15.792162,-0.0018311106,0.0046971967,39.152664,15.949221,-0.02746807,0.011771195
2023-03-19,39.15591,15.845885,-0.016506532,-0.001433043,39.14895,15.978242,-0.02465004,-0.0024343426
2023-03-19,39.13594,15.819295,-0.018390719,-0.024972102,39.127506,15.704768,-0.01796899,-0.017777713
2023-03-19,39.155247,15.792768,-0.007483669,0.0032906914,39.15132,16.283941,-0.00664257,-0.004434032
2023-03-19,39.149544,15.769106,-0.016718837,-0.015179642,39.13769,16.10607,-0.005449984,-0.016312312
2023-03-19,39.141514,15.846236,-0.018921476,-0.011119353,39.138466,16.043661,-0.005392543,-0.0022042287
2023-03-19,39.139324,15.826014,-0.008412493,-0.009659772,39.137497,15.930728,-0.008635338,-0.00963727
2023-03-19,39.158897,15.863369,-0.036409907,-0.005254491,39.145336,15.9807205,-0.01082789,-0.012971394
2023-03-19,39.15379,15.897124,-0.016400382,-0.011464344,39.152416,16.006886,-0.0019578275,-0.009629729
2023-03-19,39.15651,15.844739,-0.02537017,-0.0071652154,39.151608,16.040392,-0.0109670125,-0.005612469
2023-03-19,39.155514,15.821811,0.0014595808,0.0012207404,39.146034,16.237768,0.00077989075,-0.00618369
2023-03-19,39.14284,15.836459,-0.019266468,-0.018603021,39.14459,16.284376,-0.020057991,-0.015206122
2023-03-19,39.147686,15.754139,-0.013136228,-0.010774361,39.13838,15.802608,-0.008795844,-0.009538777
2023-03-19,39.150406,15.843274,-0.018364182,-0.013136228,39.156933,15.758677,-0.031370416,-0.011981167
2023-03-19,39.146225,15.808849,-0.01226048,-0.0036622211,39.14827,16.007887,-0.004216999,0.0014197376
2023-03-19,39.13601,15.716944,-0.019452233,-0.018974552,39.153183,15.845943,-0.007183971,-0.035713013
2023-03-19,39.133488,15.804391,-0.017063828,-0.024335194,39.152206,15.92671,-0.015974514,-0.009166399
2023-03-19,39.14901,15.895023,-0.01629423,-0.022159092,39.15571,16.117062,-0.009253785,-0.00525049
2023-03-19,39.154984,15.815983,-0.021707948,-0.00082267285,39.149235,15.819192,-0.008238904,-0.0048117894
2023-03-19,39.14689,15.765762,-0.0044052806,-0.023724824,39.144997,15.543182,-0.008189294,-0.019048328
2023-03-19,39.163143,15.832892,-0.014595808,0.0054667937,39.164085,15.984451,-0.0010154836,-0.014822052
2023-03-19,39.142242,15.869419,-0.0010615133,-0.003688759,39.148838,16.04598,-0.010539001,-0.0025000353
2023-03-19,39.16573,15.720573,0.0064752316,0.0013534295,39.1613,16.310751,0.021547075,-0.0052606226
2023-03-19,39.154716,15.866808,0.0019107241,0.016639221,39.14887,16.024418,0.005912917,-0.0070711174
2023-03-19,39.138596,15.745572,-0.0026803212,-0.0020964888,39.127533,15.8906765,-2.7924512e-05,-0.013307842
2023-03-19,39.145496,15.816301,-0.009341317,-0.015551171,39.14033,16.119255,0.020187283,-0.015156404
2023-03-19,39.137203,15.839007,-0.00082267285,-0.030571586,39.13398,15.934045,0.009957409,-0.024884244
2023-03-19,39.150204,15.884896,-0.019133778,-0.0034233807,39.14415,15.762071,-0.012911854,-0.0032111532
2023-03-19,39.150337,15.84665,-0.0084655695,-0.008385955,39.142994,15.87684,0.008056662,-0.004690697
2023-03-19,39.140587,15.756177,0.009553621,-0.016718837,39.146633,15.974097,-0.004847917,-0.015029556
2023-03-19,39.152264,15.761463,-0.026617447,0.00015922701,39.15718,16.396994,0.0012880743,-0.012798628
2023-03-19,39.150272,15.776303,-0.0013003539,-0.00453797,39.159607,16.18943,-0.014340214,0.0033898964
2023-03-19,39.138927,15.883718,-0.02916508,-0.018603021,39.14916,15.999173,-0.035795484,-0.013428918
2023-03-19,39.155315,15.809741,-0.018576484,-0.004431818,39.148163,15.738093,0.0060486915,-0.006278775
2023-03-19,39.149475,15.757737,-0.008677872,0.010562058,39.13899,16.323246,0.0059277834,-0.004671957
2023-03-19,39.154385,15.794996,-0.01740882,-0.011013201,39.158794,16.563612,0.0052374876,-0.019806467
2023-03-19,39.157238,15.833116,-0.0031049266,-0.0063425424,39.144604,16.06679,0.0064132786,-0.010528349
2023-03-19,39.153587,15.820377,0.003343767,-0.0038214482,39.14682,16.037725,0.010048628,-0.0076921186
2023-03-19,39.145958,15.861489,-0.025343632,-0.012711623,39.16265,16.507751,0.004527914,0.00040410607
2023-03-19,39.162945,15.860184,-0.00257417,0.0007695972,39.161446,16.03882,-0.012347082,-0.0034936243
2023-03-19,39.15697,15.847542,-0.02659091,0.006316005,39.16517,15.977874,-0.0019153648,0.016128054
2023-03-19,39.160156,15.7737875,-0.00674061,0.005440256,39.151333,16.04292,-0.007213476,0.0014231798
2023-03-19,39.14337,15.819103,-0.0066609965,-0.00968631,39.13987,15.926231,0.004739735,-0.018247394
2023-03-19,39.145626,15.835026,-0.010747823,0.006501769,39.143208,15.967349,-0.006962781,0.0072783097
2023-03-19,39.161217,15.773883,-0.009633234,0.007483669,39.159187,16.237648,-0.0027297672,-0.00970925
2023-03-19,39.159363,15.81541,-0.013268917,0.0115439575,39.165947,16.263914,-0.0025928023,-0.0066068335
2023-03-19,39.152992,15.841236,-0.011305117,0.0042195157,39.149395,16.079496,-0.008835141,0.00943245
2023-03-19,39.15485,15.820696,-0.0026537834,-0.0074571315,39.155514,15.841664,0.020802082,-0.009329457
2023-03-19,39.151333,15.778501,-0.008226729,0.0013799674,39.144485,15.744555,-0.005354427,-0.012162454
2023-03-19,39.14689,15.795825,-0.0100313015,0.0029987753,39.15917,15.93538,0.0048550162,0.010292094
2023-03-19,39.150604,15.829899,-0.013560833,-0.0003715297,39.14959,15.71213,-0.026089739,-0.0015008891
2023-03-19,39.14888,15.776813,-0.017090365,-0.014330431,39.16664,16.163788,-0.021768933,-0.0019604634
2023-03-19,39.151466,15.847542,-0.013428144,-0.0013003539,39.13444,15.901433,-0.011460807,0.0032149474
2023-03-19,39.154385,15.866521,-0.0146223465,-0.0026537834,39.145416,15.969376,-0.011436377,-0.0010874536
2023-03-19,39.131363,15.79178,-0.010880512,-0.01446312,39.137653,15.930467,-0.0077756364,-0.013299689
2023-03-19,39.155712,15.817034,-0.014489657,-0.0041133645,39.158546,15.7049055,-0.023201182,-0.015103641
2023-03-19,39.14138,15.8416815,-0.0013003539,-0.007297904,39.12655,16.003365,0.014640571,-0.008334202
2023-03-19,39.14065,15.761877,-0.011145891,-0.012127791,39.128124,15.844906,-0.006152571,-0.014075962
2023-03-19,39.14848,15.806843,-0.016108466,-0.005334105,39.152233,16.034292,0.0024774522,-0.01871534
2023-03-19,39.135345,15.833529,-0.025927464,-0.010243604,39.13164,15.566082,-0.030033119,0.0065243146
2023-03-19,39.15452,15.829836,-0.0014595808,-0.010270142,39.133083,15.931501,-0.011650635,-0.013611961
2023-03-19,39.147816,15.851331,-0.022344856,-0.005440256,39.163803,15.951191,-0.032625433,0.0024852692
2023-03-19,39.159492,15.804933,-0.0034499185,-0.0046971967,39.153057,15.60567,-0.013296703,-0.004461626
2023-03-19,39.14523,15.876903,-0.024069816,-0.017169978,39.15186,16.160324,-0.0108671095,-0.005939895
2023-03-19,39.156906,15.84251,-0.004644121,-0.0019107241,39.141647,15.827769,-0.0014848735,-0.007784501
2023-03-19,39.15757,15.859356,-0.011384731,-0.004431818,39.150787,16.023066,-0.01865548,-0.0006991424
2023-03-19,39.148148,15.793723,0.005944475,0.0035295319,39.137836,15.864053,0.0057865707,-0.00051135797
2023-03-19,39.14576,15.845854,-0.015949238,-0.017116902,39.13991,16.130745,-0.024218818,-0.023731383
2023-03-19,39.153057,15.793564,-0.005121802,-0.00031845403,39.144646,16.031221,0.0034627637,-0.012476413
2023-03-19,39.153255,15.758438,-0.025502859,2.6537835e-05,39.158424,15.668072,-0.032795683,0.010369493
2023-03-19,39.1445,15.804105,-0.017435357,-0.0027864727,39.150078,15.847585,-0.027991977,-0.010387966
2023-03-19,39.143505,15.805473,-0.011597034,0.012180866,39.14744,15.86717,-0.012918597,-0.014861479
2023-03-19,39.138927,15.79315,-0.00453797,-0.010084377,39.1635,16.420385,-0.0022728092,-0.0024956414
2023-03-19,39.155247,15.798213,-0.015577708,-0.014489657,39.15174,15.4984865,-0.030920058,-0.005761257
2023-03-19,39.155113,15.81818,-0.003343767,0.0006899837,39.14776,15.744146,-0.013605103,-0.0040451125
2023-03-19,39.16407,15.866936,-0.024202505,-0.0030253131,39.170635,16.127066,0.0006828036,-0.012645963
2023-03-19,39.1445,15.801716,-0.01616154,-0.0054933317,39.148373,15.800039,-0.006932849,-0.008727007
2023-03-19,39.143436,15.854484,-0.011942025,-0.0151265655,39.156075,16.016857,-0.008935884,-0.0071092336
2023-03-19,39.150852,15.819476,-0.024103971,-0.011421835,39.156082,15.993441,-0.01531272,0.0039650328
2023-03-26,39.15047,15.85426,-0.01324238,-0.00026537833,39.155613,15.847066,-0.013865653,0.0008730288
2023-03-26,39.14251,15.791907,-0.02733397,0.00034499186,39.14124,15.8355,-0.022446252,0.0039587277
2023-03-26,39.147022,15.8049965,-0.019876838,-0.01446312,39.149837,15.814099,-0.021540567,-0.016340623
2023-03-26,39.147552,15.829199,-0.01090705,-0.017355744,39.150726,16.019709,-0.0029983206,-0.016237928
2023-03-26,39.155514,15.751209,-0.024839412,0.0046706586,39.15261,15.817449,-0.028096803,0.013055399
2023-03-26,39.159893,15.821619,-0.015206179,-0.010853974,39.155407,15.841113,-0.010103278,-0.022539757
2023-03-26,39.15598,15.758088,-0.031208493,0.009235166,39.14574,15.74397,-0.013629349,0.017786132
2023-03-26,39.16089,15.72414,-0.011570496,-0.0037152967,39.153812,15.996722,-0.0053160265,-0.0052042506
2023-03-26,39.15969,15.746942,-0.014516195,-0.0030783887,39.157394,15.714985,-0.008088402,-0.0032408438
2023-03-26,39.155315,15.802258,-0.00039806752,-0.01151742,39.155254,16.115318,0.009616113,-0.020791521
2023-03-26,39.14364,15.741974,-0.0005572945,-0.027891263,39.147118,15.969913,0.0065506403,-0.03049798
2023-03-26,39.16082,15.762132,-0.018443795,-0.003343767,39.165493,15.893757,-0.011956785,-0.009277194
2023-03-26,39.15777,15.696021,-0.005785248,-0.0050156508,39.145782,15.506271,-0.00943353,-0.0021408885
2023-03-26,39.16394,15.754457,-0.012977001,0.0009022864,39.16969,15.824396,-0.029701293,0.002934787
2023-03-26,39.144432,15.804773,-0.00809404,-0.026272455,39.15185,15.89735,-0.008233198,-0.020611776
2023-03-26,39.1581,15.7799015,-0.01409159,-0.010110915,39.157448,15.695039,-0.02251863,-0.009594668
2023-03-26,39.155247,15.750859,-0.0013003539,-0.005917937,39.1569,15.814319,-0.004799852,-0.006871577
2023-03-26,39.151333,15.781303,-0.020805662,-0.014356968,39.149105,15.859045,-0.027779609,-0.016278284
2023-03-26,39.15631,15.773278,0.0010349755,-0.0026537834,39.15937,15.823063,0.00033652622,-0.014441812
2023-03-26,39.144897,15.734617,-0.013587371,0.0050421883,39.148705,15.824907,-0.023561986,-0.0038954797
2023-03-26,39.153522,15.763438,-0.0016453457,7.961351e-05,39.148335,15.812848,-0.0129013285,0.015583111
2023-03-26,39.159096,15.763406,-0.00079613505,0.0075632827,39.15684,15.992151,0.008999629,-0.0025798487
2023-03-26,39.1516,15.795856,-0.021124115,-0.0054667937,39.155483,15.782309,-0.0192391,-0.0038311095
2023-03-26,39.12964,15.783691,-0.028209718,-0.028130105,39.122177,15.775857,-0.028801695,-0.020222344
2023-03-26,39.155647,15.743439,-0.017329207,-0.004458356,39.161453,15.67848,-0.023437224,0.00526295
2023-03-26,39.147152,15.739649,-0.021654872,-0.02144257,39.149986,15.688146,-0.025728438,-0.016406015
2023-03-26,39.144764,15.818371,-0.03333152,-0.018364182,39.14257,15.971146,-0.020477071,-0.01870878
2023-03-26,39.142643,15.833242,-0.010110915,-0.004803348,39.145245,15.849339,-0.0041811476,-0.006247164
2023-03-26,39.151268,15.79885,-0.037577573,-0.01923993,39.145103,15.889132,-0.034989774,-0.012992827
2023-03-26,39.153587,15.890946,-0.034021504,-0.021601798,39.155617,15.863583,-0.039328706,-0.025748827
2023-03-26,39.152927,15.782131,-0.028236255,-0.008253266,39.15781,15.802772,-0.033648722,-0.0053741666
2023-03-26,39.1583,15.794869,-0.0039010616,-0.0069529125,39.160473,15.882099,-0.0034920985,-0.0030847606
2023-03-26,39.140057,15.818307,-0.02781165,-0.029271232,39.149254,15.894393,-0.016520185,-0.036727224
2023-03-26,39.14364,15.695862,-0.013401606,-0.014648885,39.14126,15.659945,-0.019968862,-0.01197051
2023-03-26,39.14722,15.823849,-0.02733397,-0.018072264,39.145008,15.69392,-0.02620985,-0.02063476
2023-03-26,39.147354,15.782163,-0.008837099,-0.0029987753,39.134274,16.052324,0.010261679,-0.007903492
2023-03-26,39.13269,15.65959,-0.021893714,-0.01764766,39.133408,15.900495,-0.0047536986,-0.016036022
2023-03-26,39.12393,15.761399,-0.018443795,-0.037046816,39.11993,15.506656,-0.02540068,-0.032566506
2023-03-26,39.1376,15.875152,-0.019452233,-0.030783888,39.14604,15.685838,-0.024754101,-0.030289708
2023-03-26,39.153126,15.773119,-0.026856288,-0.0030253131,39.1526,16.001228,-0.022935653,-0.0044472045
2023-03-26,39.147686,15.7585335,-0.017196517,-0.02818318,39.14246,15.773629,-0.009255756,-0.023878943
2023-03-26,39.166725,15.808245,-0.016639221,0.010800899,39.165516,15.778698,-0.0118220635,0.003360122
2023-03-26,39.142574,15.8016205,-0.009659772,-0.017143441,39.145233,15.903904,-0.01601929,-0.017745955
2023-03-26,39.16666,15.659399,-0.0029456995,0.0069529125,39.168076,15.632344,-0.015465384,0.012627371
2023-03-26,39.150337,15.780252,0.0031049266,0.011305117,39.151176,15.795335,-0.012661008,0.015832813
2023-03-26,39.140385,15.717198,-0.011172428,0.0042195157,39.159374,15.912818,-0.012614081,0.009057673
2023-03-26,39.137466,15.781877,-0.024892488,-0.02391059,39.143005,15.891689,-0.018609647,-0.028158957
2023-03-26,39.136272,15.816142,-0.011490882,-0.03566685,39.133125,15.892776,-0.017297296,-0.036266003
2023-03-26,39.149544,15.854675,-0.011172428,-0.0064752316,39.157284,15.847617,-0.01145803,-0.007273371
2023-03-26,39.146225,15.790825,-0.0074571315,-0.009553621,39.156338,15.951826,-0.0069298726,-0.02021874
2023-03-26,39.142776,15.745572,0.0046971967,-0.019001089,39.145042,15.718162,0.005713797,-0.016741173
2023-03-26,39.15392,15.735827,-0.03051851,-0.009872074,39.153255,15.683108,-0.038394846,-0.010440723
2023-03-26,39.15014,15.73535,-0.01446312,-0.0046971967,39.15337,15.938279,-0.007818797,-0.0041210293
2023-03-26,39.13342,15.854324,-0.028475096,-0.035746463,39.131416,16.191858,-0.01413027,-0.032774653
2023-03-26,39.14941,15.739458,-0.020301443,-0.011411269,39.150757,15.616443,-0.021220215,-0.015416024
2023-03-26,39.158962,15.750604,-0.015391944,0.012844312,39.155334,15.867047,-0.0145772975,0.00037773847
2023-03-26,39.157173,15.781207,-0.025078254,-0.004511432,39.16162,15.774927,-0.027155899,-0.005303412
2023-03-26,39.14994,15.762419,-0.006422156,-0.011384731,39.15293,15.798688,-0.00034145845,-0.013039841
2023-03-26,39.15538,15.761591,-0.0048829615,-0.009420931,39.148457,16.058884,-0.011967743,-0.01409061
2023-03-26,39.150204,15.857446,-0.03664875,-0.015338868,39.14824,15.810852,-0.039078873,-0.015343796
2023-03-26,39.1646,15.790379,-0.011119353,-0.0006103702,39.163548,15.808866,-0.027059823,-0.0050304453
2023-03-26,39.156708,15.775188,-0.02462711,-0.0019637998,39.158165,15.753146,-0.027232066,0.0021188757
2023-03-26,39.161617,15.703823,-0.013746598,0.0032641536,39.1567,15.578376,-0.018685987,-0.0055155396
2023-03-26,39.13906,15.785284,-0.012605472,-0.010853974,39.131435,15.649924,-0.013491057,-0.023863846
2023-03-26,39.15014,15.792831,-0.009951687,0.0024945564,39.148624,15.777866,-0.015912287,0.0025890074
2023-03-26,39.16102,15.697709,-0.0105355205,0.0010880512,39.163544,15.624453,-0.011972213,0.0046107653
2023-03-26,39.16281,15.765412,-0.01801919,0.00029191616,39.163506,15.805812,-0.02565492,-0.002245571
2023-03-26,39.15505,15.815123,-0.021283343,-0.0024945564,39.158577,15.8692045,-0.028992407,-0.0034158598
2023-03-26,39.163406,15.787863,-0.015206179,-0.013162766,39.160526,15.604603,-0.019214263,-0.008951353
2023-03-26,39.14961,15.719109,-0.0120481765,0.003051851,39.15483,15.721353,-0.0149282925,-0.0030664462
2023-03-26,39.1512,15.734331,-0.008518645,0.0012207404,39.144444,15.82362,-0.009137032,-0.011743886
2023-03-26,39.14682,15.792513,-0.016559608,-0.0016984214,39.1429,15.778322,-0.024423065,0.0032027005
2023-03-26,39.148945,15.737898,-0.023963664,-0.010217066,39.14134,15.910061,-0.009180765,-0.0291232
2023-03-26,39.148613,15.789455,-0.017461894,-0.0019637998,39.157635,15.827434,-0.009223247,-0.009747283
2023-03-26,39.154915,15.818052,-0.025210943,-0.003051851,39.156254,15.97352,-0.013452783,-0.0062729637
2023-03-26,39.135014,15.807321,-0.0237779,-0.01876225,39.129505,15.976736,-0.028157469,-0.020847756
2023-03-26,39.15644,15.801716,-0.01873571,-0.016002314,39.14317,15.879808,-0.014486268,-0.013481248
2023-03-26,39.146423,15.834293,-0.0032641536,-0.009978225,39.147915,15.75859,-0.0008951148,-0.014496444
2023-03-26,39.142776,15.761368,-0.027599348,-0.019452233,39.137768,15.772387,-0.032678995,-0.016701013
2023-03-26,39.144962,15.737739,-0.013587371,-0.017143441,39.146244,15.863839,-0.0150059,-0.012220488
2023-03-26,39.131695,15.783405,-0.029934676,-0.01998299,39.13219,15.695113,-0.028184522,-0.026135912
2023-03-26,39.155846,15.798308,-0.015285793,-0.0068467613,39.15794,15.865455,-0.009349107,-0.024026316
2023-03-26,39.146027,15.807416,-0.023459446,-0.012817774,39.146515,15.973322,-0.02724471,-0.00836362
2023-03-26,39.16029,15.742929,-0.011968563,-0.01005784,39.167397,15.847669,-0.009520441,-0.013918192
2023-03-26,39.148148,15.882922,-0.031235032,-0.023512522,39.142315,15.7933855,-0.033309605,-0.012950973
2023-03-26,39.15664,15.810442,-0.017196517,-0.0029456995,39.153267,15.758204,-0.01924152,0.0044977586
2023-03-26,39.152264,15.772132,-0.0178865,-0.008837099,39.152454,15.935658,-0.013976902,-0.014757372
2023-03-26,39.150604,15.760763,-0.004458356,0.0013799674,39.156357,15.849288,-0.004471846,0.015006924
2023-03-26,39.142975,15.804773,-0.02449442,-0.021230267,39.149616,15.618627,-0.050049257,-0.017378978
2023-03-26,39.157505,15.756623,-0.0016188079,-0.013401606,39.15692,15.771687,0.0020813413,-0.0120860245
2023-03-26,39.14855,15.705256,-0.028581247,-0.0079613505,39.155678,15.724862,-0.030616704,-0.007425102
2023-03-26,39.145695,15.752706,-0.010933587,-0.00514834,39.147205,15.676793,-0.01962464,0.00077290233
2023-03-26,39.14576,15.734681,-0.004431818,0.010084377,39.146957,15.647731,-0.011010505,0.007852733
2023-03-26,39.137535,15.781877,-0.0013534295,-0.01446312,39.129875,15.781251,-0.012758246,-0.015270406
2023-03-26,39.157505,15.763151,-0.022902152,-0.011915487,39.152004,15.578191,-0.03490184,-0.016944915
2023-03-26,39.15047,15.75191,-0.011225504,-0.009208629,39.15251,15.840736,-0.007993634,-0.009897187
2023-03-26,39.15969,15.818435,-0.023751361,-0.013958901,39.15762,15.881437,-0.044034977,-0.013984691
2023-03-26,39.146423,15.77729,-0.022583697,-0.0016453457,39.146942,15.618512,-0.012706067,-0.009325515
2023-03-26,39.14284,15.838497,-0.02818318,-0.02584785,39.140385,15.8283825,-0.022194985,-0.027428927
2023-03-26,39.148945,15.787011,-0.02696932,-0.01362595,39.1489,15.753125,-0.029728845,-0.0060777566
2023-03-31,39.146755,15.821683,-0.00968631,-0.0014595808,39.14051,15.780217,-0.006626919,0.00936714
2023-03-31,39.148148,15.804646,-0.031049266,0.0022822537,39.161945,15.931823,-0.034221463,0.0020376141
2023-03-31,39.152195,15.790219,-0.021283343,-0.012233942,39.157314,16.38967,-0.018034475,-0.0019789333
2023-03-31,39.14888,15.788404,-0.015896162,-0.016639221,39.14543,15.851675,-0.02544884,-0.0010008219
2023-03-31,39.160557,15.760667,-0.02523748,0.0016188079,39.151554,15.946433,-0.02162734,-0.0072077266
2023-03-31,39.16414,15.791111,-0.0125789335,-0.010588596,39.170837,16.228418,-0.019861959,-0.005691877
2023-03-31,39.161285,15.748343,-0.03269461,0.010084377,39.15654,15.862375,-0.017955542,0.005115825
2023-03-31,39.16354,15.700766,-0.011676647,-0.0053606424,39.16477,16.053268,-0.0017141376,-0.003997833
2023-03-31,39.160755,15.7025175,-0.015551171,-0.0074305935,39.144375,15.88636,-0.011190491,-0.020628959
2023-03-31,39.157436,15.764266,-0.0042195157,-0.010429369,39.14806,16.148462,0.010962814,-0.009304738
2023-03-31,39.14523,15.727994,-0.0019107241,-0.03258846,39.139267,15.915137,-0.0064196447,-0.014362302
2023-03-31,39.163074,15.741178,-0.017594583,-0.0018045728,39.16958,16.328346,-0.022268774,0.0014571041
2023-03-31,39.153988,15.617427,-0.001751497,-0.0074305935,39.13318,15.613749,0.02070889,-0.012242454
2023-03-31,39.16447,15.70532,-0.009155553,-0.007297904,39.167564,15.887047,-0.0026123284,0.0009053606
2023-03-31,39.152264,15.806174,-0.010880512,-0.018523408,39.156452,15.752377,-0.008763932,-0.018975252
2023-03-31,39.1583,15.768724,-0.013136228,-0.014330431,39.14857,15.78016,-0.00024804354,-0.0390075
2023-03-31,39.16188,15.722994,-0.005413718,-0.006528307,39.14534,15.948437,-0.013893146,-0.0049325605
2023-03-31,39.151466,15.743375,-0.02008914,-0.0095005445,39.14171,16.22725,0.010110471,-0.011083024
2023-03-31,39.15903,15.729523,-0.0038745238,-0.003343767,39.162872,15.757197,-0.008348978,-0.0048177172
2023-03-31,39.149742,15.720924,-0.012419706,0.0009022864,39.141895,15.910899,-0.015736938,0.007782105
2023-03-31,39.159626,15.720192,-0.005891399,0.001433043,39.14535,15.881347,0.012403311,-0.008668645
2023-03-31,39.16387,15.745828,-0.00023884051,0.009633234,39.160233,15.9414625,-0.0069248965,0.0013256163
2023-03-31,39.155514,15.788628,-0.021362957,-0.004431818,39.151104,15.884161,-0.012413343,-0.0072662677
2023-03-31,39.132824,15.785634,-0.028050492,-0.025529396,39.14094,15.953381,-0.017291375,-0.031177552
2023-03-31,39.15644,15.706721,-0.018443795,-0.004007213,39.15413,15.636256,-0.017246252,-0.005240436
2023-03-31,39.148945,15.721498,-0.022981765,-0.019717611,39.143974,15.764913,-0.021812357,-0.011856479
2023-03-31,39.147617,15.773374,-0.030306207,-0.016878063,39.15032,15.882963,-0.01687139,-0.012432118
2023-03-31,39.14231,15.820982,-0.01263201,-0.001751497,39.144882,15.878072,-0.02042241,-0.003133995
2023-03-31,39.15107,15.796047,-0.036781438,-0.02144257,39.161797,16.109503,-0.018736325,-0.026184633
2023-03-31,39.153854,15.881616,-0.036224145,-0.017063828,39.154175,16.016031,-0.041370198,-0.006954324
2023-03-31,39.15478,15.772705,-0.030014291,-0.0048564235,39.15157,15.976456,-0.0067425314,-0.016330196
2023-03-31,39.162212,15.750859,-0.006581383,-0.007536745,39.172623,16.079733,0.015736386,-0.017929964
2023-03-31,39.143173,15.819613,-0.027997416,-0.026245918,39.136833,15.794126,-0.02075698,-0.016744126
2023-03-31,39.150272,15.67978,-0.014011976,-0.014516195,39.14065,16.04213,-0.012223329,-0.031457268
2023-03-31,39.14682,15.792927,-0.026166305,-0.015657322,39.14602,15.845182,-0.016699439,-0.021352315
2023-03-31,39.15558,15.776813,-0.009845536,-0.0022822537,39.13548,15.978704,-0.002872456,-0.002579858
2023-03-31,39.1374,15.660864,-0.023857513,-0.013746598,39.137737,15.718836,-0.019767197,-0.01924929
2023-03-31,39.12745,15.750318,-0.016028851,-0.03136772,39.136555,15.771299,-0.011852769,-0.03496318
2023-03-31,39.135014,15.84407,-0.01934608,-0.031845402,39.12786,15.732972,-0.021059467,-0.019135538
2023-03-31,39.151333,15.7320385,-0.02510479,-0.0048829615,39.148075,15.829891,-0.019718496,0.0033810525
2023-03-31,39.14855,15.758056,-0.023326756,-0.02253062,39.150764,15.506773,-0.027234808,-0.013445226
2023-03-31,39.173294,15.786398,-0.0178865,0.01090705,39.17017,15.704378,-0.026536118,-0.0017060902
2023-03-31,39.146755,15.794646,-0.014648885,-0.019452233,39.136982,16.04579,-0.0077432664,-0.01245339
2023-03-31,39.165333,15.595963,-0.005811786,0.006077164,39.175472,15.822986,-0.00451223,-0.0035008616
2023-03-31,39.156708,15.771559,0.0019903376,0.011092815,39.148106,15.844786,-0.009628613,0.0066057923
2023-03-31,39.147686,15.694779,-0.012685085,0.0061833155,39.144005,15.674574,-0.012898857,-0.0030776286
2023-03-31,39.144634,15.778596,-0.025582472,-0.017992651,39.155273,16.03057,-0.014715662,-0.014744737
2023-03-31,39.13906,15.7978945,-0.013932363,-0.03603838,39.142467,15.963641,-0.016774701,-0.01966515
2023-03-31,39.150204,15.806206,-0.010402831,-0.005891399,39.155952,15.942545,-0.008448449,-0.007637737
2023-03-31,39.143505,15.749999,-0.009102477,-0.007510207,39.141678,15.772757,-0.018942349,-0.017151445
2023-03-31,39.149742,15.714873,-0.0019637998,-0.013268917,39.143604,15.72465,-0.012935534,-0.017647516
2023-03-31,39.157837,15.713218,-0.025900926,-0.010455906,39.174297,15.626203,-0.026651256,-0.013006273
2023-03-31,39.14583,15.695862,-0.017966114,-0.0018576484,39.144966,16.083149,0.006376218,-0.005802848
2023-03-31,39.136936,15.899385,-0.02781165,-0.037418347,39.14612,15.772194,-0.034969553,-0.023547746
2023-03-31,39.142242,15.712262,-0.017010752,-0.012393168,39.1485,15.952646,-0.01778722,-0.01114645
2023-03-31,39.16009,15.705575,-0.014887725,0.01703729,39.168144,15.687086,-0.029481106,0.013693878
2023-03-31,39.16467,15.770539,-0.026829751,-0.0050952644,39.15424,15.875817,-0.0031648309,-0.015062642
2023-03-31,39.14941,15.741688,-0.007934812,-0.012366631,39.140247,15.763584,-0.010216506,-0.008128823
2023-03-31,39.158962,15.734203,-0.0073244423,-0.006395618,39.15435,15.785525,-0.02163048,0.004533583
2023-03-31,39.14629,15.825632,-0.039992515,-0.0151531035,39.142498,15.839504,-0.034334697,-0.011080276
2023-03-31,39.164005,15.754967,-0.009898612,-0.003343767,39.161858,16.021416,-0.018575152,-0.008766148
2023-03-31,39.15266,15.752356,-0.018841863,-0.0015126566,39.152218,15.755407,-0.008898102,-0.013564023
2023-03-31,39.162678,15.6608,-0.011145891,0.0010349755,39.160946,16.113403,-0.013346013,-0.0058055283
2023-03-31,39.145496,15.785252,-0.01815188,-0.010747823,39.14803,15.870866,-0.00016557073,-0.011053823
2023-03-31,39.150406,15.762419,-0.007881736,-0.0021761025,39.162117,16.211632,-0.012784554,-0.016382467
2023-03-31,39.160423,15.653443,-0.012525857,0.0008757485,39.151543,15.766577,-0.017962461,-0.00014353397
2023-03-31,39.16135,15.728121,-0.016320769,0.0012738161,39.150257,16.026182,-0.008268142,-0.0145268375
2023-03-31,39.159428,15.782736,-0.021495646,-0.006528307,39.153843,15.993276,-0.0038818375,-0.022251857
2023-03-31,39.16135,15.727325,-0.014701961,-0.013799674,39.145107,15.862361,-0.020807093,-0.013709634
2023-03-31,39.15206,15.713758,-0.014755036,0.0040602884,39.15254,15.897972,-0.02660954,0.005758896
2023-03-31,39.154583,15.72,-0.014728498,0.0055198697,39.149315,15.635705,-0.0020004588,-0.008688605
2023-03-31,39.145428,15.763597,-0.015710399,0.0018576484,39.146942,15.71143,-0.027692985,0.0031660232
2023-03-31,39.15452,15.73828,-0.026245918,-0.00674061,39.14663,15.98503,-0.029660083,-0.0032493197
2023-03-31,39.14722,15.761559,-0.01677191,-0.0018576484,39.147873,15.908854,-0.010078091,0.0050660665
2023-03-31,39.149742,15.741337,-0.025555935,-0.005307567,39.145702,15.718871,-0.0109402295,-0.0039953073
2023-03-31,39.143173,15.823371,-0.02855471,-0.020487208,39.155018,15.660513,-0.02303096,-0.021472316
2023-03-31,39.15372,15.764266,-0.012711623,-0.01677191,39.153896,15.903067,-0.006965149,0.0013594121
2023-03-31,39.14908,15.798213,-0.007005988,-0.008916712,39.163414,16.055962,-0.010359859,-0.008293284
2023-03-31,39.142708,15.736975,-0.027625885,-0.01873571,39.1313,15.894757,-0.006974738,-0.032761887
2023-03-31,39.142975,15.687837,-0.011464344,-0.021601798,39.1414,15.747564,-0.0063593984,-0.017355477
2023-03-31,39.133156,15.75261,-0.028660862,-0.013905825,39.141533,15.928372,-0.02936693,-0.008841111
2023-03-31,39.16009,15.769011,-0.02133642,-0.006581383,39.161144,16.308355,0.0018494662,-0.016571963
2023-03-31,39.14934,15.795156,-0.020752586,-0.012154328,39.156387,15.738369,-0.0061789528,-0.016434738
2023-03-31,39.160423,15.700448,-0.009235166,-0.012446244,39.148117,15.903651,-0.015575636,-0.0074137305
2023-03-31,39.152725,15.8942585,-0.030810425,-0.01876225,39.14064,15.677383,-0.011464151,-0.021719966
2023-03-31,39.15485,15.768692,-0.018948013,-0.0037683726,39.15111,15.895383,-0.014958167,-0.004944148
2023-03-31,39.153255,15.754935,-0.019452233,-0.011756261,39.14709,15.664521,-0.023430113,-0.010888993
2023-03-31,39.14848,15.703568,-0.009898612,0.0031314644,39.15694,16.055466,0.007206185,0.002945214
2023-03-31,39.145496,15.768055,-0.023724824,-0.019213391,39.155083,15.953764,-0.031342007,-0.020336276
2023-03-31,39.158764,15.712868,0.0017249592,-0.013268917,39.13693,15.629606,-0.006463009,-0.020984316
2023-03-31,39.150337,15.680353,-0.023539059,-0.0069794506,39.143272,15.800487,-0.022975862,-0.01650333
2023-03-31,39.149673,15.742897,-0.009712847,-0.0020964888,39.135723,15.697548,-0.0013780694,-0.009084602
2023-03-31,39.150867,15.709269,-0.0031314644,0.007032526,39.140984,15.758816,-0.0066378117,-0.0025457297
2023-03-31,39.14085,15.75484,-0.0016453457,-0.008677872,39.122635,15.79953,0.0058303466,-0.024818093
2023-03-31,39.156708,15.750731,-0.025954003,-0.008916712,39.13585,15.843071,-0.012490418,-0.018321287
2023-03-31,39.157104,15.772513,-0.013507757,-0.009102477,39.159718,16.029951,-0.0011436145,-0.0068076304
2023-03-31,39.160156,15.807608,-0.016347306,-0.0100313015,39.152363,15.949908,-0.013895985,-0.013845632
2023-03-31,39.147152,15.71688,-0.02008914,0.0009818999,39.160236,16.026665,-0.0045197234,0.0093719065
2023-03-31,39.142376,15.81127,-0.02794434,-0.028475096,39.144405,15.982336,-0.0401294,-0.013767938
2023-03-31,39.150387,15.762576,-0.026019854,-0.011235333,39.14474,15.973273,-0.020713568,-0.012254803
2023-04-15,39.140057,15.713663,-0.031288106,0.012764698,39.147903,15.630845,-0.023385657,0.0032162438
2023-04-15,39.15505,15.743056,-0.037391808,0.0009818999,39.158222,15.882615,-0.03810179,-0.00614893
2023-04-15,39.147816,15.734522,-0.04983805,-0.0017780348,39.153122,15.827476,-0.024830382,-0.002996082
2023-04-15,39.145695,15.655386,-0.056711353,-0.0014065052,39.14239,15.873389,-0.044851538,-0.0075794407
2023-04-15,39.160355,15.716848,-0.05166916,-0.0049891127,39.15234,15.787456,-0.05051654,-0.005424702
2023-04-15,39.15518,15.630387,-0.025051715,-0.005334105,39.157936,15.722553,-0.020841133,-0.0017283441
2023-04-15,39.15173,15.632808,-0.04545931,0.0021761025,39.16614,15.7984495,-0.037219077,0.0018017996
2023-04-15,39.15684,15.572875,-0.017674198,-0.005732172,39.156307,15.793155,-0.018023329,-0.008449476
2023-04-15,39.158764,15.604402,-0.035109553,-0.0038214482,39.155743,15.7450485,-0.04406619,-0.0075916885
2023-04-15,39.148148,15.6424885,-0.01568386,-0.011809336,39.153374,15.648757,-0.015419841,-0.017944008
2023-04-15,39.14609,15.62093,-0.031075804,-0.03492379,39.143402,15.648781,-0.037625372,-0.020928206
2023-04-15,39.17555,15.675576,-0.029616224,-0.0071386774,39.18844,15.798193,-0.030322924,-0.00815829
2023-04-15,39.14609,15.484472,-0.0115439575,-0.0059710126,39.14198,15.672043,-0.0041291537,-0.0021707895
2023-04-15,39.163406,15.596982,-0.022026403,0.003954137,39.163353,15.53398,-0.030302096,-0.0011161383
2023-04-15,39.153126,15.797162,-0.029881602,-0.010694747,39.163635,15.804011,-0.033612024,-0.015112598
2023-04-15,39.161617,15.699906,-0.026882825,-0.018390719,39.156223,15.735769,-0.027310874,-0.020287834
2023-04-15,39.152527,15.593128,-0.016851524,-0.0036356833,39.15493,15.705357,-0.023836918,-0.009714407
2023-04-15,39.153255,15.71016,-0.026192842,0.0014065052,39.153866,15.661825,-0.020834412,0.004071019
2023-04-15,39.147022,15.574818,-0.037099894,-0.009235166,39.140877,15.633866,-0.029270854,-0.0090374155
2023-04-15,39.14855,15.611185,-0.026856288,0.015285793,39.1483,15.475016,-0.02507754,0.018617759
2023-04-15,39.152992,15.661946,-0.023937127,0.004829886,39.152935,15.515733,-0.021542294,0.00016212424
2023-04-15,39.149673,15.573098,-0.015100027,0.0023087915,39.144012,15.740829,-0.008728915,-0.0055491826
2023-04-15,39.15518,15.699874,-0.035560697,-0.0031845402,39.15527,15.747956,-0.034256943,-0.006521367
2023-04-15,39.125725,15.653603,-0.04904192,-0.024441345,39.122536,15.643543,-0.05353611,-0.024838869
2023-04-15,39.1447,15.602618,-0.0399129,-0.0033968429,39.148582,15.624115,-0.03820617,-0.0033938116
2023-04-15,39.14682,15.575582,-0.02964276,-0.021017965,39.143482,15.559697,-0.029955767,-0.01986045
2023-04-15,39.129906,15.679302,-0.02720128,-0.013401606,39.133312,15.56863,-0.023131585,-0.010946927
2023-04-15,39.138462,15.725478,-0.030093905,-0.014144666,39.12634,15.751494,-0.027771324,-0.01843172
2023-04-15,39.133488,15.600198,-0.027758574,-0.021071041,39.132904,15.535974,-0.024513349,-0.023512317
2023-04-15,39.137997,15.77124,-0.057560563,-0.022451008,39.12166,16.163414,-0.03917396,-0.032303754
2023-04-15,39.1516,15.678761,-0.05135071,0.011570496,39.158157,15.755378,-0.06263541,0.011395574
2023-04-15,39.148346,15.6197195,-0.026272455,-0.0058383234,39.15173,15.601147,-0.021104587,-0.010603397
2023-04-15,39.13123,15.699906,-0.029695837,-0.02598054,39.136444,15.706745,-0.027942285,-0.01764821
2023-04-15,39.14961,15.564341,-0.016718837,-0.010827436,39.15523,15.573398,-0.017737908,-0.012502657
2023-04-15,39.137867,15.623509,-0.044424336,-0.012844312,39.144943,15.669762,-0.041453537,-0.010502259
2023-04-15,39.155445,15.673538,-0.02330022,-0.00095536205,39.15814,15.533494,-0.02249257,-0.0013492912
2023-04-15,39.13342,15.569435,-0.03258846,-0.01029668,39.13452,15.498322,-0.023328295,-0.01157647
2023-04-15,39.13959,15.642426,-0.04346897,-0.028740475,39.142654,15.547798,-0.04514689,-0.03463606
2023-04-15,39.129505,15.722835,-0.033411134,-0.024282118,39.12442,15.630953,-0.037656844,-0.029911704
2023-04-15,39.13541,15.572269,-0.049917668,0.00575871,39.135906,15.483644,-0.047050253,0.008589363
2023-04-15,39.150074,15.618478,-0.023061378,-0.019080702,39.135983,15.772622,-0.022699181,-0.022322938
2023-04-15,39.171238,15.673156,-0.025900926,-0.0053606424,39.165283,15.731594,-0.011198752,-0.01747639
2023-04-15,39.138527,15.6869135,-0.053234894,-0.019001089,39.13598,15.719399,-0.04964106,-0.022812022
2023-04-15,39.143837,15.452117,-0.01727613,0.012313555,39.14176,15.667673,-0.017066466,0.0076253708
2023-04-15,39.16102,15.791812,-0.017859962,0.010163991,39.170494,15.618295,-0.019529473,0.0094718635
2023-04-15,39.157303,15.65666,-0.026829751,0.01005784,39.1574,15.862274,-0.023582404,-0.00019307474
2023-04-15,39.142776,15.692231,-0.042195156,-0.008279804,39.15122,15.877182,-0.036533765,-0.017123843
2023-04-15,39.1445,15.683028,-0.03516263,-0.031049266,39.136566,15.6008,-0.042965032,-0.029636342
2023-04-15,39.134216,15.634783,-0.034897253,0.003211078,39.141014,15.769225,-0.038955588,-3.392661e-05
2023-04-15,39.139523,15.628222,-0.034260344,2.6537835e-05,39.138668,15.767844,-0.034493003,0.0008375119
2023-04-15,39.156178,15.627362,-0.024361731,-0.023618672,39.160275,15.786626,-0.0060680984,-0.021851165
2023-04-15,39.148346,15.610803,-0.025900926,-0.0042195157,39.148117,15.759604,-0.027489819,-0.0012854406
2023-04-15,39.146027,15.644495,-0.037338734,0.00039806752,39.14396,15.71383,-0.031734753,0.0074915695
2023-04-15,39.1441,15.854738,-0.048192706,-0.0347911,39.14155,16.023756,-0.034098227,-0.022733726
2023-04-15,39.13428,15.601886,-0.024069816,0.00047768102,39.135975,15.724233,-0.02356916,-0.0039391643
2023-04-15,39.158962,15.653635,-0.034578796,0.0072448286,39.1619,15.573743,-0.023513786,-0.002122886
2023-04-15,39.15206,15.590262,-0.033994965,-0.008545183,39.152782,15.689569,-0.03497784,-0.012365768
2023-04-15,39.14682,15.6482525,-0.03234962,0.007934812,39.13853,15.990745,-0.029710192,-0.0038226065
2023-04-15,39.15651,15.729777,-0.021044502,-0.017859962,39.152267,15.656876,-0.027415626,-0.017498419
2023-04-15,39.14284,15.708919,-0.052173384,-0.015630784,39.139317,15.550533,-0.054228604,-0.017170887
2023-04-15,39.14775,15.606727,-0.020911813,-0.009155553,39.15135,15.737601,-0.022158423,-0.021193221
2023-04-15,39.137135,15.636248,-0.031235032,0.007085602,39.141598,15.871339,-0.041906115,0.01128073
2023-04-15,39.15558,15.559882,-0.01801919,0.00010615134,39.153893,15.594872,-0.013360303,-0.0074958284
2023-04-15,39.161484,15.756464,-0.03468495,-0.015551171,39.157307,15.947213,-0.02585227,-0.024945442
2023-04-15,39.141117,15.672965,-0.024335194,0.007218291,39.147305,15.746386,-0.025412306,-0.005205668
2023-04-15,39.147686,15.516891,-0.02330022,-0.00050421886,39.14548,15.662643,-0.016141279,-0.008998066
2023-04-15,39.155315,15.643763,-0.026139766,-0.004458356,39.148113,15.80086,-0.015725246,-0.0015272427
2023-04-15,39.154053,15.79627,-0.024414808,-0.0016453457,39.163982,15.626682,-0.03248707,0.004441356
2023-04-15,39.155514,15.625293,-0.027917802,-0.014356968,39.149307,15.691088,-0.023736347,-0.010973483
2023-04-15,39.15883,15.6750345,-0.014356968,0.010588596,39.171745,15.677655,-0.019004231,0.015640764
2023-04-15,39.15107,15.645419,-0.012791236,0.0039806752,39.155357,15.718273,-0.0065299096,-0.0011880401
2023-04-15,39.142776,15.664654,-0.02648476,0.006316005,39.140392,15.471908,-0.027297046,0.009356761
2023-04-15,39.161617,15.6251335,-0.03980675,-0.0016984214,39.15776,15.526345,-0.034040365,0.002559002
2023-04-15,39.140785,15.680481,-0.03569339,0.014197742,39.134983,15.864773,-0.035790306,-0.0013074096
2023-04-15,39.14908,15.652234,-0.048723463,0.0038214482,39.15429,15.568438,-0.053090207,0.004924988
2023-04-15,39.144302,15.725383,-0.051271096,-0.03383574,39.14632,15.759019,-0.047236323,-0.020066049
2023-04-15,39.130566,15.551698,-0.030120442,-0.014356968,39.13999,15.537949,-0.042296227,-0.0075709284
2023-04-15,39.149277,15.715765,-0.028793551,-0.0073509803,39.157734,15.604469,-0.030986842,-0.005212175
2023-04-15,39.134018,15.583161,-0.04511432,-0.018470332,39.133446,15.621689,-0.05011173,-0.010466731
2023-04-15,39.134747,15.547526,-0.03112888,-0.0040602884,39.130592,15.712006,-0.030825004,-0.0113168415
2023-04-15,39.132755,15.615803,-0.038187943,-0.012977001,39.145157,15.58089,-0.04400222,-0.010802628
2023-04-15,39.152393,15.647489,-0.034658413,-0.017143441,39.15078,15.670644,-0.032913316,-0.016566524
2023-04-15,39.14987,15.739904,-0.035268784,-0.0024414808,39.152496,15.746986,-0.030659758,-0.0060335486
2023-04-15,39.157703,15.591727,-0.015020414,-0.014569271,39.156994,15.46044,-0.0256351,-0.0160008
2023-04-15,39.143307,15.837638,-0.05318182,-0.027042054,39.148212,15.840628,-0.04274009,-0.029653309
2023-04-15,39.14828,15.6628065,-0.03993944,-0.004829886,39.15388,15.804526,-0.037339747,-0.013724564
2023-04-15,39.14742,15.6441765,-0.05166916,-0.004962575,39.149803,15.759864,-0.04762894,-0.005374138
2023-04-15,39.13687,15.549627,-0.016400382,0.0037418345,39.14385,15.607059,-0.021112464,0.002289183
2023-04-15,39.142776,15.606695,-0.051271096,-0.016028851,39.13708,15.368947,-0.04636146,-0.012263637
2023-04-15,39.158234,15.641693,-0.007085602,-0.011995101,39.15593,15.809458,0.0020069217,-0.0074470066
2023-04-15,39.14377,15.534215,-0.033649974,-0.0006899837,39.141293,15.568997,-0.0324684,-0.001629813
2023-04-15,39.155712,15.687232,-0.011092815,-0.0019372619,39.14893,15.693663,-0.007886055,-0.008099697
2023-04-15,39.15206,15.650004,-0.01568386,0.004962575,39.153854,15.486163,-0.020243812,-0.0064724856
2023-04-15,39.13919,15.666022,-0.028209718,-0.004829886,39.143364,15.656033,-0.028100528,-0.0070295916
2023-04-15,39.157104,15.682774,-0.03837371,-0.0095005445,39.16196,15.6476,-0.028473645,-0.0042347186
2023-04-15,39.152927,15.729363,-0.02831587,-0.009978225,39.149963,15.765618,-0.023055444,-0.0016639665
2023-04-15,39.15372,15.788118,-0.028368944,-0.014489657,39.14636,16.012451,-0.014926862,-0.022205887
2023-04-15,39.155712,15.613796,-0.049360372,-0.004936037,39.154774,15.619891,-0.04891407,-0.003742836
2023-04-15,39.142242,15.751814,-0.044265106,-0.024282118,39.147213,15.733573,-0.038665064,-0.023476273
2023-04-15,39.145584,15.647677,-0.035531458,-0.009082083,39.14282,15.711689,-0.03370968,-0.0072145457
2023-04-25,39.15923,15.785029,-0.039169844,0.021362957,39.161026,15.950359,-0.046098493,0.019145472
2023-04-25,39.130367,15.642266,-0.025210943,0.009367855,39.12965,15.710368,-0.023125753,0.009584166
2023-04-25,39.153458,15.747069,-0.057189032,-0.0050421883,39.1517,15.709588,-0.055159576,-0.010807167
2023-04-25,39.154453,15.750094,-0.064141944,-0.011703185,39.161774,15.792742,-0.057484955,0.0003293786
2023-04-25,39.157505,15.677105,-0.036940664,-0.0041929777,39.161472,15.981596,-0.042353377,-0.0013251364
2023-04-25,39.145626,15.571919,-0.022822538,-0.0037418345,39.142532,15.572043,-0.030887999,0.003201162
2023-04-25,39.139725,15.541794,-0.034870714,-0.0013799674,39.142204,15.795259,-0.0179624,0.0020439043
2023-04-25,39.1378,15.501477,-0.014410044,0.0010084377,39.135403,15.525089,-0.014818393,-0.0021276004
2023-04-25,39.14629,15.549341,-0.02953661,0.008120577,39.153614,15.681582,-0.020399647,0.006362993
2023-04-25,39.150604,15.611185,-0.0077490476,-0.00514834,39.148575,15.6188545,-0.008737827,-0.012711712
2023-04-25,39.079285,15.380019,-0.009898612,-0.038771775,39.084698,15.666013,0.003973779,-0.032733526
2023-04-25,39.151134,15.580772,-0.026803212,-0.01605539,39.149998,15.671642,-0.024591027,-0.012604607
2023-04-25,39.117496,15.384031,-0.01605539,-0.009049402,39.122227,15.403149,-0.010233566,-0.016233578
2023-04-25,39.122936,15.420208,-0.02831587,0.007085602,39.12316,15.523404,-0.023265926,0.0024039256
2023-04-25,39.14636,15.684971,-0.023937127,-0.023326756,39.149082,15.766207,-0.026929688,-0.020756721
2023-04-25,39.15644,15.671468,-0.025476322,-0.015604246,39.159245,15.637037,-0.021162799,-0.016006932
2023-04-25,39.135742,15.565137,-0.006899837,-0.004644121,39.133724,15.620639,-0.009980204,-0.012047542
2023-04-25,39.132824,15.643317,-0.026803212,0.007881736,39.135307,15.68275,-0.024433782,0.011174133
2023-04-25,39.11511,15.416227,-0.028528173,-0.0010084377,39.122032,15.407626,-0.029747881,-0.0047559463
2023-04-25,39.14881,15.581473,-0.018974552,0.019080702,39.15361,15.760356,-0.013218872,0.020639779
2023-04-25,39.15956,15.6587305,-0.018098803,0.010747823,39.161877,15.707024,-0.01726478,0.010636991
2023-04-25,39.12831,15.494025,-0.016692298,-0.0007695972,39.129692,15.633672,-0.017814824,0.004445707
2023-04-25,39.14105,15.638253,-0.03847986,-0.0064486936,39.14905,15.750311,-0.0378437,-0.005253459
2023-04-25,39.119488,15.615325,-0.03638337,-0.012393168,39.118385,15.509419,-0.032672282,-0.0106608085
2023-04-25,39.153126,15.654367,-0.023114454,0.0048829615,39.156296,16.040895,-0.016827125,-0.0060063046
2023-04-25,39.12068,15.474759,-0.027785113,-0.00079613505,39.124466,15.623751,-0.026070096,-0.003803356
2023-04-25,39.147617,15.702963,-0.024175966,-0.0067671477,39.145615,15.737511,-0.028357502,-0.011278984
2023-04-25,39.136738,15.749426,-0.007483669,-0.017063828,39.143063,16.02518,-0.0040511815,-0.019025618
2023-04-25,39.11292,15.413902,-0.019770687,-0.009394393,39.110306,15.436806,-0.01770421,-0.013883683
2023-04-25,39.1518,15.752833,-0.030093905,-0.023671748,39.1427,15.820758,-0.026925381,-0.024137674
2023-04-25,39.129505,15.609338,-0.05602137,0.0105355205,39.137947,15.702319,-0.0466116,0.0005478091
2023-04-25,39.147686,15.623382,-0.026803212,0.004484894,39.1523,15.464968,-0.031972557,0.007831192
2023-04-25,39.121147,15.608574,-0.01616154,-0.026829751,39.119457,15.626006,-0.010471484,-0.02662745
2023-04-25,39.138264,15.509025,-0.014675423,-0.019876838,39.14027,15.579589,-0.023279512,-0.013878231
2023-04-25,39.14934,15.629878,-0.036436446,-0.018204954,39.150787,15.399065,-0.036524095,-0.014864252
2023-04-25,39.14032,15.63319,-0.01703729,-0.0049094995,39.13284,15.717316,-0.0177405,-0.0015801186
2023-04-25,39.13707,15.59902,-0.030067366,-0.011676647,39.135487,15.7002325,-0.015028972,-0.016037695
2023-04-25,39.148148,15.656182,-0.06331927,-0.022636773,39.153427,15.680564,-0.06359011,-0.018393585
2023-04-25,39.13601,15.670799,-0.015763473,-0.024945565,39.137028,15.7058935,-0.0054780263,-0.01991478
2023-04-25,39.155445,15.597109,-0.049678825,0.008863636,39.154007,15.66144,-0.046589803,0.0049361023
2023-04-25,39.130104,15.505108,-0.02330022,-0.02194679,39.140026,15.358297,-0.024806555,-0.013365208
2023-04-25,39.152264,15.630515,-0.007802123,-0.018656097,39.158028,15.744786,-0.009546887,-0.016964842
2023-04-25,39.12858,15.635865,-0.03502994,-0.010137453,39.130283,15.51142,-0.033219244,-0.008118982
2023-04-25,39.102837,15.296648,-0.021177191,0.016878063,39.11042,15.273646,-0.026405983,0.012581155
2023-04-25,39.18132,15.837765,-0.00894325,0.013321993,39.17785,15.9181595,-0.014304927,-0.006651251
2023-04-25,39.158432,15.685735,-0.017753812,0.0057056346,39.15112,15.733535,-0.020098446,0.0061065922
2023-04-25,39.135014,15.609816,-0.03346421,-0.008147115,39.13926,15.608634,-0.028760191,-0.010173111
2023-04-25,39.131496,15.7143,-0.03357036,-0.039620988,39.136383,15.812986,-0.02506363,-0.020804418
2023-04-25,39.13707,15.644145,-0.027440121,0.0014065052,39.143612,15.832123,-0.020753056,-0.0018741315
2023-04-25,39.13216,15.555328,-0.031553484,-0.0008757485,39.135662,15.676311,-0.03289326,0.0010731887
2023-04-25,39.144634,15.597619,-0.01409159,-0.017143441,39.14524,15.661608,-0.012274411,-0.019640818
2023-04-25,39.12367,15.490586,-0.0257417,-0.002866086,39.13096,15.540135,-0.027014386,-0.0038547548
2023-04-25,39.14105,15.607395,-0.03712643,-0.0036091455,39.13765,15.588071,-0.038876045,-0.009132149
2023-04-25,39.1516,15.843975,-0.030863501,-0.03211078,39.15202,15.930782,-0.02495972,-0.0224722
2023-04-25,39.12367,15.524756,-0.031871937,0.017010752,39.120216,15.495604,-0.03183858,0.017141053
2023-04-25,39.1382,15.565932,-0.037073355,0.0037683726,39.14218,15.545943,-0.034750674,-0.0052036955
2023-04-25,39.13196,15.524502,-0.029138543,-0.010190529,39.13771,15.490943,-0.027620107,-0.015283356
2023-04-25,39.14503,15.62628,-0.036091454,0.009818999,39.152325,15.617405,-0.040113635,0.0015807223
2023-04-25,39.14397,15.688697,-0.01666576,-0.0120747145,39.144627,15.754789,-0.010582166,-0.01676298
2023-04-25,39.14198,15.7036,-0.05206723,-0.0027333968,39.137135,15.595,-0.053149387,-0.0016722673
2023-04-25,39.12088,15.474632,-0.016320769,0.0050952644,39.120544,15.495088,-0.009291005,-0.00060224574
2023-04-25,39.136803,15.5803585,-0.030067366,0.01005784,39.133007,15.522046,-0.030823756,0.009335188
2023-04-25,39.147087,15.538991,-0.008147115,0.0026803212,39.14608,15.451751,-0.0019116292,0.0048918626
2023-04-25,39.132294,15.664335,-0.025502859,-0.015657322,39.126415,15.612315,-0.026800938,-0.010684722
2023-04-25,39.134483,15.638795,-0.01666576,0.019637998,39.12829,15.782086,-0.0066969655,0.0130067915
2023-04-25,39.120087,15.416546,-0.020009527,-0.007404056,39.12812,15.289883,-0.02876624,-0.0048500816
2023-04-25,39.14921,15.642839,-0.011252042,-0.012021639,39.149914,15.59667,-0.0059169214,-0.009910926
2023-04-25,39.157173,15.806524,-0.017169978,0.0052014156,39.161053,15.802481,-0.022417024,0.0016823389
2023-04-25,39.15976,15.63284,-0.018417258,-0.011358193,39.161957,15.533647,-0.019968938,-0.010482953
2023-04-25,39.148613,15.580996,-0.012897387,0.008757485,39.1509,15.707624,-0.01905996,0.004670832
2023-04-25,39.098125,15.445334,-0.005785248,0.0013799674,39.10145,15.3952875,-0.010805773,0.003906892
2023-04-25,39.13959,15.632489,-0.021601798,0.0066344584,39.136375,15.507566,-0.026838787,-0.0019632434
2023-04-25,39.1447,15.619879,-0.034897253,-0.014516195,39.139156,15.760441,-0.031657383,-0.0095849605
2023-04-25,39.14669,15.635324,-0.039037153,0.015312331,39.141773,15.64538,-0.032350622,0.01221592
2023-04-25,39.152596,15.650451,-0.040602885,0.0048564235,39.148083,15.589471,-0.034946002,-0.0007554893
2023-04-25,39.12612,15.684302,-0.025662085,-0.034366496,39.12825,15.537794,-0.031206392,-0.026027504
2023-04-25,39.129837,15.510299,-0.034738027,-0.0019903376,39.134193,15.634965,-0.029962681,-0.0019527146
2023-04-25,39.16301,15.762992,-0.02059336,-0.003370305,39.16128,15.78091,-0.018175252,-0.0056642187
2023-04-25,39.13236,15.569977,-0.033623435,-0.014065052,39.1292,15.833805,-0.03271712,-0.010460181
2023-04-25,39.16188,15.609115,-0.034525722,0.003051851,39.163967,15.751837,-0.024384089,0.0007028818
2023-04-25,39.119884,15.510744,-0.043389358,-0.0044052806,39.125347,15.661354,-0.039970316,0.00499984
2023-04-25,39.112453,15.522272,-0.021893714,-0.021283343,39.12332,15.608503,-0.02430563,-0.008772159
2023-04-25,39.15319,15.712676,-0.03847986,0.0050156508,39.156967,15.719174,-0.032310624,0.003252476
2023-04-25,39.11385,15.381325,-0.016931139,-0.0026007078,39.11217,15.250761,-0.012707293,-0.001803758
2023-04-25,39.128178,15.713696,-0.035189167,-0.019425694,39.133266,15.734376,-0.024560416,-0.015886385
2023-04-25,39.17177,15.714969,-0.04084173,-0.0039806752,39.167416,15.741738,-0.038644444,-0.00244943
2023-04-25,39.137997,15.633573,-0.045883916,-0.010960125,39.13178,15.50469,-0.04814265,-0.013108409
2023-04-25,39.137333,15.531381,0.00018576485,0.003688759,39.13041,15.5670595,-0.0042021032,0.0010206621
2023-04-25,39.127647,15.558258,-0.054933317,-0.016002314,39.13217,15.627914,-0.05895003,-0.010450106
2023-04-25,39.150536,15.568926,-0.009580159,-0.0012738161,39.155746,15.755867,-0.0027437035,-0.007749121
2023-04-25,39.138264,15.515076,-0.043177057,-0.006501769,39.15069,15.503434,-0.04034465,-0.008297506
2023-04-25,39.147022,15.626503,-0.019027628,0.0029191617,39.142105,15.656012,-0.011913592,-0.002437578
2023-04-25,39.148415,15.641948,-0.0023087915,0.0178865,39.141182,15.647406,0.005676876,0.009235192
2023-04-25,39.12327,15.571442,-0.028979314,-0.007297904,39.128704,15.646659,-0.02597563,-0.007945428
2023-04-25,39.129772,15.564117,-0.033862278,-0.0028130105,39.13421,15.557572,-0.04145578,-0.009481591
2023-04-25,39.12579,15.636534,-0.015312331,-0.008730947,39.13615,15.921032,-0.018650679,-0.01353429
2023-04-25,39.155777,15.739713,-0.030863501,-0.014383506,39.157608,15.753556,-0.027385183,-0.01887675
2023-04-25,39.117363,15.50049,-0.04901538,-0.013666985,39.11709,15.67253,-0.045207214,-0.009858929
2023-04-25,39.149475,15.714236,-0.045193933,-0.012472782,39.144222,15.639718,-0.034427725,-0.01750981
2023-04-25,39.1391,15.606729,-0.028269183,-0.015581395,39.141823,15.819188,-0.01841623,-0.022673773
2023-05-06,39.18411,16.071255,-0.029934676,0.01666576,39.175037,16.457571,-0.033039313,0.009428112
2023-05-06,39.13687,15.749235,-0.026750136,0.015816549,39.14165,15.986315,-0.025488023,0.008727424
2023-05-06,39.18238,15.956708,-0.046494287,-0.005891399,39.181633,16.182724,-0.04728288,-0.0011641536
2023-05-06,39.15339,15.919098,-0.039063692,-0.008651334,39.160587,15.978686,-0.034361362,-0.00952705
2023-05-06,39.15067,15.791367,-0.02327368,-0.010163991,39.15742,15.823006,-0.021212846,-0.0072353887
2023-05-06,39.153656,15.814963,-0.021628335,-0.007908274,39.15515,15.79268,-0.02393518,-0.010484994
2023-05-06,39.13488,15.663953,-0.03797564,-0.010588596,39.13558,15.997177,-0.013215369,-0.010681059
2023-05-06,39.102703,15.469951,-0.032853838,-0.01507349,39.11344,15.558242,-0.03006209,-0.022000553
2023-05-06,39.157303,15.725861,-0.028767012,-0.0071386774,39.14884,15.917825,-0.028789625,-0.0076651997
2023-05-06,39.15697,15.7678,-0.022875613,-0.00833288,39.153114,15.713244,-0.0223737,-0.005666191
2023-05-06,39.068867,15.430303,0.0014861188,-0.032853838,39.0921,15.727196,0.0011917904,-0.027680377
2023-05-06,39.12639,15.652584,-0.026192842,-0.014410044,39.132046,15.671181,-0.019985354,-0.010003181
2023-05-06,39.121677,15.556761,-0.014038514,-0.0040602884,39.127937,15.817094,-0.002457511,-0.0086148055
2023-05-06,39.14284,15.646374,-0.03441957,0.007855199,39.147102,15.704012,-0.035411436,0.01527947
2023-05-06,39.1374,15.794837,-0.028289331,-0.02133642,39.135708,15.81002,-0.027748927,-0.02138381
2023-05-06,39.157436,15.856012,-0.022291781,-0.013189304,39.159428,16.013765,-0.01089802,-0.017061248
2023-05-06,39.12506,15.617076,-0.0036356833,-0.010084377,39.12862,15.914736,-0.014938537,-0.012812873
2023-05-06,39.11876,15.659271,-0.029616224,0.0062894667,39.125664,15.593101,-0.01651073,0.0026814784
2023-05-06,39.113914,15.55657,-0.02438827,-0.005732172,39.124004,15.693028,-0.019837953,-0.005444757
2023-05-06,39.13017,15.724363,-0.0218141,0.014250817,39.140266,15.715265,-0.022759669,0.0058597378
2023-05-06,39.17747,15.834071,-0.027121667,-0.005626021,39.182358,15.831055,-0.029722694,-0.010762356
2023-05-06,39.11378,15.562429,-0.028050492,-0.0018841863,39.124428,15.51302,-0.043021545,0.0009255349
2023-05-06,39.166126,15.868209,-0.033968426,0.006501769,39.163944,15.93843,-0.035702944,0.00021574048
2023-05-06,39.106552,15.773183,-0.018337643,-0.015816549,39.105667,15.7657585,-0.007945939,-0.012453171
2023-05-06,39.162678,15.83595,-0.02598054,-0.0046706586,39.16022,15.7944355,-0.019221645,-0.0063469117
2023-05-06,39.10967,15.582524,-0.029271232,0.004484894,39.11331,15.54496,-0.018740125,0.000859059
2023-05-06,39.162945,15.859261,-0.027148204,-0.016241154,39.15484,16.202614,-0.015180232,-0.017366441
2023-05-06,39.131363,15.87254,-0.0057056346,-0.010562058,39.13087,15.900053,-0.004049955,-0.011970774
2023-05-06,39.122406,15.594371,-0.042354383,0.002892624,39.130783,15.730421,-0.0316579,0.0031789406
2023-05-06,39.165333,15.919926,-0.030306207,-0.019664535,39.162865,15.78136,-0.031793144,-0.0109796235
2023-05-06,39.14609,15.836364,-0.04633506,0.0048564235,39.149467,15.740309,-0.04140245,0.004240125
2023-05-06,39.162014,15.823944,-0.031925015,0.0007430594,39.162296,15.899656,-0.033654146,-0.0009395596
2023-05-06,39.120087,15.729586,-0.02598054,-0.032402694,39.124332,15.909768,-0.020092294,-0.031063706
2023-05-06,39.138596,15.736305,-0.01751497,-0.02011568,39.139008,15.690678,-0.012827668,-0.023741344
2023-05-06,39.157173,15.897953,-0.03797564,-0.012366631,39.154285,15.800814,-0.0446245,-0.010706878
2023-05-06,39.142906,15.7935,-0.019293005,-0.0026272456,39.144737,15.777347,-0.014435733,-0.008642343
2023-05-06,39.13322,15.730669,-0.029669298,0.002069951,39.128975,15.945028,-0.022400063,0.006829129
2023-05-06,39.11856,15.80869,-0.043177057,-0.01937262,39.122982,15.732925,-0.043787066,-0.030731035
2023-05-06,39.133354,15.9512615,-0.018204954,-0.03237616,39.13662,15.867875,-0.026232146,-0.02863531
2023-05-06,39.177937,15.839134,-0.050023817,0.01249932,39.17393,15.885176,-0.04587804,0.009883817
2023-05-06,39.110397,15.628572,-0.03333152,-0.010800899,39.130466,15.620378,-0.025178477,-0.0047688265
2023-05-06,39.1652,15.801652,-0.01825803,-0.009818999,39.163708,15.792852,-0.019199064,-0.017973362
2023-05-06,39.139988,15.78143,-0.019903375,-0.0068202233,39.136436,15.761174,-0.025527462,-0.010798204
2023-05-06,39.124928,15.496446,-0.020938352,0.013799674,39.12518,15.549122,-0.024349336,0.015534831
2023-05-06,39.19366,16.022055,-0.0049891127,0.013003538,39.19416,16.20687,0.0016935917,0.010287248
2023-05-06,39.17263,15.900978,-0.00833288,0.012791236,39.16847,15.923562,-0.01673076,0.009543885
2023-05-06,39.146423,15.810027,-0.041823626,-0.019186854,39.14233,15.652175,-0.04155197,-0.023859914
2023-05-06,39.12692,15.828785,-0.012101253,-0.033517286,39.122627,15.838768,-0.020736111,-0.030526124
2023-05-06,39.144962,15.805059,-0.01751497,-0.016692298,39.14248,15.887953,-0.026031233,-0.011651108
2023-05-06,39.149544,15.854101,-0.027652424,-5.307567e-05,39.142624,15.885903,-0.022730775,0.001581309
2023-05-06,39.154984,15.842032,0.00095536205,-0.01263201,39.142082,15.705138,0.0034406022,-0.012612339
2023-05-06,39.10894,15.592396,-0.020885276,-0.009447469,39.11928,15.723639,-0.0070539536,-0.019397436
2023-05-06,39.150604,15.757483,-0.033490747,0.002229178,39.151142,15.8800335,-0.028052654,0.000999184
2023-05-06,39.13866,15.938269,-0.021548722,-0.019425694,39.141838,15.87917,-0.024525385,-0.022347309
2023-05-06,39.124,15.67701,-0.033411134,-0.0018576484,39.118446,15.917596,-0.028107677,-0.003779532
2023-05-06,39.16712,15.816142,-0.03813487,0.020540284,39.166534,15.735829,-0.047561053,0.012599856
2023-05-06,39.13382,15.654972,-0.03691413,0.0009022864,39.129875,15.839242,-0.03165117,-0.0036922726
2023-05-06,39.151333,15.803849,-0.030200055,-0.0051748776,39.151127,15.87791,-0.039652426,-0.004761928
2023-05-06,39.142044,15.764202,-0.0151265655,-0.007881736,39.152683,15.812477,-0.02165715,-0.0025262334
2023-05-06,39.167786,15.994222,-0.03930253,0.0051748776,39.16409,15.898636,-0.046728138,0.004496421
2023-05-06,39.127514,15.576856,-0.023114454,0.010190529,39.13256,15.572852,-0.018983547,-0.00077226426
2023-05-06,39.15478,15.776049,-0.028952777,0.006209853,39.150944,15.619797,-0.022056552,-0.0021329406
2023-05-06,39.14616,15.685799,-0.00613024,0.010243604,39.144863,15.654178,-0.006362361,0.0016936116
2023-05-06,39.105026,15.6614685,-0.02218563,-0.015338868,39.10479,15.756265,-0.012482762,-0.01376432
2023-05-06,39.160423,15.894068,-0.036409907,0.014914263,39.162388,15.748585,-0.0297441,0.010412933
2023-05-06,39.09713,15.419412,-0.01029668,-0.00968631,39.10798,15.607875,-0.020326668,-0.0040103463
2023-05-06,39.146492,15.726242,-0.00514834,-0.0016718835,39.153187,15.895571,-0.0012819248,-0.009226895
2023-05-06,39.160023,15.881967,-0.031553484,-0.007032526,39.160645,15.8526945,-0.03943243,-0.004699838
2023-05-06,39.147484,15.746974,-0.022397932,-0.009633234,39.14917,15.910158,-0.028166741,0.0056321747
2023-05-06,39.13614,15.693665,-0.017859962,0.00894325,39.139145,15.687342,-0.026437286,0.0049059535
2023-05-06,39.136936,15.6967535,-0.012180866,0.0050952644,39.138657,15.687252,-0.009035481,0.0012435034
2023-05-06,39.16248,15.913685,-0.026139766,0.0027599349,39.16651,15.92532,-0.019800594,-0.0042340667
2023-05-06,39.140785,15.749171,-0.0237779,-0.014303893,39.138206,15.735596,-0.021148227,-0.018332284
2023-05-06,39.15379,15.838497,-0.031606562,-0.0009288242,39.15624,15.957281,-0.049763996,0.015983412
2023-05-06,39.18384,15.981897,-0.021787561,-0.014701961,39.183758,15.847121,-0.027638752,-0.013091559
2023-05-06,39.121944,15.796143,-0.013534295,-0.018603021,39.122437,15.745973,-0.014932763,-0.011554955
2023-05-06,39.1033,15.560423,-0.036117993,0.006316005,39.11186,15.570416,-0.035170257,0.0032519451
2023-05-06,39.165596,15.9668665,-0.024282118,-0.007404056,39.165424,16.198948,-0.028106224,-0.0094264345
2023-05-06,39.140785,15.761814,-0.035560697,-0.005944475,39.144707,15.78381,-0.04542973,-0.008519537
2023-05-06,39.165333,15.81025,-0.03038582,-0.007032526,39.162346,15.715273,-0.033917602,-0.0069657895
2023-05-06,39.133617,15.731274,-0.03784295,-0.0006103702,39.125057,15.669241,-0.03675097,-0.00078083616
2023-05-06,39.150867,15.789201,-0.03455226,-0.02733397,39.147846,15.659535,-0.03904926,-0.027710328
2023-05-06,39.157104,15.872127,-0.038639087,0.0014065052,39.15716,15.845338,-0.035620503,-0.0056630145
2023-05-06,39.132294,15.595325,-0.010376293,-0.012446244,39.13829,15.553156,-0.013188599,-0.011152947
2023-05-06,39.152195,15.9668665,-0.03173925,-0.022610234,39.16007,15.898003,-0.03489487,-0.027511777
2023-05-06,39.18185,15.954478,-0.028793551,0.008677872,39.178936,15.8337965,-0.027755022,0.011603799
2023-05-06,39.139324,15.748503,-0.028660862,-0.01616154,39.145325,15.685668,-0.027152345,-0.019949932
2023-05-06,39.139923,15.681436,-0.016506532,0.005440256,39.140568,15.639133,-0.021462148,0.00092699897
2023-05-06,39.14775,15.7751255,-0.024202505,-0.018178416,39.141895,15.803572,-0.020340487,-0.013839893
2023-05-06,39.164204,15.771049,-0.015524633,-0.0065548453,39.1779,15.829259,-0.011331579,-0.006477388
2023-05-06,39.147022,15.670481,-0.040364046,-0.0016984214,39.15299,15.552535,-0.045292657,0.008992646
2023-05-06,39.15757,15.798213,-0.01385275,0.0026272456,39.17414,16.166256,-0.004461416,0.00019571518
2023-05-06,39.14848,15.746782,0.0013268917,0.012207404,39.145916,15.884211,-0.0019264587,0.010730986
2023-05-06,39.138794,15.850694,-0.01507349,-0.0071652154,39.133377,15.963684,-0.016597213,-0.010447896
2023-05-06,39.135475,15.765221,-0.032880377,-0.011995101,39.132034,15.689673,-0.03301063,-0.011470464
2023-05-06,39.13707,15.7761755,-0.01165011,-0.0028130105,39.136173,15.980596,-0.013561016,-0.013052317
2023-05-06,39.16102,15.883781,-0.03420727,-0.013162766,39.165173,15.78106,-0.03261493,-0.0070043034
2023-05-06,39.14364,15.774775,-0.02964276,-0.008226729,39.14579,15.842533,-0.032341886,-0.005129173
2023-05-06,39.159096,15.913812,-0.035507623,-0.008757485,39.15799,16.051334,-0.03258726,-0.008212186
2023-05-06,39.14944,15.827072,-0.02969338,-0.011721368,39.151176,15.916049,-0.025797978,-0.013760093
2023-05-13,39.175816,16.134628,-0.024308655,0.01961146,39.172226,16.017015,-0.016393991,0.011271538
2023-05-13,39.14337,15.874005,-0.029589685,0.016692298,39.135685,15.736455,-0.031053118,0.014793882
2023-05-13,39.18444,16.101414,-0.030200055,0.0042460533,39.176018,16.03827,-0.026796352,-0.008650615
2023-05-13,39.165134,16.046576,-0.029563148,-0.015338868,39.168247,15.94077,-0.03244144,-0.012148199
2023-05-13,39.125923,15.800824,-0.013666985,-0.008916712,39.14224,15.894358,-0.012038713,-0.01696466
2023-05-13,39.175945,16.029793,-0.014728498,-0.022849075,39.179325,16.09884,-0.006106144,-0.025661247
2023-05-13,39.141712,15.837765,-0.031526946,0.0003715297,39.1357,15.861791,-0.02137102,-0.007077675
2023-05-13,39.091423,15.632712,-0.015338868,-0.015975777,39.09808,15.483817,-0.013317324,-0.019561442
2023-05-13,39.171036,15.910627,-0.01605539,-0.0012472782,39.160458,15.87162,-0.028841235,-0.011253249
2023-05-13,39.153458,15.880024,-0.01029668,-0.008757485,39.15257,15.932209,-0.011611424,-0.020785607
2023-05-13,39.103764,15.616089,0.010880512,-0.021389494,39.10624,15.619644,0.002292672,-0.017532866
2023-05-13,39.178005,15.969828,-0.017859962,-0.022610234,39.173546,16.030533,-0.022021528,-0.017565181
2023-05-13,39.165863,15.8199,7.961351e-05,-0.0056525585,39.1704,15.930981,0.0030946792,-0.008222856
2023-05-13,39.177406,15.971388,-0.022875613,0.0065548453,39.17506,16.005915,-0.012767458,0.002146644
2023-05-13,39.1376,15.92206,-0.0073509803,-0.02340637,39.136864,15.856833,-0.009568108,-0.014568118
2023-05-13,39.15233,15.962313,-0.009022864,0.001114589,39.151093,16.002436,0.0013966647,0.0037274654
2023-05-13,39.120018,15.777386,0.001114589,-0.027758574,39.12632,15.646993,0.0018241683,-0.021996008
2023-05-13,39.170376,15.964446,-0.019691072,0.011862412,39.172874,16.102827,-0.0143264085,0.009833772
2023-05-13,39.110332,15.647489,-0.015710399,-0.0074305935,39.113506,15.605596,-0.01905081,-0.011701749
2023-05-13,39.158566,15.960306,-0.016931139,0.0057056346,39.15972,15.767177,-0.013291437,0.005788279
2023-05-13,39.17389,15.96814,-0.017753812,-0.0047237347,39.17069,16.034744,-0.018550688,-0.0065617156
2023-05-13,39.109535,15.657966,-0.016639221,-0.0074305935,39.117558,15.905285,-0.0012214689,0.0011004299
2023-05-13,39.187824,16.090809,-0.029271232,0.008385955,39.18071,16.078869,-0.0333683,0.0028713117
2023-05-13,39.128246,15.889959,-0.012552395,-0.0045645074,39.132645,15.792395,-0.016651254,-0.020685723
2023-05-13,39.16646,15.927218,-0.0060506263,-0.0023618673,39.15805,15.803788,-0.01047281,-9.7332915e-05
2023-05-13,39.135014,15.750094,-0.022822538,0.018231492,39.145878,15.696425,-0.016692461,0.020701641
2023-05-13,39.154583,15.98419,-0.0120747145,-0.013587371,39.15962,15.849581,-0.015440002,-0.0070298607
2023-05-13,39.14032,15.954765,-0.008730947,-0.010429369,39.142067,15.963044,-0.014469944,-0.016487228
2023-05-13,39.11378,15.687232,-0.02953661,0.022159092,39.113808,15.916164,-0.023847973,0.021795863
2023-05-13,39.1579,15.981324,-0.025396707,0.00050421886,39.15774,16.02016,-0.021036822,-0.006568016
2023-05-13,39.157703,16.01992,-0.035321858,0.00257417,39.154785,16.023273,-0.021289589,-0.009571568
2023-05-13,39.188156,16.079472,-0.016028851,0.001114589,39.174595,15.716813,-0.0122827925,0.0046526655
2023-05-13,39.122272,15.878081,0.0003715297,-0.036728363,39.128784,15.947323,-0.0003757465,-0.037843425
2023-05-13,39.152527,15.9427595,-0.010721285,-0.020938352,39.152637,16.145786,-0.001922318,-0.022728927
2023-05-13,39.158962,15.967726,-0.034472648,-0.0011942026,39.153126,15.907075,-0.028873932,0.0062021962
2023-05-13,39.17369,16.025333,-0.00870441,-0.012446244,39.175755,16.12184,0.0023451517,-0.018241094
2023-05-13,39.15206,15.938587,-0.01961146,-0.0026537834,39.15792,15.888483,-0.027131729,0.0007857304
2023-05-13,39.13269,15.922855,-0.030704275,-0.014516195,39.137985,15.745212,-0.021634433,-0.011229177
2023-05-13,39.154716,16.076063,0.002892624,-0.033623435,39.155037,16.259176,0.0005935671,-0.029507989
2023-05-13,39.150204,15.864515,-0.03038582,0.0062629287,39.150677,15.8766,-0.024339637,0.0053684167
2023-05-13,39.11073,15.721911,-0.02513133,-0.0028395483,39.13566,15.889096,-0.02709321,-0.009481507
2023-05-13,39.18683,16.02683,-0.009182091,-0.024467884,39.1875,16.161446,-0.018075585,-0.025165943
2023-05-13,39.131363,15.833976,-0.0062894667,0.005891399,39.123104,15.836476,-0.00056699495,0.0057454123
2023-05-13,39.113186,15.579181,-0.010190529,0.013215842,39.115917,15.458897,-0.022256605,0.009832526
2023-05-13,39.182915,16.146252,-0.009951687,0.019744148,39.178925,16.083761,-0.0060829017,0.0063690445
2023-05-13,39.18716,16.059792,-0.018284569,0.012791236,39.19159,16.231531,-0.014776476,0.010452164
2023-05-13,39.13833,15.868432,-0.029748913,-0.016878063,39.13957,16.017916,-0.021963298,-0.01887438
2023-05-13,39.1376,15.982725,-0.014701961,-0.030120442,39.14072,15.967912,-0.01480655,-0.030471433
2023-05-13,39.146423,15.913207,-0.0049094995,-0.024122892,39.15217,15.932317,-0.004037573,-0.02455683
2023-05-13,39.14311,15.915086,-0.021654872,0.004458356,39.139114,15.897719,-0.019620057,0.005032159
2023-05-13,39.1717,15.957503,0.008757485,-0.009288242,39.169415,15.867837,0.0046844683,-0.0069577335
2023-05-13,39.123802,15.793691,-0.018072264,-0.010110915,39.128754,15.579396,-0.02695468,-0.008039338
2023-05-13,39.15863,15.904768,-0.021601798,0.012764698,39.15668,15.953189,-0.011316624,0.017488247
2023-05-13,39.13906,16.002214,0.0013534295,-0.01151742,39.137257,15.796242,0.00060831785,-0.009644755
2023-05-13,39.12798,15.802162,-0.01876225,0.006581383,39.136494,15.898609,-0.01917886,0.0074242386
2023-05-13,39.183178,15.972376,-0.03935561,0.02757281,39.18252,15.950016,-0.041532416,0.028175777
2023-05-13,39.15319,15.8684635,-0.030491972,0.009633234,39.152126,15.816135,-0.031140316,0.00943034
2023-05-13,39.14908,15.94811,-0.0042991294,-0.017461894,39.145977,15.883396,-0.005500762,-0.0151805105
2023-05-13,39.1516,15.9464855,0.0042460533,-0.0061567775,39.160847,15.977466,-0.003945181,0.0004508324
2023-05-13,39.151863,16.046766,-0.020168753,0.013932363,39.158455,16.022776,-0.02343606,0.016080098
2023-05-13,39.15697,15.835727,-0.015391944,0.016851524,39.154045,15.971909,-0.008518878,0.01080239
2023-05-13,39.139523,15.855789,-0.02242447,0.010110915,39.14204,15.773996,-0.022136508,0.0022312994
2023-05-13,39.169113,15.88703,-0.0023884051,0.00968631,39.16853,15.981926,0.0020369424,0.011958921
2023-05-13,39.12128,15.82888,-0.018045727,-0.016267693,39.116764,16.002256,-0.00393534,-0.026962006
2023-05-13,39.166393,16.062561,-0.029324306,0.015577708,39.174206,16.018923,-0.032518227,0.021753622
2023-05-13,39.11564,15.624974,-0.008173653,-0.008624796,39.116413,15.492485,-0.020271575,-0.014338774
2023-05-13,39.142776,15.820346,0.002706859,-0.0045645074,39.144478,15.920058,-0.008109984,0.0064928005
2023-05-13,39.156242,16.003775,-0.020805662,-0.0120481765,39.159935,16.070484,-0.022696823,-0.017278753
2023-05-13,39.14901,15.82681,-0.011225504,-0.007218291,39.14368,15.9457,-0.013483746,-0.004999991
2023-05-13,39.124928,15.801875,-0.0031845402,-0.005307567,39.130936,15.823726,-0.0049897293,0.0009433679
2023-05-13,39.144566,15.855917,-0.01249932,0.00026537833,39.13883,15.91196,-0.011105036,-0.007563935
2023-05-13,39.163475,16.020908,-0.018974552,-0.0017249592,39.16351,15.9328785,-0.030003808,0.0038445718
2023-05-13,39.160156,15.9220915,-0.024361731,-0.016745374,39.160706,15.909912,-0.023594378,-0.024530575
2023-05-13,39.143173,15.901233,-0.021044502,0.0009022864,39.142666,15.779683,-0.02658235,0.007484402
2023-05-13,39.190144,16.121094,-0.0049891127,-0.0035295319,39.18406,15.847935,-0.0039106943,-0.011283394
2023-05-13,39.125195,15.88031,-0.0040602884,-0.02046067,39.11382,15.950006,-0.0053848345,-0.024846181
2023-05-13,39.113117,15.705383,-0.024812875,0.01740882,39.11165,15.535089,-0.027615275,0.013352027
2023-05-13,39.17442,16.09119,-0.018443795,-0.0057056346,39.178814,16.004663,-0.022907734,-0.00047470108
2023-05-13,39.139854,15.86512,-0.03112888,0.00050421886,39.144405,15.923069,-0.03720013,0.009852974
2023-05-13,39.170307,15.941645,-0.010110915,-0.006395618,39.177864,16.035343,-0.011349928,-0.0034207967
2023-05-13,39.13123,15.840535,-0.0257417,-0.004139902,39.130478,16.087944,-0.021903012,-0.006557754
2023-05-13,39.14576,15.869164,-0.025662085,-0.02916508,39.148796,15.819177,-0.034329068,-0.027883187
2023-05-13,39.153126,15.972535,-0.025317093,-0.005599483,39.155415,15.795453,-0.02717834,-0.0044817687
2023-05-13,39.151863,15.823307,0.0070590638,-0.009553621,39.14419,15.512333,0.00053421577,-0.018993214
2023-05-13,39.173824,16.130648,-0.02526402,-0.014595808,39.169395,16.107914,-0.0359347,-0.0105255935
2023-05-13,39.190807,16.085394,-0.010190529,0.008492107,39.195854,16.057388,-0.012660252,0.0021069492
2023-05-13,39.175682,16.000399,-0.02120373,-0.015471557,39.174374,16.003801,-0.01899711,-0.011415845
2023-05-13,39.128643,15.73621,-0.010880512,0.0014065052,39.12406,15.869181,-0.0049291635,0.0010524687
2023-05-13,39.164734,15.947696,-0.0146223465,-0.012685085,39.16193,15.879332,-0.022044463,-0.014078902
2023-05-13,39.18663,15.987056,-0.01226048,-0.0027599349,39.184486,16.088005,-0.0069512036,0.0046627237
2023-05-13,39.152927,15.818403,-0.03736527,-0.0023884051,39.149696,15.81895,-0.039228767,-0.009406206
2023-05-13,39.16301,15.9237795,-0.006395618,0.011995101,39.165688,15.916298,-0.0072889104,0.011703594
2023-05-13,39.165596,15.959988,0.0062894667,0.012552395,39.174515,16.07735,-0.0013894436,0.013585474
2023-05-13,39.168518,16.039793,-0.0010084377,-0.0009022864,39.17049,16.133186,-0.0054702694,-0.0074491645
2023-05-13,39.125126,15.828944,-0.018045727,-0.00833288,39.144615,15.707198,-0.01848787,-0.0015716398
2023-05-13,39.169975,15.984922,-0.011358193,0.008439031,39.168324,15.981305,-0.016832452,0.0060829273
2023-05-13,39.167656,16.056192,-0.020487208,-0.009420931,39.17217,16.5136,-0.0063059134,-0.015796332
2023-05-13,39.163406,15.916009,-0.02598054,-0.010163991,39.15911,15.776588,-0.023972014,-0.010455115
2023-05-13,39.15233,15.976324,-0.030173518,0.006581383,39.153477,15.963533,-0.03211269,0.000910468
2023-05-13,39.158257,15.979814,-0.017180791,-0.0078104776,39.159184,15.956852,-0.011322362,-0.006752201
2023-05-15,39.17044,16.141315,-0.024282118,0.023194067,39.176437,16.266314,-0.031239953,0.014299668
2023-05-15,39.14881,15.940944,-0.02560901,0.01666576,39.155907,15.904641,-0.02313719,0.018463327
2023-05-15,39.17867,16.122398,-0.024892488,0.005413718,39.18449,16.0842,-0.029427405,-0.00071788434
2023-05-15,39.167854,16.093801,-0.022955226,-0.013905825,39.175323,16.261805,-0.014144702,-0.015296894
2023-05-15,39.125988,15.830122,-0.008969788,-0.007802123,39.130108,15.894447,4.639596e-05,-0.00609664
2023-05-15,39.17734,16.075586,-0.014303893,-0.025821313,39.172146,15.907632,-0.024432283,-0.023908017
2023-05-15,39.1307,15.867381,-0.026060153,-0.00034499186,39.124187,15.908066,-0.014707997,-0.010706326
2023-05-15,39.09932,15.711689,-0.0072448286,-0.015391944,39.117687,15.622105,-0.007904681,-0.011139385
2023-05-15,39.180725,15.99645,-0.014489657,-0.00063690805,39.18872,16.08234,-0.022572901,-0.0034110197
2023-05-15,39.1587,15.941358,-0.0075632827,-0.013401606,39.159824,15.707382,-0.016679345,-0.012659796
2023-05-15,39.11604,15.694811,0.015232717,-0.017966114,39.116062,15.827324,0.022911785,-0.019623851
2023-05-15,39.182915,16.052435,-0.013693523,-0.02903239,39.164303,16.010931,-0.006378657,-0.030905247
2023-05-15,39.165466,15.885915,0.00031845403,-0.010402831,39.164165,15.96937,0.00010832565,-0.006217467
2023-05-15,39.173492,16.012405,-0.021230267,0.00809404,39.170403,15.980914,-0.017575022,0.010237699
2023-05-15,39.135014,15.947218,-0.002069951,-0.028209718,39.140694,15.792027,-0.01428462,-0.009477786
2023-05-15,39.147884,15.9790945,-0.008279804,0.00042460536,39.138824,15.857551,-0.011145335,-0.009748107
2023-05-15,39.123867,15.844197,0.010084377,-0.028262794,39.12975,15.863953,0.008338505,-0.033653714
2023-05-15,39.170906,16.033806,-0.016373843,0.012313555,39.165745,16.060488,-0.014144134,0.010396417
2023-05-15,39.106815,15.683219,-0.01249932,-0.0059975507,39.10264,15.692845,-0.008490596,-0.007924836
2023-05-15,39.163277,16.014156,-0.014489657,0.007695972,39.17483,15.87168,-0.01584065,0.007089294
2023-05-15,39.171036,16.02129,-0.01679845,-0.0042195157,39.172268,16.0516,-0.01694697,-0.010998622
2023-05-15,39.12148,15.752356,-0.01188895,-0.011066277,39.132065,15.968392,-0.019397039,-0.018260298
2023-05-15,39.189083,16.1573,-0.023485983,0.010880512,39.194263,16.217928,-0.015470145,0.016223231
2023-05-15,39.1311,15.9237795,-0.011835874,-0.002069951,39.131477,15.930658,-0.01354274,0.0063780746
2023-05-15,39.166195,15.971356,-0.0004511432,-0.00021230268,39.16407,16.2827,-0.012639057,-0.0007633906
2023-05-15,39.154186,15.859707,-0.023618672,0.021601798,39.145283,15.853484,-0.009150733,0.016541524
2023-05-15,39.14908,16.018934,-0.0151265655,-0.0115439575,39.149715,16.187891,-0.009419993,-0.013502801
2023-05-15,39.137535,15.972726,-0.0073244423,-0.013587371,39.132984,15.878273,-0.0059221173,-0.012158806
2023-05-15,39.12632,15.781399,-0.016347306,0.023194067,39.130047,15.615596,-0.019931974,0.021064261
2023-05-15,39.15233,15.983362,-0.01947877,-0.0018576484,39.154453,15.847348,-0.01759079,0.0034724898
2023-05-15,39.15611,16.035875,-0.029616224,0.0012738161,39.160072,16.068117,-0.028873831,0.0062236
2023-05-15,39.190475,16.146284,-0.00809404,0.00575871,39.18384,16.103575,-0.012236573,0.0026938184
2023-05-15,39.12891,15.939671,0.010694747,-0.03895754,39.123714,15.954917,0.016480919,-0.03973815
2023-05-15,39.15193,15.971547,-0.008040964,-0.023937127,39.143974,15.81629,-0.00091197266,-0.033213235
2023-05-15,39.156376,15.970688,-0.031553484,-0.0008492107,39.16108,15.9249,-0.021499587,-0.0061687683
2023-05-15,39.168518,16.060364,-0.00023884051,-0.011464344,39.169342,16.07692,-0.0011469994,0.00065137405
2023-05-15,39.152596,15.984668,-0.015577708,-0.0064752316,39.151073,15.977534,-0.009068542,-0.0022565047
2023-05-15,39.14145,15.996897,-0.026537834,-0.013321993,39.14302,16.234385,-0.034237865,-0.010711352
2023-05-15,39.165333,16.144182,0.0071386774,-0.03651606,39.158432,16.131636,0.011340948,-0.04564795
2023-05-15,39.153126,15.920499,-0.028952777,0.002866086,39.15942,15.835824,-0.02691624,0.0018662546
2023-05-15,39.109802,15.747897,-0.023140991,-0.004484894,39.11241,15.760978,-0.024800193,-0.007974471
2023-05-15,39.182713,16.061575,-0.006899837,-0.024945565,39.182613,16.120039,-0.00795834,-0.028724909
2023-05-15,39.12851,15.852286,-0.003847986,0.00992515,39.136738,15.939692,-0.014857888,0.0075354385
2023-05-15,39.11836,15.62663,-0.007404056,0.010190529,39.11949,15.841514,0.0026050133,0.009018464
2023-05-15,39.17774,16.163034,-0.013773136,0.02303484,39.17575,16.386076,-0.0045788484,0.020665033
2023-05-15,39.180393,16.081064,-0.021230267,0.008598259,39.173523,16.089598,-0.019417766,0.013155073
2023-05-15,39.147816,15.928429,-0.024229042,-0.016426919,39.154552,15.885475,-0.022464992,-0.014559333
2023-05-15,39.132027,16.002375,-0.009872074,-0.025635548,39.12771,16.024632,-0.009627763,-0.027464217
2023-05-15,39.16646,16.033487,-0.0006899837,-0.024361731,39.155384,16.11983,0.0033306256,-0.023677267
2023-05-15,39.145294,15.948236,-0.018921476,0.0027864727,39.150772,15.983648,-0.022455307,0.007985957
2023-05-15,39.1723,15.997915,0.011464344,-0.012207404,39.174126,15.97779,0.010960492,-0.007618793
2023-05-15,39.12911,15.860343,-0.015551171,-0.014675423,39.13086,15.829082,-0.019459987,-0.017724551
2023-05-15,39.162876,15.952026,-0.014834649,0.011145891,39.14969,16.002262,-0.02205776,0.011653885
2023-05-15,39.14629,16.052116,0.005121802,-0.006873299,39.143906,16.084393,-0.0018117337,-0.003316821
2023-05-15,39.134747,15.861394,-0.01727613,0.01127858,39.13861,15.853429,-0.016442034,0.004818333
2023-05-15,39.18902,16.031195,-0.042168617,0.028687399,39.18786,15.945512,-0.04739652,0.024235325
2023-05-15,39.156773,15.93448,-0.022822538,0.01029668,39.159855,16.066355,-0.020089794,0.0048364005
2023-05-15,39.15379,16.012438,0.0014861188,-0.019133778,39.149895,16.158117,-0.008280126,-0.021854185
2023-05-15,39.1583,16.017595,0.005440256,-0.007881736,39.151905,16.039337,0.0051583555,-0.0063658715
2023-05-15,39.14901,16.07065,-0.017806888,0.012923925,39.14988,16.09857,-0.02082105,0.016637342
2023-05-15,39.165398,15.909067,-0.008412493,0.019903375,39.167778,15.957408,-0.00757643,0.020315824
2023-05-15,39.1382,15.897602,-0.022875613,0.014144666,39.14332,15.773636,-0.015493549,0.012476098
2023-05-15,39.174023,15.9349575,-0.0016453457,0.0071121394,39.17092,15.761085,-0.013899449,0.0076682246
2023-05-15,39.128777,15.906105,-0.015418482,-0.017143441,39.124218,15.968929,-0.020466838,-0.015713016
2023-05-15,39.1723,16.141762,-0.024892488,0.017833425,39.172802,16.121004,-0.026448421,0.009005427
2023-05-15,39.111794,15.674494,-0.006395618,-0.013720061,39.114716,15.57933,-0.009445049,0.0003689058
2023-05-15,39.1378,15.843783,0.0019372619,-0.0039010616,39.13205,15.817793,0.005441566,0.0005703378
2023-05-15,39.15107,16.067593,-0.015630784,-0.013428144,39.15134,15.917866,-0.01768577,-0.0058216476
2023-05-15,39.150936,15.88168,-0.010694747,-0.007828661,39.167835,15.849215,-0.008749113,-0.013212931
2023-05-15,39.126522,15.852669,-0.0015922701,-0.0100047635,39.1332,15.678582,-0.008611098,-0.0056385794
2023-05-15,39.13833,15.894705,-0.010110915,-0.00034499186,39.14324,16.049322,-0.009303563,0.007266791
2023-05-15,39.158566,16.04511,-0.017143441,-0.006422156,39.151566,16.247139,-0.014636945,-0.009304697
2023-05-15,39.163074,15.983648,-0.018974552,-0.02046067,39.160435,16.029959,-0.0062570814,-0.015630526
2023-05-15,39.139458,15.9434595,-0.018364182,0.0029456995,39.139492,15.895097,-0.025120363,-0.007941937
2023-05-15,39.18736,16.154785,-0.0023353293,-0.00082267285,39.174824,16.11495,-0.007838504,-0.0036599836
2023-05-15,39.124863,15.916933,-0.0017249592,-0.020911813,39.124954,15.876331,-0.00038790304,-0.020324973
2023-05-15,39.126522,15.809677,-0.023114454,0.019107241,39.128017,16.07236,-0.017139275,0.020544162
2023-05-15,39.158497,16.083899,-0.013932363,-0.0063425424,39.153812,16.06298,-0.010103049,-0.011581777
2023-05-15,39.128445,15.829613,-0.030226594,0.00026537833,39.132595,15.810064,-0.027228381,-0.005351937
2023-05-15,39.175285,16.000813,-0.008412493,-0.0042991294,39.177082,16.066183,-0.013777945,-0.0010855816
2023-05-15,39.135147,15.885788,-0.025025178,-0.00613024,39.13516,15.782904,-0.02317222,-0.008989339
2023-05-15,39.14901,15.909576,-0.02069951,-0.03295999,39.146233,16.069511,-0.012205251,-0.03058533
2023-05-15,39.15485,16.018742,-0.020142216,-0.004511432,39.155403,15.951923,-0.019554166,-0.0031788484
2023-05-15,39.15704,15.880215,0.010110915,-0.0034499185,39.156433,15.901951,0.002362257,0.00010842232
2023-05-15,39.173492,16.144945,-0.023698285,-0.017196517,39.17154,15.81608,-0.01960175,-0.016801398
2023-05-15,39.194656,16.110012,-0.007032526,0.0050421883,39.198505,16.303396,-0.0054381844,0.0076419166
2023-05-15,39.17973,16.044888,-0.01348122,-0.018470332,39.186024,16.257349,0.007687969,-0.02102787
2023-05-15,39.13886,15.8246765,-0.009182091,-0.0005838323,39.143333,15.983672,-0.013923306,0.006502855
2023-05-15,39.16188,15.977567,-0.010800899,-0.011570496,39.15939,15.986443,-0.0136725865,-0.013473221
2023-05-15,39.18955,16.040014,-0.011835874,0.0014595808,39.17643,15.885466,-0.010792475,0.0035626306
2023-05-15,39.157703,15.886202,-0.035321858,-0.0039010616,39.16138,15.801421,-0.04060029,-0.0017155822
2023-05-15,39.15372,15.945657,-0.0075632827,0.011437806,39.13832,15.937347,-0.0020467176,0.0066446397
2023-05-15,39.164005,16.016737,0.008730947,0.0146223465,39.166637,15.960503,0.00054859446,0.006942078
2023-05-15,39.170307,16.088802,0.001433043,-0.0046706586,39.166527,15.9705925,0.0016323382,-0.004629983
2023-05-15,39.127914,15.860439,-0.015365406,-0.01249932,39.13168,15.72991,-0.016292859,-0.0047852886
2023-05-15,39.18152,16.076796,-0.01188895,0.009235166,39.186653,16.023651,-0.016862798,0.0062843035
2023-05-15,39.160355,16.056448,-0.020672973,-0.010721285,39.15405,15.824055,-0.026641391,-0.0046276697
2023-05-15,39.167656,15.987597,-0.022796,-0.013613909,39.16927,16.043442,-0.021945557,-0.010745872
2023-05-15,39.14629,15.981101,-0.030306207,0.0071121394,39.149284,15.785318,-0.04253677,0.014198124
2023-05-15,39.16091,16.034292,-0.011958734,-0.011376622,39.1589,16.044504,-0.009195618,-0.01583826
2023-05-26,39.159893,16.418562,-0.021283343,0.028501634,39.160686,16.52524,-0.016805952,0.026358848
2023-05-26,39.134415,16.187428,-0.0033172292,0.027440121,39.13269,15.997434,0.0039797127,0.01723394
2023-05-26,39.16905,16.322802,-0.023830974,0.0073244423,39.166622,16.122858,-0.020352019,0.007211271
2023-05-26,39.16686,16.338247,-0.02635207,-0.0017249592,39.168526,16.449781,-0.025180973,0.0015570704
2023-05-26,39.144367,16.1645,0.01005784,-0.018682634,39.14784,15.997902,-0.0007429581,-0.016282981
2023-05-26,39.163208,16.285511,-0.019293005,-0.007483669,39.16668,16.068888,-0.013438493,-0.006809592
2023-05-26,39.146492,16.152971,-0.0120481765,0.0048564235,39.14654,16.270046,0.003204078,-0.0105131455
2023-05-26,39.12904,16.041416,-0.002414943,-0.018709173,39.13203,15.898242,-0.0017313084,-0.013664365
2023-05-26,39.17044,16.175804,-0.024892488,0.006581383,39.17271,16.196907,-0.02646935,0.009692194
2023-05-26,39.165398,16.19316,-0.009235166,-0.003502994,39.16569,16.13813,-0.009659292,-0.0010880552
2023-05-26,39.14105,16.01234,0.010482444,-0.0047768103,39.139194,16.118757,0.013209952,-0.0021776217
2023-05-26,39.185036,16.257233,-0.009367855,-0.03508302,39.187103,16.112762,-0.008546148,-0.030761762
2023-05-26,39.17422,16.22924,-0.003688759,-0.009951687,39.17593,16.21685,-0.0055068117,-0.011378689
2023-05-26,39.177143,16.282358,-0.035268784,0.018974552,39.17849,16.118624,-0.0344328,0.016832052
2023-05-26,39.145294,16.19574,0.0025476322,-0.020858739,39.142475,16.071026,-0.0011422678,-0.02828618
2023-05-26,39.16089,16.258284,-0.002866086,0.005944475,39.167145,16.277634,0.0016571276,0.01445155
2023-05-26,39.14828,16.215038,-0.003343767,-0.02462711,39.154182,16.350527,0.008578141,-0.02664532
2023-05-26,39.16991,16.343151,-0.0130831525,0.016984213,39.171707,16.174389,-0.008289648,0.00346877
2023-05-26,39.12453,15.989445,-0.005227953,0.0056525585,39.13528,15.894308,-0.007410527,0.0049648113
2023-05-26,39.17409,16.324745,-0.015020414,0.01616154,39.178608,16.416126,-0.015479162,0.0014709063
2023-05-26,39.175816,16.29446,-0.025476322,0.0120481765,39.18209,16.492289,-0.028332673,0.0054919063
2023-05-26,39.18656,16.286627,-0.007828661,-0.014648885,39.18621,16.333618,-0.0027186389,-0.016662218
2023-05-26,39.188156,16.433147,-0.014755036,0.027413582,39.180176,16.590666,-0.0031127457,0.019525183
2023-05-26,39.141647,16.193573,-0.008518645,0.0045910454,39.145947,16.304756,-0.009525705,0.0066756266
2023-05-26,39.160954,16.255991,-0.0013268917,0.013136228,39.155575,16.115374,-0.0009438728,0.012792174
2023-05-26,39.16885,16.191982,-0.019186854,0.035136092,39.164223,16.195446,-0.015102822,0.03152458
2023-05-26,39.163807,16.273888,-0.017169978,0.0014595808,39.166016,16.269194,-0.017891377,0.002448521
2023-05-26,39.152725,16.277517,0.008226729,-0.008385955,39.154606,16.37162,0.011233577,-0.019930389
2023-05-26,39.11385,15.97349,0.0151531035,0.01873571,39.117535,16.197329,0.017904835,0.0069093904
2023-05-26,39.152927,16.197586,0.005440256,-0.010933587,39.148647,16.209219,-0.0014469365,-0.009534516
2023-05-26,39.155514,16.218763,-0.013215842,0.004962575,39.15769,16.118656,-0.009861622,-0.0051735328
2023-05-26,39.189747,16.418274,-0.0050421883,0.016506532,39.191242,16.375393,-0.0051689744,0.011997718
2023-05-26,39.16659,16.303503,0.033384595,-0.043999728,39.15771,16.460052,0.032392535,-0.05401032
2023-05-26,39.15664,16.160582,0.0006899837,-0.03139426,39.162407,16.154879,0.0026653477,-0.025677646
2023-05-26,39.16845,16.275608,-0.009633234,0.0045910454,39.16346,16.524256,0.0059310137,0.00030616633
2023-05-26,39.167656,16.307388,-0.007589821,-0.00015922701,39.16171,16.253399,-0.0021707101,-0.0024437248
2023-05-26,39.15319,16.178638,-0.0071652154,-0.007085602,39.15258,15.973666,-0.022435693,-0.00034030378
2023-05-26,39.146492,16.242647,-0.00894325,0.00053075666,39.15179,16.099277,-0.015206665,0.0032921187
2023-05-26,39.14629,16.317516,0.020672973,-0.03418073,39.147617,16.256142,0.015343253,-0.03233801
2023-05-26,39.168385,16.240831,-0.015630784,0.007218291,39.17527,16.14208,-0.019529462,0.004657415
2023-05-26,39.123337,16.02266,-0.01947877,0.009580159,39.130737,15.916333,-0.01988193,-0.0034805299
2023-05-26,39.180855,16.264143,-0.01127858,-0.030916577,39.1672,16.15858,-0.005512167,-0.029686986
2023-05-26,39.13906,16.14797,-0.0110397395,0.025317093,39.14157,16.244095,-0.012618408,0.018225828
2023-05-26,39.15425,16.089216,-0.021416033,0.01005784,39.15216,16.279623,-0.013059385,0.014491776
2023-05-26,39.174355,16.484863,-0.015816549,0.011066277,39.174767,16.673117,-0.009146141,0.011949435
2023-05-26,39.191605,16.419613,-0.01876225,0.008677872,39.18832,16.427046,-0.022613613,0.012538431
2023-05-26,39.16553,16.243284,0.0029722375,-0.01090705,39.16952,16.416332,0.0011048352,-0.012301967
2023-05-26,39.159958,16.307325,-0.009818999,-0.0115439575,39.161434,16.272879,-0.012448609,-0.01756726
2023-05-26,39.16334,16.270288,0.016347306,-0.009553621,39.160706,16.377487,0.009220607,-0.010673301
2023-05-26,39.161217,16.282423,-0.005334105,-0.0034499185,39.166393,16.235092,-0.00808018,-1.1746231e-05
2023-05-26,39.178337,16.287868,7.961351e-05,-0.013587371,39.182907,16.350323,-0.0013478643,-0.016528498
2023-05-26,39.144634,16.168608,-0.0094740065,-0.012180866,39.13797,16.279047,-0.0035715953,-0.018716104
2023-05-26,39.1579,16.197044,-0.0016188079,-0.0066609965,39.155663,16.295912,0.008226938,-0.0052176802
2023-05-26,39.148746,16.307453,0.022636773,0.00031845403,39.152306,16.108717,0.013624045,0.010005882
2023-05-26,39.14417,16.171568,-0.014967338,0.023698285,39.15704,16.260328,-0.019697638,0.024256023
2023-05-26,39.19711,16.344553,-0.045618538,0.03749796,39.195396,16.304249,-0.048213687,0.043885544
2023-05-26,39.17694,16.228794,-0.01507349,-0.0021761025,39.176098,16.131378,-0.020267917,-0.008101645
2023-05-26,39.13561,16.192873,0.0038214482,-0.005227953,39.132805,16.384699,0.0006245927,-0.0032932465
2023-05-26,39.17203,16.343056,-0.024255581,0.011384731,39.169716,16.287619,-0.02622616,0.014642676
2023-05-26,39.16387,16.363691,-0.011305117,0.011942025,39.15634,16.244402,-0.009633554,0.004199607
2023-05-26,39.160023,16.170073,-0.019505309,0.023830974,39.162354,16.304417,-0.021415299,0.008946935
2023-05-26,39.139923,16.184626,-0.019425694,0.030545047,39.139454,16.18196,-0.021931602,0.0199198
2023-05-26,39.167522,16.216599,-0.009420931,-0.0025210942,39.166344,16.297878,-0.017619058,-9.0213885e-05
2023-05-26,39.128643,16.179052,-0.013693523,-0.021469109,39.13394,16.279991,-0.009701557,-0.022219868
2023-05-26,39.171635,16.396269,0.0084655695,0.016347306,39.161602,16.401442,0.008673773,0.008948717
2023-05-26,39.12851,15.969414,-0.0024680186,-0.0031314644,39.135387,15.8610935,-0.00640063,0.0038101054
2023-05-26,39.165,16.25529,0.008837099,-0.0053606424,39.16121,15.998166,0.000569796,-0.007804031
2023-05-26,39.16354,16.383371,-0.0029191617,-0.03147387,39.16481,16.763283,0.00073784805,-0.03896729
2023-05-26,39.175083,16.201185,-0.020779124,0.008651334,39.17281,16.244423,-0.022897817,0.011621907
2023-05-26,39.135212,16.088165,0.007828661,-0.0049094995,39.138435,16.063026,0.009194123,-0.007834791
2023-05-26,39.153126,16.204433,-0.011198966,0.011782798,39.15207,16.182095,-0.012766261,0.0064614746
2023-05-26,39.189083,16.474354,-0.008598259,-0.012605472,39.186398,16.385809,-0.00574792,-0.012697855
2023-05-26,39.15432,16.204752,-0.018603021,-0.005891399,39.15481,16.3483,-0.010232087,-0.015238418
2023-05-26,39.128178,16.189848,0.001433043,-0.002229178,39.13205,16.13505,-0.0009767546,-0.0013637826
2023-05-26,39.17734,16.437063,-0.006103702,-0.0026537834,39.169483,16.292135,-0.013541909,-0.005433068
2023-05-26,39.133022,16.16918,-0.006899837,-0.009580159,39.127937,16.444304,0.010884527,-0.012341082
2023-05-26,39.18079,16.266308,-0.003502994,0.024706723,39.178925,16.182394,-0.001301545,0.019579766
2023-05-26,39.16931,16.383213,-0.013587371,-0.015445019,39.14948,16.494726,0.002892421,-0.026312502
2023-05-26,39.1715,16.270512,-0.0257417,0.0060506263,39.17348,16.568424,-0.021694724,-6.900953e-05
2023-05-26,39.17064,16.233795,0.00674061,-0.00023884051,39.173946,16.074661,0.004680194,0.0023073065
2023-05-26,39.14251,16.126572,-0.010270142,0.005811786,39.132942,16.089006,-0.012874046,0.0057960986
2023-05-26,39.16407,16.191122,-0.013693523,-0.031155417,39.150513,15.974925,-0.017451257,-0.03725145
2023-05-26,39.138264,16.244972,-0.0061567775,0.015710399,39.139088,16.118992,-0.014248205,0.011639224
2023-05-26,39.164005,16.10689,0.010960125,-0.003954137,39.16217,16.187971,0.012664909,-0.009835626
2023-05-26,39.16606,16.360922,0.0047502723,-0.015418482,39.170574,16.338436,0.013753501,-0.017212898
2023-05-26,39.185566,16.33917,-0.012791236,0.014277355,39.181034,16.099491,-0.012244476,0.01109379
2023-05-26,39.162083,16.248667,0.008837099,-0.019293005,39.157654,16.259747,0.0071336646,-0.02086458
2023-05-26,39.178204,16.213604,-0.014940801,-0.0028395483,39.17514,16.179466,-0.014336627,-0.008577499
2023-05-26,39.174023,16.25994,-0.017806888,0.004352205,39.17444,16.320303,-0.014421996,0.013920022
2023-05-26,39.169247,16.242552,-0.010429369,0.026405144,39.161537,16.286003,-0.008080753,0.024134079
2023-05-26,39.174023,16.210293,-0.019903375,-0.008598259,39.173145,16.158716,-0.023516102,-0.004399127
2023-05-26,39.152462,16.17746,-0.014224279,0.019027628,39.155922,16.08086,-0.009211261,0.013124071
2023-05-26,39.164867,16.27481,0.004803348,0.018549947,39.163464,16.190804,-0.0058291387,0.024228675
2023-05-26,39.173626,16.335413,0.004936037,-0.0007430594,39.17475,16.303291,-0.0013424184,0.0039598676
2023-05-26,39.14012,16.086096,-0.0030253131,-0.010508982,39.14027,16.096296,-0.010335559,-0.011405819
2023-05-26,39.164867,16.376143,-0.014993876,0.02133642,39.163708,16.386263,-0.01680152,0.0077818534
2023-05-26,39.16354,16.377512,-0.015445019,0.0028395483,39.1613,16.235754,-0.024265772,0.0027862708
2023-05-26,39.18172,16.31723,-0.026033616,-0.00931478,39.176514,16.23841,-0.030964047,0.001424925
2023-05-26,39.152725,16.249208,-0.011437806,0.008837099,39.155903,16.285315,-0.015964674,0.011208877
2023-05-26,39.16207,16.26687,-0.0014976676,-0.012523892,39.153057,16.157139,-0.010616001,-0.014228222
2023-06-07,39.14178,16.655014,-0.009659772,0.032482307,39.141533,16.483469,-0.0056655603,0.03303301
2023-06-07,39.158764,16.589571,0.0046706586,0.033437673,39.15691,16.469173,0.0128245475,0.026258344
2023-06-07,39.167057,16.633009,0.0060240882,0.013693523,39.1697,16.583065,0.008729391,0.0113359615
2023-06-07,39.1723,16.595877,0.0178865,0.016692298,39.1677,16.52466,0.005299984,0.022213137
2023-06-07,39.12347,16.411905,0.0178865,-0.027970877,39.123966,16.442434,0.015629448,-0.013344746
2023-06-07,39.165264,16.677368,-0.008014426,-0.0055198697,39.1623,16.585306,-0.0022745852,-0.012696846
2023-06-07,39.148148,16.466967,-0.0028130105,-0.0025210942,39.161747,16.591496,0.0002895219,-0.0038166423
2023-06-07,39.152725,16.469418,-0.0037152967,-0.0115439575,39.157917,16.486427,-0.0083661,-0.01689109
2023-06-07,39.185898,16.592278,-0.02526402,0.019558383,39.191017,16.742481,-0.022042673,0.020584805
2023-06-07,39.17774,16.674631,-0.007510207,0.0077225096,39.170395,16.670311,-0.0020916054,-0.0102147795
2023-06-07,39.132824,16.234846,0.014542733,0.0053871805,39.122562,16.056433,0.014782649,0.0009071804
2023-06-07,39.16958,16.619091,-0.022849075,-0.018390719,39.168537,16.551004,-0.015345676,-0.015445164
2023-06-07,39.1658,16.466139,-0.0072713667,0.0063425424,39.163517,16.315737,0.005641024,-0.012163009
2023-06-07,39.176014,16.57575,-0.027493196,0.038320635,39.172707,16.581066,-0.029222894,0.029081458
2023-06-07,39.14795,16.55158,0.017116902,-0.023220604,39.158543,16.375189,0.0058255387,-0.023029028
2023-06-07,39.16115,16.592596,0.0032906914,0.018496871,39.1654,16.550632,-0.0041393405,0.01524209
2023-06-07,39.151863,16.477062,-0.0039806752,-0.022318318,39.148705,16.441301,-0.004427512,-0.02535225
2023-06-07,39.130768,16.456648,-0.0045910454,0.0010615133,39.133675,16.419662,-0.021378038,-0.0049196226
2023-06-07,39.132557,16.442892,0.0031580024,0.0005572945,39.135338,16.536377,0.0064415205,-0.0064089573
2023-06-07,39.148415,16.50187,-2.6537835e-05,0.011358193,39.150528,16.764503,0.0010541722,-0.001178332
2023-06-07,39.168316,16.623327,-0.022504084,0.018045727,39.169086,16.6846,-0.020628449,0.008416595
2023-06-07,39.151268,16.556707,-0.013746598,-0.030332744,39.14976,16.657467,-0.006731824,-0.023084274
2023-06-07,39.184772,16.705042,0.007218291,0.037099894,39.181816,16.638678,0.008410825,0.03748753
2023-06-07,39.15956,16.50569,0.024706723,0.0039275996,39.151924,16.277275,0.01832363,0.00072545704
2023-06-07,39.162678,16.550018,-0.0015391944,0.0120747145,39.174484,16.604076,-0.00282555,0.020060332
2023-06-07,39.177406,16.611609,-0.007218291,0.026856288,39.1782,16.73678,-0.005442595,0.028321417
2023-06-07,39.165,16.624155,-0.01923993,0.0100313015,39.16729,16.663507,-0.019632865,0.011513285
2023-06-07,39.146225,16.5961,-0.00015922701,0.008226729,39.144295,16.857618,0.014976338,-0.0007990547
2023-06-07,39.124065,16.325764,0.015391944,0.017806888,39.11226,16.48456,0.028352711,0.0017663293
2023-06-07,39.144764,16.569668,0.00066344586,-0.0049094995,39.148872,16.491028,0.0015270633,-0.007657169
2023-06-07,39.17482,16.591578,0.0120747145,-0.012233942,39.167397,16.466991,0.012291733,-0.025471983
2023-06-07,39.190475,16.704884,0.0076428964,0.010747823,39.190918,16.73295,0.0038565532,0.010732025
2023-06-07,39.1587,16.69549,0.039169844,-0.039143305,39.158707,16.671816,0.03912853,-0.025085934
2023-06-07,39.15969,16.527473,0.0042991294,-0.030890038,39.163494,16.456738,0.008601743,-0.03202133
2023-06-07,39.152527,16.58629,-0.0017249592,0.0025210942,39.153954,16.502333,4.489979e-05,-0.0011689946
2023-06-07,39.17754,16.613136,-0.00514834,-0.007510207,39.180073,16.514902,0.001712037,-0.014462528
2023-06-07,39.160557,16.495308,0.01324238,-0.011835874,39.160378,16.32465,0.010517621,-0.014105753
2023-06-07,39.137997,16.39595,0.051881466,0.009261704,39.142124,16.482649,0.05152965,0.008591751
2023-06-07,39.130367,16.61887,0.021495646,-0.024096353,39.126247,16.63324,0.029630492,-0.022376234
2023-06-07,39.168186,16.563871,0.0077755856,0.008253266,39.16613,16.515032,0.0073704133,0.0059200744
2023-06-07,39.142906,16.37264,-0.018337643,0.02268985,39.135273,16.333767,-0.016891384,0.017561955
2023-06-07,39.18457,16.688387,-0.01005784,-0.02011568,39.177948,16.575098,-0.0066274544,-0.022619173
2023-06-07,39.142708,16.459196,0.019876838,0.033915352,39.144066,16.289846,0.016437959,0.016479252
2023-06-07,39.158367,16.363947,-0.01934608,0.0050421883,39.160606,16.357887,-0.0075322604,-0.011405357
2023-06-07,39.143703,16.70603,0.0068202233,0.016824987,39.1481,16.823246,0.0044985833,0.004878381
2023-06-07,39.174953,16.683102,-0.011384731,0.028634323,39.175148,16.808537,-0.009997357,0.0080510825
2023-06-07,39.146954,16.56814,0.013056614,-0.010986663,39.143795,16.618565,0.009900912,-0.009761585
2023-06-07,39.14987,16.562757,-0.0077755856,0.011384731,39.140038,16.421618,-0.010515617,0.005337035
2023-06-07,39.148746,16.548395,0.024706723,-0.025954003,39.146847,16.66937,0.034639966,-0.025811402
2023-06-07,39.14556,16.57438,0.006395618,-0.010853974,39.140625,16.729502,0.007039769,-0.024646873
2023-06-07,39.180855,16.636353,0.017143441,-0.009182091,39.16937,16.564362,0.021458287,-0.020796463
2023-06-07,39.146557,16.484863,-0.010774361,-0.0021230266,39.14694,16.532824,-0.015332539,-0.004360735
2023-06-07,39.125195,16.389677,0.0072448286,-0.0105355205,39.130028,16.271576,0.007060712,-0.00050851185
2023-06-07,39.118095,16.45289,0.046255447,-0.003370305,39.11723,16.468176,0.031668853,-0.0055463663
2023-06-07,39.171635,16.579222,-0.011411269,0.015020414,39.17533,16.603062,-0.018985504,0.018096732
2023-06-07,39.20819,16.697813,-0.020248368,0.023592135,39.17304,16.606594,-0.01679186,0.015034387
2023-06-07,39.160156,16.54814,-0.016320769,-0.0016718835,39.156864,16.677141,-0.013224367,-0.0039709997
2023-06-07,39.118626,16.362768,0.019797225,-0.005917937,39.126648,16.249182,0.02373413,-0.004441573
2023-06-07,39.158566,16.585876,-0.007589821,0.021389494,39.143806,16.216139,-0.009652203,0.007759103
2023-06-07,39.15863,16.724754,0.021177191,-0.0014065052,39.153683,16.36083,0.018332431,-0.002001869
2023-06-07,39.150803,16.495213,-0.021283343,-0.00257417,39.153717,16.388012,-0.017971667,-0.0063377838
2023-06-07,39.13873,16.490788,-0.027493196,0.022397932,39.13704,16.327482,-0.02226474,0.012823591
2023-06-07,39.168915,16.557344,-0.0037949104,0.00416644,39.162743,16.502127,-0.0070668915,0.0033551953
2023-06-07,39.143505,16.582756,-0.014569271,0.0028395483,39.150307,16.519741,0.0017433625,-0.0033314233
2023-06-07,39.166195,16.670904,0.015259255,0.01287085,39.169136,16.519335,0.020043423,0.013494652
2023-06-07,39.140785,16.33605,-0.012791236,0.0016718835,39.146572,16.291082,-0.007853912,0.0045418194
2023-06-07,39.15651,16.466074,0.0069794506,-0.010853974,39.16155,16.472681,-0.0010905007,-0.01015871
2023-06-07,39.149475,16.609697,-0.011570496,-0.033517286,39.15518,16.668423,-0.0068668015,-0.03913961
2023-06-07,39.171967,16.555273,-0.030359283,0.011305117,39.17186,16.355202,-0.02861987,0.012531063
2023-06-07,39.156708,16.486774,0.00992515,0.00079613505,39.169796,16.359795,0.013608325,-0.0032521146
2023-06-07,39.16553,16.60008,-0.009818999,0.010721285,39.173943,16.48509,-0.008086469,0.013204806
2023-06-07,39.16387,16.708069,0.0019903376,-0.012313555,39.16659,16.471994,0.0055917306,-0.010457646
2023-06-07,39.156708,16.53416,-0.014940801,-0.0013268917,39.15716,16.53284,-0.0066668577,-0.00024650656
2023-06-07,39.140385,16.543331,-0.00010615134,-0.0084655695,39.148335,16.339108,-0.0059785172,-0.014748734
2023-06-07,39.171635,16.705202,0.015498095,-0.008677872,39.171825,16.368984,0.026015127,-0.0055556134
2023-06-07,39.15863,16.555464,0.025635548,0.006422156,39.15437,16.68078,0.027592856,-0.0011426735
2023-06-07,39.152596,16.396301,0.0042195157,0.021999864,39.14817,16.27649,-0.0021996128,0.0053097787
2023-06-07,39.152992,16.71224,0.015551171,-0.031898476,39.148067,16.737814,0.016993048,-0.03894137
2023-06-07,39.15452,16.549604,-0.0012207404,0.0075632827,39.157997,16.27811,-0.0009290955,0.011279194
2023-06-07,39.173557,16.55903,0.022318318,-0.0026007078,39.1688,16.466629,0.028062947,-0.0017511001
2023-06-07,39.166393,16.567024,-0.0019372619,0.0010349755,39.163414,16.33798,-0.0050078128,-0.009119795
2023-06-07,39.178867,16.638868,-0.007297904,-0.034472648,39.181316,16.413877,-0.015304165,-0.028560013
2023-06-07,39.150074,16.569859,0.016559608,0.0014861188,39.15092,16.595428,0.013145346,0.0031747106
2023-06-07,39.153057,16.357546,-0.0076428964,-0.008730947,39.15151,16.410463,-0.010108957,-0.0035397378
2023-06-07,39.144234,16.642593,0.015179642,-0.018045727,39.140694,16.569893,0.004276161,-0.025263961
2023-06-07,39.18656,16.630812,7.961351e-05,0.023220604,39.182503,16.556824,-0.0052945893,0.01923501
2023-06-07,39.15684,16.564764,0.021495646,-0.03627722,39.15463,16.393332,0.027691497,-0.03169606
2023-06-07,39.173225,16.579285,-0.0055198697,0.01226048,39.17065,16.63942,-0.0036087588,0.016038613
2023-06-07,39.160023,16.642147,0.012366631,0.013030076,39.161842,16.63002,0.022795541,0.004166513
2023-06-07,39.16825,16.55212,-0.01151742,0.023512522,39.174023,16.632275,-0.011189565,0.021498626
2023-06-07,39.180126,16.567152,-0.00613024,-0.0277055,39.165592,16.381172,-0.0023269348,-0.026515614
2023-06-07,39.161087,16.64495,-0.011623572,0.019770687,39.159996,16.716524,-0.011003101,0.011911821
2023-06-07,39.181587,16.665682,0.014569271,0.019027628,39.178516,16.629677,0.011470253,0.015242072
2023-06-07,39.170242,16.684948,0.008173653,0.00015922701,39.156013,16.488943,0.009716861,0.0025851126
2023-06-07,39.177605,16.588871,-0.007191753,-0.004803348,39.177002,16.42668,-0.0055271257,-0.013508566
2023-06-07,39.114643,16.482061,-0.003847986,0.024467884,39.121452,16.337473,0.00038076218,0.0046435683
2023-06-07,39.14198,16.603456,-0.023990203,-0.0007695972,39.153034,16.773788,-0.01852785,0.005920963
2023-06-07,39.163475,16.59352,0.0007695972,-0.008412493,39.150917,16.51737,0.0019166509,-0.01812647
2023-06-07,39.15319,16.639187,-0.0008757485,0.0151265655,39.151382,16.643717,0.008084646,0.015646158
2023-06-07,39.15659,16.577705,-0.002464087,-0.008856019,39.14883,16.567442,-0.008468321,-0.007898748
2023-06-13,39.147152,16.69549,0.014755036,0.016426919,39.149986,16.527437,0.008593176,0.021760905
2023-06-13,39.163673,16.636862,0.02130988,0.030279668,39.166313,16.464848,0.018484153,0.018035056
2023-06-13,39.16467,16.613678,0.03112888,0.0063690804,39.162846,16.637106,0.01794132,-0.005970421
2023-06-13,39.182316,16.607819,0.046706587,0.013799674,39.18265,16.624165,0.043032728,0.0056588273
2023-06-13,39.12997,16.514353,0.03566685,-0.02696244,39.12973,16.49428,0.03013617,-0.03167076
2023-06-13,39.165863,16.6924,0.0079878885,-0.009845536,39.16656,16.456535,-0.0046282858,-0.011756509
2023-06-13,39.144566,16.49808,0.015498095,-0.0075632827,39.13702,16.304077,0.011678924,-0.019453097
2023-06-13,39.150803,16.509352,0.015046952,-0.0056525585,39.138985,16.339302,0.0022000864,-0.008971384
2023-06-13,39.188488,16.577534,0.0037683726,0.024467884,39.17823,16.751854,0.004242483,0.02317843
2023-06-13,39.169975,16.65479,0.012127791,0.010562058,39.16449,16.519794,0.010271354,0.0016646158
2023-06-13,39.135212,16.315828,0.03784295,0.0064486936,39.146133,16.265017,0.03318249,0.00860469
2023-06-13,39.177803,16.668165,-0.01764766,-0.013375068,39.178257,16.519733,-0.023859655,-0.017848471
2023-06-13,39.16175,16.484417,0.011464344,0.0032376158,39.154728,16.27238,0.009179498,0.002979334
2023-06-13,39.158962,16.525372,-0.0009288242,0.02635207,39.16304,16.61831,-0.0049818857,0.025079632
2023-06-13,39.142178,16.535116,0.023114454,-0.024308655,39.13882,16.387945,0.023924045,-0.039362896
2023-06-13,39.154984,16.591991,0.032270007,0.0077225096,39.145462,16.753668,0.029451437,0.004006553
2023-06-13,39.14556,16.511454,0.017621122,-0.02645822,39.145153,16.457607,0.013520256,-0.028413482
2023-06-13,39.13183,16.47117,0.0068202233,0.00047768102,39.137886,16.440613,-0.00046226263,0.0037879678
2023-06-13,39.13163,16.464993,0.016241154,-0.0035560697,39.132435,16.45343,0.018320233,-0.004562656
2023-06-13,39.13455,16.472252,0.010323217,0.00453797,39.12888,16.463022,0.008472688,0.007436234
2023-06-13,39.16374,16.591036,0.0027599349,0.016426919,39.166058,16.59035,0.0012492628,0.011083078
2023-06-13,39.157967,16.62581,-0.005626021,-0.023963664,39.149258,16.671793,-0.0019105657,-0.02441819
2023-06-13,39.171104,16.650078,0.031686176,0.028660862,39.170204,16.716152,0.02171466,0.026841892
2023-06-13,39.15538,16.547758,0.04837847,-0.009049402,39.15949,16.612776,0.036045115,-0.013891846
2023-06-13,39.14397,16.50378,0.020566821,0.009606696,39.155296,16.603489,0.015799435,0.011352317
2023-06-13,39.161816,16.56419,0.01287085,0.015869625,39.1585,16.512236,0.008081484,0.015084958
2023-06-13,39.16666,16.66339,-0.0029191617,0.017700735,39.166187,16.534903,-0.0025105749,0.009511724
2023-06-13,39.155846,16.636576,0.0074571315,0.017700735,39.14972,16.293472,0.010094555,0.014083367
2023-06-13,39.126587,16.362831,0.009288242,0.010615134,39.132935,16.393955,-0.0075646117,0.0019809897
2023-06-13,39.137733,16.551834,0.019744148,0.0033968429,39.135536,16.480251,0.014054968,0.0066945623
2023-06-13,39.17011,16.643612,0.028873164,-0.019876838,39.17178,16.706604,0.034985114,-0.036391187
2023-06-13,39.179398,16.613487,0.024282118,0.005413718,39.173378,16.477297,0.015725056,0.0050505786
2023-06-13,39.14669,16.69014,0.05108533,-0.030545047,39.14998,16.892033,0.038753137,-0.027388858
2023-06-13,39.16102,16.560656,0.0071386774,-0.028979314,39.14904,16.506952,-0.0006621887,-0.0164259
2023-06-13,39.145893,16.53983,0.00870441,-0.0031314644,39.1394,16.583553,0.016083738,-0.0057097995
2023-06-13,39.162613,16.58333,-0.007085602,0.0011942026,39.16897,16.678532,0.0021032046,0.006929902
2023-06-13,39.1583,16.529383,0.030279668,-0.028236255,39.15091,16.419355,0.035659168,-0.025377154
2023-06-13,39.140587,16.409773,0.066185355,0.0009288242,39.1299,16.331924,0.06653356,-0.0190749
2023-06-13,39.12858,16.641224,0.018523408,-0.0034499185,39.12557,16.408302,0.022407258,-0.0067421333
2023-06-13,39.160355,16.527664,0.027280893,-0.005121802,39.161755,16.589884,0.029856917,-0.012064369
2023-06-13,39.153656,16.416332,0.006873299,0.0009288242,39.156673,16.466692,0.0061471276,0.0004366651
2023-06-13,39.16301,16.642658,0.004139902,-0.011729723,39.161213,16.619621,0.007866469,-0.012235722
2023-06-13,39.132626,16.488749,0.057772864,0.013587371,39.128983,16.314789,0.045373626,0.011054132
2023-06-13,39.134083,16.36538,0.009527083,-0.0006899837,39.138603,16.533968,0.009354953,-0.0025987835
2023-06-13,39.137997,16.696571,0.034366496,0.016533071,39.136242,16.618801,0.04255526,2.4335068e-05
2023-06-13,39.1658,16.657944,0.020858739,0.020168753,39.17426,16.810038,0.022209853,0.030895276
2023-06-13,39.142906,16.555368,0.02253062,0.0010880512,39.148586,16.345142,0.011919726,0.0004639268
2023-06-13,39.159294,16.590878,0.031580023,0.014834649,39.156296,16.346287,0.0357172,0.008774277
2023-06-13,39.160755,16.610653,0.025396707,-0.01151742,39.17103,16.5453,0.017976848,-0.0073205265
2023-06-13,39.14377,16.595495,0.020619897,-0.020381058,39.151707,16.672245,0.015696945,-0.0204559
2023-06-13,39.16712,16.536198,0.03553416,-0.004007213,39.171467,16.499777,0.032852087,0.0018959563
2023-06-13,39.14178,16.524607,0.0006103702,0.0007695972,39.15203,16.869135,0.0036596805,-0.004277525
2023-06-13,39.12586,16.407415,0.025078254,-0.011225504,39.128105,16.377459,0.016783156,-0.02169726
2023-06-13,39.107548,16.500723,0.043203596,0.0019107241,39.10204,16.5538,0.045091946,-0.001485769
2023-06-13,39.156708,16.626066,0.0055198697,0.013136228,39.15948,16.653397,-0.005818707,0.006767481
2023-06-13,39.185566,16.591291,0.0029722375,0.010137453,39.1879,16.472359,0.010144617,0.0039742063
2023-06-13,39.15233,16.517792,-0.0026007078,0.0023884051,39.14972,16.358635,-0.005943504,0.000247737
2023-06-13,39.12506,16.367832,0.032615,-0.013905825,39.124573,16.281813,0.021305569,-0.011773381
2023-06-13,39.150406,16.627022,0.015206179,0.026192842,39.151176,16.576572,0.017479531,0.012648111
2023-06-13,39.15737,16.749722,0.036356833,-0.008147115,39.16081,16.757753,0.019365406,-0.009943864
2023-06-13,39.139324,16.486998,0.0027599349,-0.01937262,39.1369,16.546482,0.0062590996,-0.019900477
2023-06-13,39.148018,16.587883,-0.01507349,0.0012207404,39.153076,16.518946,-0.016967688,-0.006265623
2023-06-13,39.157104,16.588074,0.01815188,-0.004033751,39.164104,16.599976,0.014388009,0.004530312
2023-06-13,39.15392,16.640682,0.0074305935,0.011623572,39.1608,16.530571,0.012557044,-0.0023954096
2023-06-13,39.164536,16.666096,0.032402694,0.01324238,39.156975,16.579327,0.024706183,0.012072802
2023-06-13,39.150867,16.469545,-0.0037683726,0.0004511432,39.14691,16.390503,-0.014084624,-0.00013642984
2023-06-13,39.15684,16.527155,0.016081927,-0.005732172,39.156982,16.560492,0.007075429,-0.010938756
2023-06-13,39.163673,16.731825,-0.010960125,-0.020964889,39.15329,16.803946,0.004395689,-0.016191892
2023-06-13,39.17734,16.579062,-0.014648885,0.015100027,39.177216,16.618263,-0.008937989,0.012648374
2023-06-13,39.165264,16.58677,0.011968563,-0.010349755,39.16708,16.486706,0.009163985,-0.011444825
2023-06-13,39.153126,16.591578,0.0044052806,0.014171204,39.148785,16.506859,-0.0015343109,0.0077179275
2023-06-13,39.145695,16.674185,0.01998299,-0.0023087915,39.13815,16.664434,0.0132390885,-0.0012141023
2023-06-13,39.156376,16.533842,0.012817774,-0.018390719,39.1584,16.497108,0.0017394328,-0.018318519
2023-06-13,39.145164,16.576292,0.0071386774,0.0010880512,39.148453,16.503973,0.0033933164,-0.0035577142
2023-06-13,39.16938,16.723799,0.039647523,-0.0034499185,39.170944,16.678982,0.040221144,-0.007574472
2023-06-13,39.153988,16.550497,0.042832065,0.023432909,39.15649,16.34552,0.032243963,0.024077026
2023-06-13,39.14636,16.374233,0.012923925,0.017753812,39.151554,16.593084,0.0067071235,0.011807516
2023-06-13,39.158035,16.704979,0.0397006,-0.031102343,39.14742,16.665482,0.041383527,-0.033472605
2023-06-13,39.162678,16.615015,0.032906916,-0.0031314644,39.169144,16.57426,0.02416772,0.0072093527
2023-06-13,39.16659,16.509384,0.029483534,-0.0014065052,39.156067,16.304081,0.031626187,-0.004782423
2023-06-13,39.164402,16.572279,0.0026007078,0.0036356833,39.168903,16.586653,0.0037931493,-0.00095649663
2023-06-13,39.170044,16.629538,0.02120373,-0.043813966,39.17343,16.614464,0.020070499,-0.03561936
2023-06-13,39.142975,16.569221,0.034897253,-0.010429369,39.143177,16.517862,0.03481821,-0.0067055454
2023-06-13,39.15014,16.382608,0.0029987753,-0.003688759,39.150673,16.219242,-0.008253786,-0.0019249007
2023-06-13,39.152264,16.71361,0.034286883,-0.02130988,39.14685,16.61538,0.019597244,-0.030883867
2023-06-13,39.176876,16.55677,0.027307432,0.0069794506,39.172863,16.485464,0.02667527,-0.002479198
2023-06-13,39.15591,16.640461,0.041319408,-0.03516263,39.15413,16.546274,0.036197938,-0.027251776
2023-06-13,39.17177,16.523556,0.024706723,0.011968563,39.152092,16.475973,0.022896253,0.014346359
2023-06-13,39.142178,16.636671,0.03712643,0.0060240882,39.140957,16.662603,0.042772643,0.006343081
2023-06-13,39.1581,16.488398,-0.0040868265,0.012472782,39.158634,16.528742,-0.0064111864,0.0074706
2023-06-13,39.151665,16.51139,0.007404056,-0.024149429,39.156143,16.474436,0.0018476194,-0.024038022
2023-06-13,39.157173,16.644981,0.00063690805,0.011411269,39.16753,16.397945,-0.007839415,0.018224267
2023-06-13,39.15704,16.638103,0.026988978,0.0063690804,39.159946,16.608444,0.03182578,-0.0001501538
2023-06-13,39.16633,16.673452,0.02205294,-0.006926375,39.165844,16.588593,0.018728329,-0.009421954
2023-06-13,39.15651,16.5804,0.010349755,-0.0015657322,39.15509,16.653261,0.011845071,-0.013548094
2023-06-13,39.1106,16.548872,0.020301443,0.022238705,39.118042,16.485163,0.018877927,0.026340747
2023-06-13,39.131695,16.661097,-0.028501634,0.009049402,39.132126,16.692556,-0.0253325,0.0036029643
2023-06-13,39.153057,16.578936,0.02253062,-0.010190529,39.145668,16.574648,0.019651974,-0.011890767
2023-06-13,39.148148,16.639313,0.027387045,0.010960125,39.146614,16.511942,0.019367263,0.005183173
2023-06-13,39.15337,16.576363,0.009788529,-0.012670833,39.152344,16.43198,-0.0043464843,-0.0059589515
2023-06-20,39.114445,16.491646,0.027599348,-0.008359418,39.119934,16.468405,-0.0101935305,-0.0154757975
2023-06-20,39.158897,16.517027,0.030810425,0.012313555,39.146492,16.866827,0.026551917,-0.007036654
2023-06-20,39.161484,16.538013,0.0338092,-0.010986663,39.169167,16.219833,0.011841138,-0.014331979
2023-06-20,39.178867,16.443178,0.051801853,0.007085602,39.144367,16.600136,0.030597946,-0.016912812
2023-06-20,39.14636,16.497633,0.036940664,-0.023087915,39.15076,16.423958,0.028565262,-0.019819492
2023-06-20,39.150867,16.547344,0.019744148,-0.02192025,39.133778,16.862165,0.016273763,-0.021282317
2023-06-20,39.156376,16.469736,0.024892488,-0.018841863,39.154644,16.403019,-0.0007501791,-0.015238779
2023-06-20,39.144962,16.369009,0.02526402,-0.022132553,39.164494,15.810841,-0.00075648836,-0.01696481
2023-06-20,39.181652,16.493908,0.027307432,0.0042195157,39.140926,16.716219,0.039666753,-0.012826269
2023-06-20,39.169712,16.489958,0.014781574,-0.02059336,39.143253,16.064062,0.016101314,-0.027997818
2023-06-20,39.141117,16.289333,0.04437126,-0.0072713667,39.130756,16.329771,0.018855873,-0.010153198
2023-06-20,39.18875,16.619665,0.0030253131,-0.017223055,39.168537,17.118269,-0.002032921,-0.010267424
2023-06-20,39.14178,16.261818,0.008624796,-0.021469109,39.146015,16.60265,0.002713501,-0.02339811
2023-06-20,39.140717,16.31172,0.01446312,-0.010562058,39.157513,16.30628,-0.0030490144,-0.01675246
2023-06-20,39.142178,16.364614,0.024786336,-0.053606424,39.139545,16.41698,0.021271674,-0.043132298
2023-06-20,39.155712,16.437254,0.033490747,-0.016639221,39.144547,16.672035,0.03299867,-0.045882653
2023-06-20,39.142906,16.414677,0.018098803,-0.034286883,39.1631,16.071348,0.016796783,-0.011967925
2023-06-20,39.13561,16.3835,0.002229178,-0.0151531035,39.17254,16.352764,-0.00084116746,-0.005043172
2023-06-20,39.12586,16.280321,0.020062603,-0.011995101,39.148636,16.057194,-0.0035769737,-0.044788085
2023-06-20,39.144962,16.363852,0.03444611,-0.015869625,39.159046,17.198215,0.03113902,-0.01050919
2023-06-20,39.138992,16.364965,0.020036064,-0.016002314,39.129234,16.664772,0.0017240809,-0.011781475
2023-06-20,39.15704,16.41493,0.0026803212,-0.026033616,39.164955,16.45669,0.025423238,-0.032437846
2023-06-20,39.1581,16.474672,0.04238092,-0.0046706586,39.152843,16.345068,0.021266058,-0.008696444
2023-06-20,39.14901,16.407797,0.044052806,-0.021787561,39.14829,16.340002,0.024211477,-0.021941325
2023-06-20,39.125458,16.339968,0.011623572,-0.0037418345,39.12911,16.463036,0.029044136,-0.01583372
2023-06-20,39.138927,16.419104,0.015524633,0.0038214482,39.13524,16.80973,0.015036326,-0.020253979
2023-06-20,39.154583,16.531963,0.017010752,0.0019372619,39.14362,16.369211,0.021630663,-0.03156964
2023-06-20,39.15233,16.583075,0.004617583,0.007881736,39.13657,17.261488,0.030353716,-0.019704897
2023-06-20,39.135807,16.243252,0.007218291,0.0062894667,39.153934,16.457102,0.022866221,0.0049893144
2023-06-20,39.131496,16.39525,0.017753812,-0.00809404,39.14065,16.395485,0.011813936,-0.039370634
2023-06-20,39.16009,16.550116,0.029430458,-0.026697062,39.146503,16.7006,0.006932428,-0.0047562975
2023-06-20,39.15863,16.412828,0.01862956,-0.006316005,39.1698,16.502342,-0.004862559,-0.02532704
2023-06-20,39.151863,16.542408,0.04447741,-0.043787427,39.127388,16.32375,0.02803596,-0.03287936
2023-06-20,39.167587,16.512793,0.023512522,-0.039488297,39.14299,16.521547,0.013878338,-0.035938557
2023-06-20,39.15233,16.4755,0.027599348,-0.011915487,39.1526,16.402435,0.0019489594,-0.0041415575
2023-06-20,39.155647,16.399487,0.0014065052,-0.010880512,39.159683,16.075188,-0.009603307,-0.009586806
2023-06-20,39.155647,16.535944,0.028528173,-0.04169094,39.14596,16.360012,0.015398546,-0.018929217
2023-06-20,39.147022,16.348692,0.07703933,-0.017010752,39.134357,16.095633,0.045890257,-0.0053379503
2023-06-20,39.140984,16.521772,0.024945565,-0.0079613505,39.128754,16.857666,0.022546897,-0.020222036
2023-06-20,39.14689,16.310415,0.031261567,-0.026060153,39.132256,16.315458,0.0014795263,-0.00102336
2023-06-20,39.154053,16.36264,0.024733262,-0.019797225,39.17624,16.482536,0.020149786,-0.013575142
2023-06-20,39.14722,16.5326,0.01961146,-0.014914263,39.156532,16.856676,0.01574565,-0.028525954
2023-06-20,39.12619,16.337673,0.057905555,0.0023618673,39.131313,15.925351,0.02366962,-0.00072090555
2023-06-20,39.11743,16.30169,0.020168753,-0.011172428,39.123306,16.667648,0.0077427602,0.003127377
2023-06-20,39.121014,16.571833,0.041478634,-0.008571721,39.13787,16.255098,-0.0009800352,-0.019030146
2023-06-20,39.15193,16.524065,0.0347911,-0.014197742,39.15092,16.042492,0.014258406,-0.014120731
2023-06-20,39.142113,16.462349,0.032853838,0.0021230266,39.139065,16.308245,0.02492086,-0.027829194
2023-06-20,39.16898,16.532217,0.04535316,-0.0058383234,39.1385,16.318304,0.02895236,-0.019568173
2023-06-20,39.160225,16.44305,0.030093905,-0.01226048,39.146206,16.205832,0.011465101,0.006908323
2023-06-20,39.139458,16.404486,0.023857513,-0.039859828,39.155537,16.186224,0.021651372,0.0008162908
2023-06-20,39.155647,16.285065,0.033304982,-0.016373843,39.148426,15.758802,-0.011480678,-0.017425613
2023-06-20,39.156708,16.517536,0.008890174,-0.018337643,39.1397,16.581402,0.005644805,-0.020355973
2023-06-20,39.14065,16.35952,0.026697062,-0.01446312,39.17167,16.094677,0.017531205,-0.013338623
2023-06-20,39.111794,16.430567,0.045406234,-0.0015922701,39.132103,16.324816,0.038505297,-0.027365644
2023-06-20,39.15319,16.597723,0.024547497,0.0012472782,39.15734,16.487846,0.0053114486,-0.019868432
2023-06-20,39.17555,16.510658,0.011835874,-0.0079613505,39.14685,16.12941,0.0051298924,-0.030116083
2023-06-20,39.13793,16.269016,-0.0037949104,-0.011172428,39.16438,15.694398,-0.031258564,-0.020097544
2023-06-20,39.123535,16.215229,0.037604112,-0.03630376,39.153816,16.414848,0.0057681035,-0.019824253
2023-06-20,39.136673,16.532568,0.020752586,0.0037418345,39.13303,16.922724,0.00806286,-0.016775358
2023-06-20,39.16089,16.65667,0.031235032,-0.018682634,39.16456,15.70559,-0.018782865,-0.014624204
2023-06-20,39.13561,16.365475,0.00968631,-0.026829751,39.1219,16.441748,0.017299434,-0.03555371
2023-06-20,39.14178,16.519703,-0.021681411,-0.019452233,39.13983,16.273504,-0.03347567,-0.030442104
2023-06-20,39.148018,16.538841,0.0178865,-0.018311106,39.162815,16.547829,0.010597435,-0.0071987486
2023-06-20,39.153458,16.586323,0.025688624,-0.0007165215,39.157715,16.730766,0.010766291,-0.020356651
2023-06-20,39.162613,16.571323,0.029085467,-0.0033968429,39.166016,15.808439,-0.01755718,-0.0025887392
2023-06-20,39.15598,16.350954,-0.0039275996,-0.0062894667,39.15543,16.375591,0.014720985,-0.011775805
2023-06-20,39.149544,16.432383,0.009792461,-0.0115439575,39.14589,16.765247,0.0048787636,-0.004906542
2023-06-20,39.154716,16.690042,-0.005227953,-0.02130988,39.13763,16.373453,-0.0011943567,-0.029926613
2023-06-20,39.14987,16.327291,-0.0039010616,0.008173653,39.142353,16.420473,0.018680234,0.00040802508
2023-06-20,39.155514,16.447254,0.012552395,-0.035109553,39.160217,16.160164,-0.010555377,-0.016718592
2023-06-20,39.151,16.487635,0.0020964888,-0.00257417,39.145218,16.61595,0.015251375,-0.008904405
2023-06-20,39.12042,16.502953,0.03415419,-0.018178416,39.154617,16.721437,0.028948376,-0.02380933
2023-06-20,39.160954,16.40716,0.026378607,-0.029987752,39.133865,16.602898,0.035905596,-0.032859012
2023-06-20,39.14065,16.38678,0.0062629287,-0.012154328,39.139122,16.289764,0.017127471,-0.026289258
2023-06-20,39.153458,16.487316,0.035215706,-0.0120481765,39.174725,16.359253,0.022895461,-0.008661943
2023-06-20,39.16573,16.475883,0.039249457,0.0074571315,39.134525,16.593998,0.06328629,-0.053895373
2023-06-20,39.132225,16.189943,0.027519735,0.0071121394,39.136692,17.1418,0.03800575,-0.014090707
2023-06-20,39.150337,16.507729,0.04620237,-0.042805526,39.15374,16.781355,0.0054327287,-0.027171375
2023-06-20,39.137203,16.552408,0.048298858,-0.017169978,39.133835,16.43133,0.030306138,-7.775093e-05
2023-06-20,39.15631,16.341846,0.032243468,-0.027970877,39.14874,16.376673,0.0043214317,-0.041945934
2023-06-20,39.16175,16.50085,-0.002706859,-0.009553621,39.153275,16.254883,-0.0033668962,-0.0070544905
2023-06-20,39.147354,16.402735,0.036197606,-0.05097918,39.147728,16.329239,0.0118230935,-0.023600716
2023-06-20,39.13395,16.3935,0.032057703,-0.02733397,39.153793,16.39856,0.015853545,-0.032588474
2023-06-20,39.149742,16.267868,0.011703185,-0.01507349,39.168766,16.340649,0.0042116405,0.0023285109
2023-06-20,39.16772,16.79093,0.028899701,-0.03322537,39.14689,16.415873,0.018362857,-0.030138586
2023-06-20,39.16394,16.364807,0.037020277,-0.008226729,39.173744,16.444292,0.020542182,-0.0050161877
2023-06-20,39.159824,16.49203,0.043442436,-0.041611325,39.135345,16.595335,0.03771657,-0.009498175
2023-06-20,39.150074,16.280098,0.03232308,-0.014144666,39.142464,15.864473,0.020655304,-0.012652301
2023-06-20,39.14032,16.49203,0.051005717,-0.00010615134,39.148594,16.83539,0.03082213,-0.030431477
2023-06-20,39.168385,16.3892,0.0074571315,-0.0072448286,39.16988,16.69664,0.020259377,0.0053725275
2023-06-20,39.138596,16.33898,0.012791236,-0.031845402,39.128418,16.80568,0.011264577,-0.029456172
2023-06-20,39.152927,16.550179,0.017435357,-0.0074305935,39.138046,16.411686,-0.026262015,-0.016475447
2023-06-20,39.164536,16.574253,0.02008914,-0.022583697,39.183285,16.681396,0.00015061468,-0.03421337
2023-06-20,39.159428,16.483461,0.022928689,-0.034313418,39.148365,16.487104,0.007905978,-0.02062145
2023-06-20,39.136738,16.465118,0.01876225,-0.011968563,39.148067,16.386528,0.022477608,-0.035172027
2023-06-20,39.114246,16.466362,0.029218156,0.0019372619,39.148754,15.970296,-0.00037038952,0.0009779517
2023-06-20,39.13103,16.643167,-0.030465433,-0.007669434,39.14087,16.219658,-0.0077599064,-0.02755297
2023-06-20,39.160557,16.42614,0.028740475,-0.018894939,39.134846,16.235865,0.004440641,-0.01710597
2023-06-20,39.13123,16.486774,0.03333152,-0.0053871805,39.132435,16.550295,0.03050091,-0.007889336
2023-06-20,39.1544,16.447004,0.017271215,-0.027771844,39.166035,16.562262,0.02303797,-0.023764996
2023-06-26,39.10781,16.37382,0.029722374,-0.009633234,39.11407,16.412966,0.02453041,-0.0071666245
2023-06-26,39.153988,16.506327,0.028130105,0.0060240882,39.156517,16.515594,0.025778398,0.0019231118
2023-06-26,39.162148,16.50655,0.02794434,-0.0151265655,39.16993,16.412584,0.030917132,-0.013028175
2023-06-26,39.182182,16.647593,0.04938691,0.00514834,39.17992,16.425747,0.044978827,-0.004426138
2023-06-26,39.13209,16.524988,0.034897253,-0.017223055,39.130215,16.19363,0.0276256,-0.016460406
2023-06-26,39.145695,16.515053,0.027280893,-0.033358056,39.13609,16.342978,0.025496632,-0.03305255
2023-06-26,39.13415,16.363182,0.025794774,-0.026325531,39.12959,16.524012,0.029749809,-0.030473767
2023-06-26,39.15969,16.340221,0.029377382,-0.033039603,39.149128,16.402458,0.03081036,-0.029137429
2023-06-26,39.184902,16.583935,0.027148204,-0.013666985,39.179745,16.45227,0.017394504,-0.011192818
2023-06-26,39.17376,16.475151,0.02011568,-0.0397006,39.17032,16.254337,0.016734742,-0.027234215
2023-06-26,39.14629,16.27443,0.04261976,-0.009527083,39.150738,15.996561,0.031192143,-0.0147989765
2023-06-26,39.178932,16.601227,0.014861187,-0.020327982,39.17929,16.679985,0.014307582,-0.017267106
2023-06-26,39.16135,16.378054,0.017700735,-0.045273546,39.14479,16.265873,0.012552492,-0.03428139
2023-06-26,39.14364,16.278473,0.03234962,-0.03614453,39.145405,16.417225,0.0263228,-0.030548716
2023-06-26,39.141846,16.386398,0.040629424,-0.07377518,39.132366,16.171753,0.03756195,-0.07418484
2023-06-26,39.148018,16.36366,0.03293345,-0.023804437,39.140816,16.569576,0.03300677,-0.023025371
2023-06-26,39.14689,16.407064,0.026988978,-0.039382145,39.148373,16.407454,0.031075723,-0.029578784
2023-06-26,39.137535,16.364742,0.009102477,-0.026909364,39.13801,16.486902,0.0006724897,-0.022414083
2023-06-26,39.127514,16.187841,0.036781438,-0.017249592,39.12402,16.253702,0.034092765,-0.023861194
2023-06-26,39.142776,16.329426,0.044610098,-0.034048043,39.134556,16.279448,0.044149984,-0.037972614
2023-06-26,39.14609,16.278091,0.018656097,-0.039753675,39.14062,16.369232,0.018369842,-0.036351856
2023-06-26,39.156773,16.36471,0.020911813,-0.035560697,39.163036,16.297308,0.01649132,-0.019598834
2023-06-26,39.16931,16.570305,0.043044366,-0.017966114,39.1727,16.595371,0.04096392,-0.012984354
2023-06-26,39.15863,16.418657,0.037179507,-0.03601184,39.154263,16.265877,0.027382646,-0.035879448
2023-06-26,39.137665,16.344074,0.005917937,-0.015046952,39.14312,16.451845,-0.0010422908,-0.015120668
2023-06-26,39.15193,16.40958,0.01961146,-0.003370305,39.155426,16.2176,0.017288614,-0.0043235947
2023-06-26,39.162083,16.552504,0.024361731,-0.017355744,39.17238,16.49293,0.020233672,-0.020107666
2023-06-26,39.160156,16.592882,0.010217066,0.008200191,39.169853,16.801208,0.00081300345,0.0060894205
2023-06-26,39.156044,16.245928,0.0031845402,-0.0010615133,39.155888,16.394573,-0.0064155813,-0.0059780697
2023-06-26,39.148346,16.461138,0.00026537833,-0.008810561,39.145294,16.292723,-0.0020647955,-0.011599837
2023-06-26,39.160686,16.617086,0.037391808,-0.020513745,39.15946,16.586325,0.035892062,-0.020994646
2023-06-26,39.176544,16.626257,0.016479995,-0.010163991,39.17324,16.56122,0.010735701,-0.0077797896
2023-06-26,39.164734,16.677782,0.041505173,-0.053606424,39.170723,16.683193,0.030837128,-0.05024974
2023-06-26,39.16573,16.530529,0.03237616,-0.049466524,39.16097,16.593897,0.030735157,-0.04360853
2023-06-26,39.15558,16.421587,0.036197606,-0.008598259,39.152435,16.441544,0.026402822,-0.009968803
2023-06-26,39.155247,16.37471,0.023724824,-0.015259255,39.163815,16.35848,0.016247706,-0.019773796
2023-06-26,39.158367,16.583649,0.028501634,-0.04227477,39.16769,16.614954,0.018594678,-0.03457962
2023-06-26,39.162415,16.434294,0.09243128,-0.031871937,39.158394,16.347834,0.082051754,-0.02307183
2023-06-26,39.13813,16.505564,0.028740475,-0.019558383,39.13957,16.571922,0.029376155,-0.017800692
2023-06-26,39.165665,16.441427,0.034021504,-0.041505173,39.165398,16.294552,0.03776222,-0.04683779
2023-06-26,39.165,16.273315,0.025502859,-0.03258846,39.16208,16.358986,0.024221089,-0.036890473
2023-06-26,39.154984,16.537504,0.025794774,-0.01961146,39.156532,16.496216,0.022675319,-0.013773579
2023-06-26,39.134747,16.295574,0.04938691,-0.0077490476,39.137028,16.287209,0.047571655,-0.0067458753
2023-06-26,39.12692,16.1866,0.02194679,-0.022451008,39.12465,16.162567,0.02518699,-0.02171715
2023-06-26,39.119553,16.439451,0.030651199,-0.0375245,39.1131,16.555431,0.031165533,-0.048095394
2023-06-26,39.162014,16.587755,0.031951554,-0.02008914,39.160152,16.541721,0.03690819,-0.016607407
2023-06-26,39.157635,16.467827,0.033862278,0.0004511432,39.15594,16.374647,0.011271344,-0.002658797
2023-06-26,39.18099,16.749784,0.030200055,-0.009845536,39.181843,16.823343,0.035540074,-0.012812026
2023-06-26,39.158367,16.468494,0.041319408,-0.017780349,39.16345,16.453367,0.029590897,-0.016595013
2023-06-26,39.143436,16.375156,0.031580023,-0.05219992,39.146492,16.3646,0.024518978,-0.05480832
2023-06-26,39.153988,16.286594,0.03723258,-0.028448557,39.15629,16.41047,0.032276474,-0.03207616
2023-06-26,39.14881,16.434738,0.01151742,-0.041080568,39.14347,16.46071,0.010667965,-0.03660259
2023-06-26,39.165863,16.43614,0.028475096,-0.020779124,39.158775,16.28689,0.03729131,-0.02717929
2023-06-26,39.12055,16.41767,0.0507138,-0.0049094995,39.11023,16.62403,0.03531361,-0.01136511
2023-06-26,39.166195,16.590908,0.026988978,-0.0072448286,39.17455,16.691036,0.017422251,-0.0061430433
2023-06-26,39.182117,16.504704,0.009845536,-0.0067671477,39.18532,16.471077,0.0038168365,-0.012975414
2023-06-26,39.149475,16.25564,-0.0011942026,-0.019452233,39.158253,16.203953,-0.00023770958,-0.02201648
2023-06-26,39.14357,16.279556,0.04129287,-0.05174878,39.141758,16.17479,0.03231531,-0.04897657
2023-06-26,39.120285,16.393976,0.021097578,-0.01764766,39.126053,16.240292,0.015776796,-0.019233588
2023-06-26,39.147484,16.731792,0.028687399,-0.019080702,39.149506,16.666502,0.019075455,-0.021864181
2023-06-26,39.142113,16.337801,0.023512522,-0.021522183,39.136223,16.195663,0.018206524,-0.02944517
2023-06-26,39.14556,16.405983,-0.014303893,-0.032800764,39.147923,16.456007,-0.016322484,-0.030188674
2023-06-26,39.1518,16.411556,0.014861187,-0.034605335,39.16024,16.467564,0.01300924,-0.03512799
2023-06-26,39.15379,16.537344,0.031314645,-0.0014861188,39.152367,16.499498,0.030749016,0.0028297077
2023-06-26,39.14855,16.649632,0.027652424,-0.029881602,39.147186,16.469296,0.022845997,-0.033167355
2023-06-26,39.162613,16.295765,0.0019107241,-0.019929914,39.165157,16.309414,-0.008138024,-0.021799691
2023-06-26,39.14556,16.39283,0.01165011,-0.015338868,39.14904,16.333498,0.0039400347,-0.01325526
2023-06-26,39.142906,16.624537,-0.003370305,-0.042566687,39.14059,16.732756,0.0073178853,-0.03599427
2023-06-26,39.15213,16.344458,0.0034764563,-0.0013534295,39.154213,16.106241,-3.555391e-05,0.0077119893
2023-06-26,39.168316,16.456139,0.019319544,-0.04450395,39.165623,16.331533,0.019161485,-0.048615552
2023-06-26,39.148415,16.47254,0.0066609965,-0.020248368,39.148567,16.540936,0.006712405,-0.023271617
2023-06-26,39.10947,16.411777,0.028236255,-0.03208424,39.111877,16.328054,0.027734594,-0.02509255
2023-06-26,39.177074,16.447477,0.031898476,-0.027440121,39.181393,16.610321,0.022463428,-0.022072935
2023-06-26,39.15591,16.544415,0.0079613505,-0.012021639,39.173203,16.360023,0.0004506407,-0.011836858
2023-06-26,39.16387,16.636097,0.01618808,-0.031102343,39.15879,16.525146,0.017936595,-0.032433514
2023-06-26,39.165665,16.576769,0.026139766,-0.0009818999,39.180435,16.813108,0.032933667,0.00067818497
2023-06-26,39.13707,16.160454,0.04084173,-0.0004511432,39.13693,16.137844,0.039450347,-0.0002045356
2023-06-26,39.1445,16.605717,0.04142556,-0.056339823,39.13926,16.859522,0.03688293,-0.0500326
2023-06-26,39.12413,16.364647,0.046228908,-0.031155417,39.129486,16.531143,0.04448204,-0.03132703
2023-06-26,39.185635,16.568935,0.047980405,-0.0428586,39.179733,16.462135,0.017678944,-0.020480534
2023-06-26,39.16885,16.54362,0.004962575,-0.014940801,39.1701,16.344946,-0.003675463,-0.022947116
2023-06-26,39.165863,16.492157,0.028448557,-0.052518375,39.162987,16.513306,0.02713268,-0.041729763
2023-06-26,39.13375,16.381493,0.037630647,-0.034950327,39.136417,16.405136,0.035116903,-0.03672805
2023-06-26,39.147617,16.23217,0.02059336,-0.011172428,39.15113,16.166441,0.019640064,-0.006139036
2023-06-26,39.155846,16.756536,0.017355744,-0.04389358,39.161438,16.581558,0.012589391,-0.04163662
2023-06-26,39.170506,16.421236,0.039780214,-0.020964889,39.1736,16.386745,0.03721095,-0.011124529
2023-06-26,39.16898,16.455566,0.04744965,-0.053871803,39.15717,16.58728,0.042489633,-0.056928772
2023-06-26,39.16407,16.354712,0.02253062,-0.02953661,39.154907,16.566875,0.011768654,-0.025918055
2023-06-26,39.15067,16.512346,0.060055118,-0.0029191617,39.154858,16.593407,0.062355723,-0.005679419
2023-06-26,39.18444,16.477825,0.024069816,-0.02635207,39.16665,16.54638,0.01585296,-0.015913714
2023-06-26,39.16195,16.40904,0.01629423,-0.0453797,39.173225,16.301138,0.006829552,-0.043185145
2023-06-26,39.143837,16.460693,0.026935901,-0.021654872,39.145443,16.543907,0.020567419,-0.023199372
2023-06-26,39.15757,16.522219,0.026219381,-0.037710264,39.155792,16.503647,0.023568695,-0.031547412
2023-06-26,39.165264,16.641289,0.03444611,-0.041319408,39.164284,16.559818,0.035298146,-0.04763711
2023-06-26,39.13886,16.449228,0.023857513,-0.0146223465,39.14896,16.569382,0.016419712,-0.018184226
2023-06-26,39.11869,16.357355,0.019027628,-0.016028851,39.1173,16.391273,0.017454145,-0.015458574
2023-06-26,39.123337,16.484991,-0.01446312,-0.0247598,39.132618,16.19128,-0.017476056,-0.029245662
2023-06-26,39.150867,16.402893,0.034048043,-0.019770687,39.158737,16.102188,0.024503317,-0.019955436
2023-06-26,39.127316,16.526453,0.024919026,-0.0120481765,39.123287,16.53012,0.03081677,-0.010632184
2023-06-26,39.16115,16.513853,0.015575743,-0.03317475,39.16491,16.579775,0.011694746,-0.033519227
2023-07-17,39.11365,16.855862,0.018072264,-0.01754151,39.105946,16.700613,0.01647597,-0.013020738
2023-07-17,39.144833,16.94522,0.025582472,-0.015843088,39.157852,16.593578,0.020712778,-0.019065559
2023-07-17,39.16082,16.668516,0.033517286,-0.020407595,39.16158,16.830761,0.025042864,-0.020012286
2023-07-17,39.189148,17.15021,0.030332744,-0.019399157,39.178608,17.242123,0.021683898,-0.024566418
2023-07-17,39.10622,16.83373,0.044158958,-0.043389358,39.10246,16.948568,0.040215172,-0.056972604
2023-07-17,39.129173,16.881817,0.04813963,-0.06090433,39.12324,16.759558,0.04420211,-0.059271973
2023-07-17,39.127514,16.459387,0.04511432,-0.05466794,39.134434,16.298195,0.027491469,-0.048040047
2023-07-17,39.152992,16.347197,0.044769328,-0.05193454,39.15765,16.364738,0.04079021,-0.041978203
2023-07-17,39.183113,16.718227,0.022371395,-0.0257417,39.17617,16.74887,0.02870651,-0.036854032
2023-07-17,39.174156,16.682274,0.042142082,-0.055304848,39.175526,16.580788,0.025146486,-0.054784838
2023-07-17,39.14775,16.335604,0.040523272,-0.041266333,39.15155,16.329617,0.04355652,-0.043847557
2023-07-17,39.142242,16.94468,0.048590776,-0.06700803,39.14847,16.747736,0.04663417,-0.054417387
2023-07-17,39.17933,16.557663,0.033039603,-0.043362822,39.175827,16.445873,0.025745412,-0.040510286
2023-07-17,39.131763,16.403881,0.05416372,-0.029748913,39.129795,16.340485,0.04361135,-0.024879381
2023-07-17,39.150074,16.340063,0.066105746,-0.060479723,39.145077,16.349997,0.059756387,-0.048255585
2023-07-17,39.13866,16.625269,0.035932228,-0.0110397395,39.13975,16.649992,0.031492595,-0.00524257
2023-07-17,39.160423,16.520784,0.035215706,-0.061063558,39.1658,16.601156,0.034289844,-0.055456247
2023-07-17,39.13236,16.40509,0.04652082,-0.045618538,39.147038,16.491207,0.040836684,-0.038543776
2023-07-17,39.135544,16.32828,0.04827232,-0.041000955,39.1434,16.184326,0.04919218,-0.02671458
2023-07-17,39.149742,16.610909,0.052730676,-0.032880377,39.148647,16.54975,0.04345323,-0.02998258
2023-07-17,39.14417,16.41939,0.043946654,-0.04556546,39.143883,16.541582,0.040089272,-0.03789415
2023-07-17,39.147552,16.430439,0.04532662,-0.055092543,39.160564,16.467705,0.02604008,-0.047361996
2023-07-17,39.15591,16.760326,0.047078118,-0.033915352,39.16449,16.862062,0.039695065,-0.044324707
2023-07-17,39.164272,16.635492,0.033358056,-0.027785113,39.159824,16.599174,0.035732698,-0.01517011
2023-07-17,39.150204,16.565624,0.020062603,-0.033119217,39.145493,16.310421,0.009191042,-0.023692096
2023-07-17,39.154053,16.508812,0.040257894,-0.02449442,39.145123,16.560257,0.044715047,-0.030588977
2023-07-17,39.138264,16.616959,0.026405144,-0.018549947,39.13457,16.609737,0.032882683,-0.016856141
2023-07-17,39.160755,16.855225,0.020566821,-0.031288106,39.161896,16.89277,0.01998461,-0.02811639
2023-07-17,39.174553,16.424517,0.030093905,-0.0120747145,39.175743,16.559132,0.026697557,-0.014598562
2023-07-17,39.161285,16.71498,0.011464344,-0.026882825,39.165947,16.900269,0.012873433,-0.027547432
2023-07-17,39.199368,17.013592,0.030545047,-0.021362957,39.185352,16.926392,0.018858291,-0.011075717
2023-07-17,39.226234,17.221542,0.033066142,-0.03237616,39.20817,17.009005,0.032150216,-0.038218014
2023-07-17,39.144432,16.77902,0.049201146,-0.05453525,39.14416,16.684881,0.056365795,-0.059192657
2023-07-17,39.132423,16.494417,0.056392897,-0.062841594,39.136494,16.641996,0.052024502,-0.054057565
2023-07-17,39.168385,16.734118,0.032296546,-0.021230267,39.17314,16.709202,0.021127982,-0.018437441
2023-07-17,39.15266,16.540178,0.05111187,-0.04864385,39.14548,16.300575,0.0358219,-0.045683894
2023-07-17,39.15923,16.63406,0.044557024,-0.03625068,39.157192,16.607246,0.04947807,-0.03892845
2023-07-17,39.144302,16.517378,0.08770754,-0.046043143,39.146595,16.487387,0.08214579,-0.047077905
2023-07-17,39.12904,16.724915,0.046998505,-0.044928554,39.13303,16.712898,0.03684579,-0.043683704
2023-07-17,39.193596,16.7887,0.03601184,-0.031181956,39.18379,16.514921,0.018133195,-0.034613457
2023-07-17,39.171436,16.258284,0.053049132,-0.02706859,39.174194,16.098856,0.044191696,-0.019428346
2023-07-17,39.128975,16.832647,0.04057635,-0.0730852,39.136326,16.681738,0.038715016,-0.055984672
2023-07-17,39.15465,16.566929,0.025184404,0.0071652154,39.152515,16.699816,0.009215021,0.013379078
2023-07-17,39.149544,16.20561,0.041558247,-0.041850165,39.154305,16.229963,0.04304526,-0.040162038
2023-07-17,39.09514,16.727684,0.04904192,-0.030253131,39.11124,16.82326,0.042571012,-0.040623516
2023-07-17,39.1439,16.74402,0.038639087,-0.024043279,39.14884,16.799822,0.04156059,-0.026481591
2023-07-17,39.133617,16.749117,0.044185493,-0.031314645,39.137573,16.981823,0.044741355,-0.028219687
2023-07-17,39.1715,17.083048,0.025423246,-0.042487074,39.170334,16.920013,0.010752474,-0.0404486
2023-07-17,39.15863,16.92949,0.04057635,-0.062523134,39.158592,16.886864,0.029505143,-0.04256365
2023-07-17,39.138264,16.509958,0.035587236,-0.02499864,39.135574,16.801666,0.042712394,-0.023031872
2023-07-17,39.157104,16.443464,0.060002044,-0.046388134,39.152298,16.56399,0.046172995,-0.041117333
2023-07-17,39.13541,16.526741,0.03418073,-0.04522047,39.152195,16.348564,0.020028044,-0.031834617
2023-07-17,39.144234,16.594666,0.024282118,-0.02977545,39.149384,16.574066,0.024585921,-0.026698252
2023-07-17,39.103764,16.568554,0.064088866,-0.027174743,39.11821,16.54615,0.0407805,-0.02474012
2023-07-17,39.17263,16.855322,0.026856288,-0.028368944,39.175194,16.55759,0.02388035,-0.021756824
2023-07-17,39.18026,16.72746,0.019664535,-0.027360506,39.183193,16.636986,0.01634409,-0.02334152
2023-07-17,39.119488,16.366463,0.039143305,-0.047688488,39.11967,16.50583,0.04184477,-0.046445813
2023-07-17,39.137203,16.377289,0.045857377,-0.04668005,39.135757,16.445185,0.03347494,-0.039790187
2023-07-17,39.120617,16.58317,0.054216795,-0.045034707,39.127068,16.724884,0.05875559,-0.04998979
2023-07-17,39.143307,17.247051,0.022265242,-0.015630784,39.15411,17.282812,0.02465949,-0.016904132
2023-07-17,39.15372,16.491327,0.0367549,-0.03725912,39.147507,16.573608,0.045134477,-0.047093403
2023-07-17,39.165665,16.616768,0.017488433,-0.019744148,39.167824,16.483566,0.018187579,-0.01633901
2023-07-17,39.135014,16.5818,0.037657186,-0.04660044,39.13801,16.695051,0.035803042,-0.035225555
2023-07-17,39.130035,16.656,0.026537834,-0.032535385,39.12894,16.443516,0.014576953,-0.039967928
2023-07-17,39.18139,17.040312,0.032455772,-0.021044502,39.173916,17.00128,0.026013475,-0.029176017
2023-07-17,39.14855,16.469833,0.024308655,-0.052889902,39.153645,16.54243,0.023685897,-0.05661436
2023-07-17,39.130367,16.54986,0.018231492,-0.033119217,39.134914,16.516287,0.025642697,-0.041005015
2023-07-17,39.126522,16.732971,0.040655963,-0.05734826,39.124622,16.64072,0.0323421,-0.043023292
2023-07-17,39.168583,16.589125,0.0338092,-0.031181956,39.164185,16.333406,0.026544498,-0.043315463
2023-07-17,39.16228,16.654758,0.0438405,-0.049174607,39.157528,16.396446,0.03711973,-0.044498734
2023-07-17,39.140785,16.634281,0.032747686,-0.040151745,39.137558,16.690964,0.030424071,-0.047630277
2023-07-17,39.130238,16.704342,0.040709037,-0.04023136,39.135418,16.583807,0.029030502,-0.040199585
2023-07-17,39.167057,16.608742,0.03237616,-0.024414808,39.15991,16.55054,0.017685238,-0.028361158
2023-07-17,39.19167,17.03063,0.00931478,-0.029403921,39.180584,16.807144,0.012624115,-0.035070144
2023-07-17,39.152527,17.109894,0.024122892,-0.02990814,39.154884,17.001608,0.008395028,-0.025355926
2023-07-17,39.154186,16.79163,0.03736527,-0.028793551,39.152042,16.709057,0.03590438,-0.023487357
2023-07-17,39.149475,16.253633,0.052279532,-0.02499864,39.143734,16.306145,0.04075172,-0.02540491
2023-07-17,39.15777,17.081264,0.04084173,-0.060612414,39.153687,17.175224,0.047697324,-0.05119491
2023-07-17,39.110397,16.415886,0.04474279,-0.03930253,39.109825,16.52596,0.03813532,-0.039993796
2023-07-17,39.178135,16.836182,0.044663176,-0.04092134,39.17637,16.561314,0.039898288,-0.04603269
2023-07-17,39.186893,16.831947,0.01754151,-0.033411134,39.18777,17.126482,0.020938316,-0.03859294
2023-07-17,39.17422,16.676796,0.04142556,-0.052863367,39.158733,16.82049,0.045161426,-0.056820937
2023-07-17,39.142242,16.55091,0.031022727,-0.042354383,39.13719,16.65213,0.026305003,-0.034956127
2023-07-17,39.132225,16.49222,0.038400248,-0.044795863,39.131504,16.708559,0.0344499,-0.055007063
2023-07-17,39.135807,16.989168,0.032031167,-0.035746463,39.135075,16.772644,0.017422643,-0.03072603
2023-07-17,39.18875,16.79265,0.031526946,-0.007483669,39.18131,16.808678,0.023173964,0.00284085
2023-07-17,39.164536,16.853983,0.025423246,-0.054084107,39.165554,16.565695,0.022264123,-0.05579237
2023-07-17,39.174553,16.536707,0.025688624,-0.038506396,39.174774,16.72263,0.022596559,-0.03314487
2023-07-17,39.119423,16.730837,0.042938218,-0.019213391,39.138424,16.520647,0.023094682,-0.012456435
2023-07-17,39.180325,16.582056,0.041744012,-0.01862956,39.18449,16.674572,0.039860565,-0.018095156
2023-07-17,39.160225,16.631256,0.032429233,-0.061222784,39.161,16.35545,0.03519001,-0.046082996
2023-07-17,39.130436,16.720901,0.04153171,-0.04291168,39.134487,16.942915,0.052463103,-0.04960788
2023-07-17,39.142242,16.72606,0.03529532,-0.038426783,39.144787,16.625755,0.0147054475,-0.045315918
2023-07-17,39.151665,16.943277,0.046414673,-0.0399129,39.15961,17.007107,0.03824461,-0.0445648
2023-07-17,39.140057,16.637148,0.029430458,-0.017196517,39.13571,16.61578,0.035669807,-0.026453715
2023-07-17,39.097397,16.428688,0.054296408,-0.026378607,39.10884,16.487972,0.042554617,-0.022961674
2023-07-17,39.10045,16.502983,0.03959445,-0.033756126,39.091995,16.611292,0.041121192,-0.04439666
2023-07-17,39.13866,16.71103,0.04620237,-0.04989113,39.14806,16.838692,0.038733076,-0.042747185
2023-07-17,39.138527,16.83717,0.022265242,-0.018417258,39.135357,16.629545,0.02524263,-0.033934344
2023-07-17,39.152946,16.816923,0.033406466,-0.045822978,39.160194,17.050148,0.042612344,-0.05159567
2023-07-20,39.11551,17.00697,0.009155553,-0.012101253,39.117104,16.989748,0.00080891076,-0.014640825
2023-07-20,39.147152,17.078112,0.022477545,-0.009235166,39.14979,16.955818,0.012661973,-0.011373238
2023-07-20,39.161087,16.785707,0.026245918,-0.015338868,39.164436,16.801786,0.022684334,-0.01171996
2023-07-20,39.190876,17.28759,0.021681411,-0.012127791,39.18809,17.372274,0.031203039,-0.0198214
2023-07-20,39.113186,16.920477,0.039408684,-0.0387187,39.10908,16.762089,0.031743977,-0.04439192
2023-07-20,39.118626,16.945858,0.042725913,-0.054455634,39.11926,16.978182,0.050028097,-0.0635058
2023-07-20,39.132225,16.47499,0.0426463,-0.047741562,39.13154,16.485533,0.04819168,-0.064279765
2023-07-20,39.157238,16.359806,0.044610098,-0.0495196,39.14931,16.3096,0.03883909,-0.061585795
2023-07-20,39.184837,16.898376,0.019744148,-0.02218563,39.179535,16.812967,0.021622045,-0.020129927
2023-07-20,39.15923,16.711603,0.039461758,-0.05381873,39.151573,16.451324,0.035585187,-0.049962033
2023-07-20,39.142242,16.342356,0.03415419,-0.033915352,39.142197,16.534363,0.036420725,-0.034139868
2023-07-20,39.134945,16.974264,0.042327847,-0.056790967,39.14257,16.896229,0.041787855,-0.049564853
2023-07-20,39.177273,16.631767,0.027440121,-0.04291168,39.169853,16.660543,0.018361986,-0.038145855
2023-07-20,39.12904,16.426363,0.051881466,-0.028209718,39.131737,16.35177,0.03822991,-0.02657306
2023-07-20,39.147552,16.353182,0.07051103,-0.062841594,39.150692,16.512545,0.06715961,-0.06472565
2023-07-20,39.136604,16.666924,0.033039603,-0.010933587,39.134552,16.501944,0.031093486,-0.0046538017
2023-07-20,39.169975,16.66858,0.034339957,-0.05108533,39.171753,16.572786,0.023139568,-0.051127538
2023-07-20,39.131298,16.45563,0.04474279,-0.04206247,39.138565,16.73406,0.04483877,-0.046152215
2023-07-20,39.132027,16.442286,0.04129287,-0.035268784,39.1275,16.741623,0.045478176,-0.025861723
2023-07-20,39.15631,16.695425,0.047131192,-0.026537834,39.147778,16.450722,0.024892071,-0.015550796
2023-07-20,39.138462,16.456776,0.039408684,-0.040151745,39.142437,16.393137,0.03304177,-0.036328543
2023-07-20,39.148945,16.464355,0.04129287,-0.053367585,39.161415,16.284626,0.030416226,-0.042790256
2023-07-20,39.144634,16.789083,0.04325667,-0.02659091,39.154346,16.53186,0.015449151,-0.008107148
2023-07-20,39.16679,16.757174,0.03394189,-0.026431683,39.17047,16.625002,0.032892723,-0.025272688
2023-07-20,39.14742,16.657688,0.014410044,-0.025396707,39.14111,16.613476,0.017197981,-0.022559248
2023-07-20,39.145893,16.585463,0.03813487,-0.017090365,39.146423,16.588522,0.0285942,-0.011159043
2023-07-20,39.143436,16.73262,0.02648476,-0.015179642,39.14169,16.91276,0.03639405,-0.028728165
2023-07-20,39.160225,16.967798,0.015312331,-0.019293005,39.166847,16.946466,0.010162141,-0.01740298
2023-07-20,39.1788,16.479704,0.028501634,-0.0064752316,39.171844,16.370363,0.021638205,-0.0030213422
2023-07-20,39.170307,16.815609,0.0061833155,-0.017090365,39.160076,16.765676,0.011416956,-0.015325216
2023-07-20,39.20348,17.13986,0.029483534,-0.020248368,39.187042,17.137354,0.033545684,-0.02126904
2023-07-20,39.23247,17.398157,0.02903239,-0.02059336,39.230675,17.172508,0.023273284,-0.012476945
2023-07-20,39.139458,16.773605,0.046653513,-0.046096217,39.14341,16.77321,0.054016013,-0.050148074
2023-07-20,39.135742,16.560656,0.047237344,-0.05087303,39.13744,16.561857,0.041216854,-0.04323156
2023-07-20,39.165333,16.780006,0.022477545,-0.010455906,39.166836,16.748333,0.019291317,-0.007962096
2023-07-20,39.150867,16.555592,0.04606968,-0.035215706,39.152138,16.593273,0.037486624,-0.040763292
2023-07-20,39.162346,16.758606,0.04445087,-0.033358056,39.157085,16.6189,0.047872197,-0.03864124
2023-07-20,39.141514,16.53986,0.08383302,-0.04691889,39.149467,16.507803,0.06113447,-0.03657517
2023-07-20,39.137535,16.798954,0.036569137,-0.03232308,39.135178,16.728836,0.038015705,-0.0339071
2023-07-20,39.193398,16.914553,0.031288106,-0.028209718,39.181152,16.703688,0.028720913,-0.041229624
2023-07-20,39.17263,16.288187,0.05254491,-0.029828526,39.178047,16.199316,0.035806786,-0.025973747
2023-07-20,39.109734,16.831787,0.03651606,-0.062310833,39.10966,16.679321,0.043242842,-0.056124896
2023-07-20,39.155846,16.691093,0.019319544,0.005944475,39.1436,16.90095,0.0024585894,0.0067969835
2023-07-20,39.150867,16.254622,0.040257894,-0.042327847,39.151936,16.208473,0.034938574,-0.041522536
2023-07-20,39.096798,16.746346,0.040894803,-0.029801987,39.10196,16.791397,0.041070737,-0.031335227
2023-07-20,39.139923,16.81354,0.032270007,-0.02130988,39.13796,16.57896,0.04251543,-0.0215586
2023-07-20,39.134945,16.827806,0.040602885,-0.024972102,39.133663,16.81054,0.03918093,-0.031904534
2023-07-20,39.172165,17.219791,0.014861187,-0.022265242,39.18117,17.495474,0.010661618,-0.022027308
2023-07-20,39.15485,17.063686,0.035719924,-0.05809132,39.154663,17.15759,0.03395013,-0.05847314
2023-07-20,39.13813,16.635555,0.032747686,-0.027838187,39.13541,16.530527,0.029286185,-0.02729246
2023-07-20,39.157104,16.441458,0.0514834,-0.041000955,39.15233,16.580673,0.04164398,-0.039248284
2023-07-20,39.14065,16.561834,0.030783888,-0.044212032,39.14499,16.507355,0.030963624,-0.035402805
2023-07-20,39.139393,16.666191,0.015418482,-0.03051851,39.132965,16.504662,0.01800538,-0.035512533
2023-07-20,39.10317,16.593552,0.05745441,-0.018815324,39.096325,16.48583,0.07073133,-0.026446372
2023-07-20,39.162415,16.911179,0.019399157,-0.01937262,39.15913,16.695944,0.015250005,-0.021246076
2023-07-20,39.169445,16.803413,0.016002314,-0.02560901,39.169746,16.649143,0.033362098,-0.014653265
2023-07-20,39.121613,16.359678,0.038214482,-0.044769328,39.12067,16.603867,0.026520358,-0.052585833
2023-07-20,39.145893,16.507282,0.03813487,-0.04328321,39.148693,16.307173,0.021130718,-0.047248647
2023-07-20,39.11199,16.625206,0.04630852,-0.04118672,39.12442,16.786379,0.053565834,-0.04700776
2023-07-20,39.14961,17.4001,0.021654872,-0.013003538,39.14816,17.381292,0.029146789,-0.011585663
2023-07-20,39.147087,16.564922,0.035215706,-0.035374932,39.144375,16.314116,0.037293382,-0.047076244
2023-07-20,39.1717,16.722845,0.015391944,-0.01873571,39.170208,16.510952,0.019492902,-0.02082714
2023-07-20,39.120285,16.601578,0.031951554,-0.042699374,39.136597,16.595442,0.040685367,-0.026890287
2023-07-20,39.131165,16.724596,0.022822538,-0.026166305,39.137,16.707752,0.014221287,-0.028323418
2023-07-20,39.187824,17.20715,0.026750136,-0.016347306,39.180054,17.151915,0.034501877,-0.02282443
2023-07-20,39.157173,16.61043,0.019505309,-0.052730676,39.157787,16.801802,0.012971061,-0.047909357
2023-07-20,39.13428,16.687113,0.009765923,-0.030836964,39.13372,16.620811,0.00978762,-0.03442661
2023-07-20,39.131893,16.84545,0.032482307,-0.0526776,39.14162,16.631796,0.022841625,-0.05241354
2023-07-20,39.163143,16.69724,0.025290556,-0.024282118,39.15944,16.74722,0.016671203,-0.02623489
2023-07-20,39.15863,16.760166,0.041080568,-0.045485847,39.16043,16.650972,0.03592437,-0.056901753
2023-07-20,39.141846,16.724054,0.028846625,-0.031951554,39.146027,16.749,0.02550503,-0.027959116
2023-07-20,39.12579,16.744532,0.031818863,-0.037444886,39.12687,16.68331,0.030754132,-0.045110803
2023-07-20,39.16646,16.65737,0.027652424,-0.02330022,39.168247,16.706553,0.02779673,-0.023795718
2023-07-20,39.190277,17.21183,0.0027864727,-0.019266468,39.189186,17.191362,0.006746895,-0.021712188
2023-07-20,39.153587,17.17766,0.017116902,-0.020168753,39.15674,17.34011,0.012612475,-0.020143908
2023-07-20,39.154583,16.852869,0.033145756,-0.023326756,39.152924,16.897745,0.029714422,-0.02651739
2023-07-20,39.151333,16.277613,0.043389358,-0.017090365,39.14999,16.068493,0.030860182,-0.015377808
2023-07-20,39.1447,17.109606,0.04078865,-0.057905555,39.142727,17.336447,0.030812355,-0.061880473
2023-07-20,39.114113,16.528141,0.042221695,-0.03736527,39.112694,16.549215,0.04835911,-0.047032475
2023-07-20,39.179993,16.964996,0.04495509,-0.03725912,39.16173,16.857439,0.030234938,-0.0422727
2023-07-20,39.186363,16.900923,0.010694747,-0.029112004,39.185516,16.991926,0.018763855,-0.032341145
2023-07-20,39.170837,16.700584,0.03932907,-0.046971966,39.172386,16.751822,0.03698073,-0.043736458
2023-07-20,39.133022,16.595335,0.030093905,-0.039037153,39.13877,16.661922,0.027470287,-0.033477243
2023-07-20,39.13269,16.526962,0.035003405,-0.033968426,39.13234,16.528988,0.04118929,-0.03130137
2023-07-20,39.13979,17.097569,0.028130105,-0.033278443,39.140812,17.007694,0.029719012,-0.028681181
2023-07-20,39.185104,16.914808,0.026219381,-0.010243604,39.186775,16.786352,0.019141866,-0.007458097
2023-07-20,39.159824,16.998943,0.018284569,-0.051642627,39.160423,16.948952,0.01804117,-0.045781422
2023-07-20,39.173626,16.663548,0.01961146,-0.03776334,39.173656,16.680798,0.017033428,-0.042506825
2023-07-20,39.112522,16.713991,0.040496737,-0.01385275,39.1109,16.798275,0.040579416,-0.022243503
2023-07-20,39.178535,16.696,0.04118672,-0.015816549,39.17728,16.688982,0.03576162,-0.011868807
2023-07-20,39.154716,16.721283,0.03357036,-0.05687058,39.16175,16.629425,0.030073257,-0.06715582
2023-07-20,39.12393,16.802172,0.03564031,-0.04153171,39.12429,16.954607,0.04888735,-0.054605957
2023-07-20,39.139656,16.820833,0.03354382,-0.03298653,39.13218,16.65013,0.027110603,-0.03469746
2023-07-20,39.14689,16.967735,0.036993742,-0.031261567,39.15195,17.032156,0.044142324,-0.011217477
2023-07-20,39.14032,16.653517,0.028077029,-0.013720061,39.150005,16.82261,0.034163427,-0.012051733
2023-07-20,39.09494,16.434294,0.04301783,-0.022504084,39.11551,16.624159,0.04117789,-0.01730852
2023-07-20,39.10887,16.54158,0.03415419,-0.027519735,39.106354,16.586475,0.04564269,-0.04865584
2023-07-20,39.13594,16.697113,0.043946654,-0.04511432,39.14968,16.856913,0.038129613,-0.03318583
2023-07-20,39.13979,16.953022,0.017010752,-0.0151265655,39.14512,16.991072,0.008649132,-0.02335117
2023-07-20,39.14968,16.840225,0.028574368,-0.03646397,39.147346,16.835764,0.029712351,-0.030316927
2023-07-23,39.110863,17.105785,0.013215842,-0.007855199,39.125584,16.706562,0.02167574,-0.020144967
2023-07-23,39.13926,17.091837,0.026405144,-0.0045910454,39.14017,16.624725,0.022875093,0.005762655
2023-07-23,39.148945,16.806087,0.026405144,-0.012233942,39.150314,16.796572,0.03795925,-0.031756178
2023-07-23,39.185966,17.302876,0.022344856,-0.005891399,39.181667,16.947464,0.011309147,-0.0036551724
2023-07-23,39.110397,16.948978,0.04017828,-0.03564031,39.120136,16.905602,0.024183076,-0.025689645
2023-07-23,39.107876,16.968245,0.039037153,-0.042168617,39.116577,16.721931,0.021656843,-0.019107608
2023-07-23,39.12367,16.489927,0.04081519,-0.038320635,39.128807,16.133741,0.019683627,-0.022301376
2023-07-23,39.147816,16.362513,0.0406825,-0.045140855,39.150986,16.420849,0.04182695,-0.035636157
2023-07-23,39.174488,16.899076,0.018178416,-0.014834649,39.16947,16.755302,-0.0055432096,-0.015776366
2023-07-23,39.14934,16.696955,0.036940664,-0.043150518,39.150253,16.845259,0.033245407,-0.04339291
2023-07-23,39.13654,16.366781,0.030943114,-0.024839412,39.13818,15.975898,0.010578642,-0.017129706
2023-07-23,39.128113,16.961876,0.036569137,-0.043787427,39.13005,16.537224,0.031506725,-0.04261709
2023-07-23,39.164734,16.59887,0.026405144,-0.032402694,39.158913,16.467642,0.026194641,-0.01970703
2023-07-23,39.121677,16.449514,0.04816617,-0.024680186,39.116016,16.924799,0.039002817,-0.021725474
2023-07-23,39.13428,16.343437,0.06793685,-0.055331383,39.138023,15.936439,0.026989449,-0.046377357
2023-07-23,39.127384,16.762014,0.03147387,-0.0100313015,39.13524,16.150356,0.024896039,-0.022094635
2023-07-23,39.16573,16.6603,0.034339957,-0.04163786,39.158314,16.728992,0.020399697,-0.0459612
2023-07-23,39.121613,16.507315,0.043442436,-0.03298653,39.13001,16.566748,0.04513503,-0.033337675
2023-07-23,39.128445,16.487507,0.038904466,-0.026033616,39.130215,16.165825,0.030522665,-0.02036097
2023-07-23,39.149475,16.725424,0.048935767,-0.018284569,39.14743,16.691109,0.031497706,-0.028328428
2023-07-23,39.127846,16.482794,0.036436446,-0.030545047,39.116283,16.235645,0.03200531,-0.030693362
2023-07-23,39.137466,16.529606,0.036967203,-0.045538925,39.133953,16.567286,0.04916169,-0.042729933
2023-07-23,39.139458,16.813572,0.04471625,-0.016320769,39.14082,16.660313,0.04425261,-0.02043705
2023-07-23,39.153126,16.815165,0.034711488,-0.0218141,39.15262,16.921051,0.025469536,-0.024291517
2023-07-23,39.135475,16.692144,0.013932363,-0.017461894,39.14447,16.788437,0.002431963,-0.024490336
2023-07-23,39.13329,16.604921,0.039886367,-0.01066821,39.141857,16.864386,0.029392555,-0.019397102
2023-07-23,39.131496,16.746473,0.029456995,-0.005944475,39.12341,16.58856,0.022470338,-0.029180592
2023-07-23,39.14941,16.916943,0.016957676,-0.011066277,39.135902,16.902315,0.023457456,-0.016863303
2023-07-23,39.173557,16.494864,0.036197606,-0.00039806752,39.170685,16.418488,0.0055336026,-0.012960747
2023-07-23,39.165134,16.826818,0.010137453,-0.014011976,39.16865,16.536438,0.012806661,-0.011081338
2023-07-23,39.186165,17.1069,0.031420797,-0.018576484,39.17649,16.465567,0.01908713,-0.011330086
2023-07-23,39.22418,17.350136,0.031845402,-0.014516195,39.19822,17.348404,0.024943713,-0.017941386
2023-07-23,39.134216,16.74383,0.04660044,-0.03139426,39.115265,16.52462,0.058977097,-0.034906846
2023-07-23,39.129242,16.535212,0.042354383,-0.039037153,39.12655,16.948746,0.037904482,-0.040678985
2023-07-23,39.154583,16.7523,0.021389494,0.0010880512,39.14501,16.319054,0.016801663,-0.006223556
2023-07-23,39.14251,16.5754,0.041823626,-0.023963664,39.15173,16.423836,0.036427837,-0.00075258355
2023-07-23,39.150337,16.727365,0.04434472,-0.026697062,39.14621,16.53756,0.038200643,-0.033542253
2023-07-23,39.132423,16.579475,0.07380172,-0.035932228,39.13779,16.713144,0.05370121,-0.047000855
2023-07-23,39.13468,16.847073,0.0367549,-0.02046067,39.150818,16.78076,0.020040058,-0.0056478004
2023-07-23,39.180656,16.894619,0.033915352,-0.02523748,39.16713,16.786892,0.044445753,-0.024894208
2023-07-23,39.164272,16.306337,0.052651063,-0.023140991,39.15177,16.539637,0.033126913,-0.045262992
2023-07-23,39.09766,16.785484,0.029377382,-0.04837847,39.09606,16.728441,0.045240097,-0.04551386
2023-07-23,39.144764,16.745232,0.022344856,0.0027333968,39.153294,16.832989,0.012041782,-0.006331773
2023-07-23,39.148018,16.309778,0.041558247,-0.03898408,39.15527,16.270271,0.035416964,-0.035751767
2023-07-23,39.088505,16.816246,0.038532935,-0.022822538,39.095142,16.324293,0.029254995,-0.029258907
2023-07-23,39.13123,16.804178,0.0347911,-0.016028851,39.1385,16.823236,0.012175261,-0.021166284
2023-07-23,39.131298,16.830194,0.04129287,-0.016426919,39.14308,16.679296,0.028708113,-0.011917783
2023-07-23,39.16772,17.193933,0.015551171,-0.012791236,39.17755,16.961714,0.024413953,0.0054882164
2023-07-23,39.142376,17.101772,0.033437673,-0.04569815,39.148376,16.654907,0.026787294,-0.035741653
2023-07-23,39.13979,16.7152,0.035189167,-0.025582472,39.13918,16.392895,0.040875893,-0.015600831
2023-07-23,39.151665,16.516836,0.045592,-0.03112888,39.160213,16.591852,0.04385363,-0.020678183
2023-07-23,39.13163,16.576101,0.030890038,-0.036701825,39.147015,16.34503,0.022300508,-0.033612728
2023-07-23,39.129307,16.691795,0.019531846,-0.031075804,39.12859,16.77242,0.004423654,-0.036762733
2023-07-23,39.090363,16.61352,0.058038242,-0.007934812,39.12945,16.67729,0.038083192,-0.0065609035
2023-07-23,39.15412,16.913183,0.022583697,-0.010217066,39.14354,16.667583,0.01075175,-0.013173143
2023-07-23,39.15432,16.79803,0.014728498,-0.021601798,39.1526,16.71894,0.009693695,-0.018634947
2023-07-23,39.115574,16.439547,0.03688759,-0.040868264,39.12828,16.524408,0.023727577,-0.051845215
2023-07-23,39.13906,16.563618,0.03418073,-0.033411134,39.142563,16.865784,0.01618003,-0.030190073
2023-07-23,39.101242,16.694439,0.04261976,-0.030969653,39.12445,16.464735,0.029504634,-0.015309196
2023-07-23,39.14616,17.459715,0.026113229,-0.007536745,39.159878,17.16351,0.025046676,-0.004483706
2023-07-23,39.140255,16.577915,0.037789878,-0.031261567,39.141586,16.430296,0.035241082,-0.016575813
2023-07-23,39.16394,16.756123,0.017249592,-0.0151265655,39.161526,15.978529,0.0148057,-0.014117443
2023-07-23,39.100117,16.546993,0.030306207,-0.032641537,39.112194,16.308338,0.018816499,-0.0191218
2023-07-23,39.121147,16.74176,0.022451008,-0.021999864,39.136097,16.853588,0.029844632,-0.0071709394
2023-07-23,39.170174,17.151865,0.027440121,-0.012393168,39.163235,16.795559,0.01973404,-0.013243813
2023-07-23,39.14921,16.646479,0.020885276,-0.044557024,39.15677,16.52166,0.008133302,-0.032563455
2023-07-23,39.120018,16.701445,0.006103702,-0.022026403,39.127106,16.364382,0.0073619992,-0.02264391
2023-07-23,39.123867,16.887644,0.027280893,-0.039780214,39.137505,16.844746,0.03016722,-0.04390658
2023-07-23,39.151134,16.70826,0.023539059,-0.016081927,39.148006,16.503183,0.022329163,-0.018496465
2023-07-23,39.145626,16.755741,0.041717477,-0.038214482,39.14746,16.900213,0.029330602,-0.02954763
2023-07-23,39.130035,16.739244,0.028501634,-0.02584785,39.125942,16.395428,-0.0034164845,-0.022862496
2023-07-23,39.11431,16.797012,0.030704275,-0.026697062,39.133034,16.408577,0.03831889,-0.023086563
2023-07-23,39.155647,16.681923,0.026245918,-0.018390719,39.14359,16.318108,0.026401626,-0.017940208
2023-07-23,39.182846,17.21008,0.008412493,-0.016081927,39.1737,16.8021,0.008247486,-0.017446527
2023-07-23,39.15233,17.232052,0.021867175,-0.011968563,39.15625,16.67605,0.015415625,-0.026949793
2023-07-23,39.141846,16.857677,0.028846625,-0.015020414,39.13783,16.351944,0.02485801,-0.025410807
2023-07-23,39.145958,16.330795,0.040019054,-0.009129015,39.1337,16.362934,0.035480235,-0.014101286
2023-07-23,39.13455,17.10155,0.03813487,-0.05158955,39.12988,16.957132,0.036544163,-0.04204254
2023-07-23,39.101974,16.5597,0.03813487,-0.02706859,39.105835,16.053965,0.009198831,-0.023588387
2023-07-23,39.170773,16.89465,0.04742311,-0.025927464,39.17931,16.815422,0.026730198,-0.005087662
2023-07-23,39.16931,16.876625,0.014569271,-0.01998299,39.15947,17.024878,0.00011248214,-0.022830019
2023-07-23,39.157703,16.672625,0.037046816,-0.03847986,39.16203,16.643871,0.023407262,-0.030667888
2023-07-23,39.121742,16.610144,0.03112888,-0.03298653,39.136337,16.368624,0.012986023,-0.01968885
2023-07-23,39.12937,16.54088,0.03492379,-0.024202505,39.124226,16.56186,0.037481226,-0.016422004
2023-07-23,39.133884,17.089735,0.032827303,-0.026909364,39.145027,16.735138,0.028292326,-0.028223904
2023-07-23,39.16951,16.931273,0.02794434,-0.013215842,39.16496,16.93779,0.030249929,-0.02645369
2023-07-23,39.148346,17.045025,0.018974552,-0.045193933,39.14941,16.824993,0.017868552,-0.025026806
2023-07-23,39.16361,16.646288,0.0169046,-0.030890038,39.15867,16.603655,0.021465255,-0.03932384
2023-07-23,39.109734,16.781248,0.043787427,-0.006687534,39.128704,16.228838,0.02335961,0.000267509
2023-07-23,39.16918,16.657688,0.04200939,-0.007218291,39.165215,16.545305,0.003395071,-0.007824388
2023-07-23,39.142643,16.673548,0.031606562,-0.048803076,39.139076,16.61327,0.01743506,-0.025261514
2023-07-23,39.109203,16.82975,0.033729587,-0.033756126,39.124725,16.612774,0.0039115488,-0.035598267
2023-07-23,39.13156,16.848219,0.034605335,-0.026245918,39.129185,16.769218,0.031525545,-0.023373226
2023-07-23,39.142044,17.01856,0.034260344,-0.021867175,39.147594,16.832172,0.0215412,-0.024378212
2023-07-23,39.133884,16.639027,0.035507623,-0.012605472,39.127712,16.486504,0.04023265,-0.041409437
2023-07-23,39.092087,16.525593,0.04224823,-0.014356968,39.1297,16.313015,0.02621187,-0.009966115
2023-07-23,39.108807,16.600113,0.033915352,-0.021017965,39.135044,16.318407,0.005555291,-0.0065740882
2023-07-23,39.130634,16.792109,0.04169094,-0.03627722,39.135105,16.689718,0.039777037,-0.051609285
2023-07-23,39.125656,16.945858,0.02449442,-0.010376293,39.134018,16.226313,0.012982863,-0.0029794504
2023-07-23,39.14479,16.851137,0.02869305,-0.02876652,39.154987,16.441841,0.030027084,-0.027638797
2023-07-27,39.102436,17.285107,0.018284569,-0.0048829615,39.106583,17.345625,0.022513416,-0.008822614
2023-07-27,39.1376,17.146357,0.032508846,-0.0013268917,39.13706,16.911127,0.02575789,-0.004903235
2023-07-27,39.138992,16.907993,0.025529396,-0.013375068,39.140038,16.753273,0.021967107,-0.013974479
2023-07-27,39.172565,17.337078,0.019929914,-0.0048829615,39.1674,17.321564,0.009783919,-0.009945936
2023-07-27,39.105953,17.022987,0.03542801,-0.030306207,39.112637,17.060497,0.029318538,-0.022030085
2023-07-27,39.10622,17.04996,0.03797564,-0.031898476,39.10901,16.897705,0.0223064,-0.047654707
2023-07-27,39.117496,16.538237,0.03723258,-0.031288106,39.12296,16.563236,0.024287904,-0.026759332
2023-07-27,39.137867,16.407383,0.038426783,-0.04532662,39.133694,16.47874,0.043198366,-0.034712996
2023-07-27,39.16374,16.948183,0.01703729,-0.012207404,39.164513,17.071247,0.014933885,-0.01251735
2023-07-27,39.143173,16.774975,0.03786949,-0.036224145,39.14675,16.748697,0.028454484,-0.04427563
2023-07-27,39.122208,16.425407,0.028899701,-0.019293005,39.12629,16.095276,0.014210302,-0.015436565
2023-07-27,39.124664,16.939999,0.032429233,-0.0338092,39.12144,16.720179,0.025797475,-0.03196673
2023-07-27,39.158566,16.571993,0.023724824,-0.024547497,39.151943,16.806221,0.021478128,-0.027573144
2023-07-27,39.11763,16.506487,0.05060765,-0.026033616,39.112106,16.435299,0.04238896,-0.029055133
2023-07-27,39.12234,16.367704,0.06759186,-0.05047496,39.12313,16.485502,0.061874017,-0.04523443
2023-07-27,39.11106,16.778797,0.03295999,-0.01507349,39.123753,16.860113,0.026386967,-0.018350126
2023-07-27,39.16407,16.761091,0.033782665,-0.040762115,39.16719,16.820276,0.030789532,-0.04199276
2023-07-27,39.11186,16.536707,0.04325667,-0.019452233,39.12161,16.354351,0.03321835,-0.018038416
2023-07-27,39.12327,16.627626,0.035799537,-0.017116902,39.122173,16.66009,0.033685923,-0.013422137
2023-07-27,39.136208,16.838665,0.051801853,-0.014038514,39.139103,16.87976,0.03717826,-0.019465715
2023-07-27,39.1234,16.58384,0.039143305,-0.022026403,39.1343,16.530163,0.031039886,-0.02416946
2023-07-27,39.135544,16.585335,0.02990814,-0.036940664,39.14093,16.530546,0.020181919,-0.037505165
2023-07-27,39.137466,16.90121,0.042725913,-0.008385955,39.132748,16.741333,0.035193637,-0.0109361615
2023-07-27,39.14689,16.880957,0.033066142,-0.020274905,39.141575,16.62764,0.024099505,-0.017502453
2023-07-27,39.123734,16.780167,0.017090365,-0.012393168,39.137764,16.83056,0.01601323,-0.0029029925
2023-07-27,39.123867,16.657497,0.040045593,-0.005440256,39.131832,16.50056,0.040682472,-0.007825063
2023-07-27,39.121212,16.825642,0.036197606,-0.002706859,39.119274,16.934309,0.018165415,-0.0038762852
2023-07-27,39.139988,16.954998,0.0120747145,-0.007085602,39.13979,16.740837,0.006597219,-0.014415835
2023-07-27,39.166992,16.577438,0.037338734,0.004484894,39.17362,16.711086,0.037183177,-0.0023740982
2023-07-27,39.156906,16.926208,0.0076163583,-0.013030076,39.15042,16.760313,0.014267302,-0.013460484
2023-07-27,39.17648,17.188488,0.032031167,-0.015896162,39.176956,17.316868,0.01961717,-0.024156796
2023-07-27,39.21031,17.362427,0.032455772,-0.014569271,39.199646,17.355352,0.02897089,-0.027538234
2023-07-27,39.136604,16.80303,0.049944203,-0.026272455,39.13729,16.727995,0.047212142,-0.012477668
2023-07-27,39.117496,16.611004,0.046016604,-0.035799537,39.123173,16.637436,0.04138403,-0.031580158
2023-07-27,39.139988,16.802776,0.024547497,0.007908274,39.138042,16.653814,0.01270698,0.0045281867
2023-07-27,39.12904,16.608837,0.04288514,-0.015551171,39.12744,16.599302,0.035821944,-0.02184088
2023-07-27,39.135212,16.759594,0.047874253,-0.0277055,39.143707,16.858608,0.034735892,-0.02768915
2023-07-27,39.1234,16.64441,0.06968835,-0.028846625,39.122288,16.7936,0.06492534,-0.028294522
2023-07-27,39.135677,16.981237,0.046016604,-0.01618808,39.134914,16.869324,0.03664879,-0.02373668
2023-07-27,39.163807,16.928852,0.031792324,-0.023804437,39.15677,16.936825,0.04040576,-0.017806299
2023-07-27,39.152596,16.386015,0.049360372,-0.019691072,39.149,16.069384,0.035416406,-0.020854406
2023-07-27,39.093945,16.765612,0.029801987,-0.03723258,39.09575,16.679077,0.022167563,-0.033723716
2023-07-27,39.13508,16.956526,0.025184404,0.006687534,39.135845,16.85792,0.014135155,0.006468275
2023-07-27,39.142574,16.39904,0.044795863,-0.03505648,39.14624,16.306377,0.033922672,-0.02340759
2023-07-27,39.077293,16.930061,0.041213255,-0.018178416,39.09036,16.87686,0.039872684,-0.027624158
2023-07-27,39.12639,16.868664,0.03808179,-0.0151265655,39.12911,16.437506,0.030199526,-0.019691288
2023-07-27,39.13428,16.957672,0.045140855,-0.013640447,39.13326,16.899197,0.04196562,-0.013392438
2023-07-27,39.15651,17.288927,0.016214617,-0.015285793,39.155384,17.23151,0.015701102,-0.033871293
2023-07-27,39.1439,17.16782,0.031871937,-0.032137316,39.14873,17.07465,0.02777646,-0.026999
2023-07-27,39.136673,16.864906,0.037020277,-0.020991428,39.13802,16.670948,0.02647072,-0.028159205
2023-07-27,39.137,16.502983,0.043389358,-0.028634323,39.133266,16.485292,0.041585855,-0.025057152
2023-07-27,39.12287,16.56107,0.033304982,-0.034658413,39.128914,16.419847,0.034136187,-0.028109794
2023-07-27,39.114246,16.790451,0.019399157,-0.029058928,39.13516,17.006794,0.020506773,-0.040204454
2023-07-27,39.07988,16.69103,0.058197472,-0.004325667,39.111988,16.79801,0.04590259,-0.0062337923
2023-07-27,39.149807,17.070532,0.025396707,-0.0050952644,39.146896,16.990852,0.019303985,-0.009605273
2023-07-27,39.141315,16.812998,0.010190529,-0.013666985,39.140144,16.64798,0.0021365534,-0.007959495
2023-07-27,39.112453,16.485563,0.03569339,-0.03553416,39.11282,16.639746,0.04537018,-0.051153887
2023-07-27,39.137466,16.67272,0.033756126,-0.03298653,39.142143,16.686604,0.023304349,-0.030068144
2023-07-27,39.097065,16.74985,0.043415897,-0.026192842,39.095856,16.564926,0.040646978,-0.024487555
2023-07-27,39.14085,17.490732,0.026033616,-0.008173653,39.142113,17.140312,0.018376473,-0.0022404534
2023-07-27,39.13415,16.68772,0.0377368,-0.024361731,39.144283,16.692806,0.03564036,-0.026765537
2023-07-27,39.158035,16.915573,0.013375068,-0.0077490476,39.149147,16.869757,-0.0044290526,-0.014954335
2023-07-27,39.095074,16.604443,0.03173925,-0.026272455,39.09516,16.535135,0.0290156,-0.025649577
2023-07-27,39.11272,16.823954,0.023379833,-0.025476322,39.114067,16.887957,0.014097827,-0.030479264
2023-07-27,39.151134,17.176258,0.02706859,-0.0075632827,39.15452,17.157238,0.021603862,-0.0019494615
2023-07-27,39.15339,16.762651,0.01862956,-0.03112888,39.14862,16.860893,0.024968531,-0.03388595
2023-07-27,39.106018,16.732876,0.0039275996,-0.011384731,39.115395,16.706444,0.0051697446,-0.015061309
2023-07-27,39.123734,17.024324,0.02011568,-0.028687399,39.127453,17.036825,0.0038321903,-0.021479767
2023-07-27,39.132957,16.775549,0.021999864,-0.0065548453,39.137516,16.655355,0.018164374,-0.010722566
2023-07-27,39.141117,16.82201,0.044795863,-0.034631874,39.142467,16.67042,0.033999693,-0.035575677
2023-07-27,39.11133,16.789083,0.024308655,-0.019664535,39.129364,16.818678,0.017286098,-0.017674131
2023-07-27,39.097397,16.840895,0.034233805,-0.0208322,39.110104,16.768068,0.025123486,-0.027639598
2023-07-27,39.144634,16.700106,0.023432909,-0.01947877,39.150814,16.689226,0.013706038,-0.014184304
2023-07-27,39.175617,17.337269,0.010694747,-0.0125789335,39.176308,17.16949,0.0034682618,-0.013429319
2023-07-27,39.147152,17.276667,0.022159092,-0.005227953,39.142075,17.271118,0.016978994,-0.004865266
2023-07-27,39.13508,16.910446,0.021867175,-0.015445019,39.13877,16.847794,0.025446126,-0.006017746
2023-07-27,39.13647,16.3678,0.036409907,-0.0067936857,39.131016,16.314802,0.034018468,-0.0038672308
2023-07-27,39.122673,17.166737,0.032508846,-0.037418347,39.124397,16.917133,0.019493489,-0.031892203
2023-07-27,39.09819,16.682623,0.03383574,-0.019823762,39.100716,16.781,0.036381193,-0.017373493
2023-07-27,39.171104,16.97143,0.049758438,-0.020991428,39.173553,16.967672,0.03960345,-0.017679134
2023-07-27,39.167522,16.94987,0.011225504,-0.013507757,39.16305,17.010288,0.020399356,-0.011237034
2023-07-27,39.13886,16.682592,0.029934676,-0.035613775,39.141693,16.63045,0.02506513,-0.046290055
2023-07-27,39.11166,16.647785,0.030120442,-0.02598054,39.113598,16.708818,0.025078328,-0.030418
2023-07-27,39.125126,16.56677,0.038771775,-0.015179642,39.121857,16.49273,0.039312895,-0.016301904
2023-07-27,39.132423,17.183615,0.034711488,-0.022159092,39.14107,17.117073,0.031006258,-0.015495911
2023-07-27,39.15286,16.977352,0.02842202,-0.012605472,39.155357,16.737806,0.025440738,-0.010161237
2023-07-27,39.141182,17.200462,0.020566821,-0.037418347,39.14844,16.98815,0.020608597,-0.032225654
2023-07-27,39.152462,16.714342,0.01605539,-0.026511297,39.147713,16.44494,0.016301636,-0.017931294
2023-07-27,39.107613,16.863537,0.046149295,-0.0050421883,39.116123,16.959291,0.039309878,-0.0136858765
2023-07-27,39.16115,16.730392,0.04118672,-0.00575871,39.155674,16.665007,0.03099302,-0.005836236
2023-07-27,39.13488,16.68412,0.027360506,-0.041876704,39.13141,16.522907,0.02834653,-0.03530701
2023-07-27,39.101242,16.860672,0.03492379,-0.024414808,39.10432,16.573723,0.039658554,-0.025919247
2023-07-27,39.13634,17.003052,0.039647523,-0.02218563,39.136017,17.055508,0.033885177,-0.0253335
2023-07-27,39.132423,17.03063,0.03383574,-0.018364182,39.137333,17.029366,0.036255833,-0.018554
2023-07-27,39.12141,16.692686,0.03837371,-0.016108466,39.123363,16.762262,0.037930477,-0.027742904
2023-07-27,39.089634,16.663452,0.043787427,-0.008757485,39.09829,16.408876,0.031096045,-0.029652337
2023-07-27,39.11,16.724117,0.030571586,-0.016851524,39.113445,16.67725,0.035306163,-0.022108987
2023-07-27,39.119953,16.763319,0.037789878,-0.028368944,39.129326,16.817041,0.042896796,-0.026572967
2023-07-27,39.115307,17.080023,0.025502859,-0.0055464073,39.133896,17.03363,0.013277522,-0.01591889
2023-07-27,39.14007,16.868776,0.029614257,-0.025855958,39.128975,16.959265,0.03300073,-0.026180081
2023-08-06,39.110798,16.967289,0.030969653,-0.0016453457,39.11751,17.01483,0.03165691,-0.018825948
2023-08-06,39.149544,16.970123,0.034525722,-0.0060506263,39.152744,17.121607,0.038753204,-0.010419528
2023-08-06,39.12891,16.737812,0.034525722,-0.0072448286,39.127625,16.55429,0.0153249465,-0.009979058
2023-08-06,39.144634,16.95089,0.019823762,-0.0029987753,39.147224,16.707502,0.020642908,-0.008505417
2023-08-06,39.124264,16.932547,0.036330294,-0.032296546,39.125988,16.649914,0.022529993,-0.02188344
2023-08-06,39.12891,16.945284,0.047715027,-0.033119217,39.136738,16.88679,0.0504274,-0.0297917
2023-08-06,39.123203,16.458496,0.057427872,-0.029961215,39.114025,16.566736,0.05301075,-0.040933322
2023-08-06,39.135544,16.308313,0.03725912,-0.04163786,39.141476,16.329845,0.032890677,-0.03728883
2023-08-06,39.162346,16.738321,0.009288242,-0.010190529,39.155933,16.91567,0.0115059605,-0.010500641
2023-08-06,39.147285,16.613487,0.042487074,-0.02645822,39.14041,16.679499,0.042020462,-0.020724345
2023-08-06,39.11332,16.235928,0.031951554,-0.00968631,39.121365,16.133139,0.03137845,-0.014885178
2023-08-06,39.12944,16.87309,0.033013064,-0.03993944,39.140095,16.909906,0.03542672,-0.037795402
2023-08-06,39.151863,16.422733,0.03038582,-0.03099619,39.153587,16.447891,0.0063820276,-0.034876462
2023-08-06,39.120018,16.431936,0.049546137,-0.02598054,39.122776,16.372242,0.022058718,-0.013012067
2023-08-06,39.11106,16.350157,0.07146639,-0.04434472,39.12026,16.340536,0.043073054,-0.035369087
2023-08-06,39.128777,16.766823,0.03688759,-0.0074571315,39.13459,16.745354,0.03594419,-0.0032296325
2023-08-06,39.1441,16.427032,0.03861255,-0.043309744,39.135773,16.22497,0.019580696,-0.040530737
2023-08-06,39.110397,16.468367,0.06647728,-0.013932363,39.110306,16.47339,0.071307324,-0.015930107
2023-08-06,39.116833,16.510658,0.035321858,-0.020752586,39.114273,16.46523,0.040716257,-0.023738803
2023-08-06,39.128777,16.597692,0.055066004,-0.029483534,39.12803,16.481153,0.058359623,-0.04065003
2023-08-06,39.120018,16.422829,0.046122756,-0.013613909,39.116653,16.182896,0.043380808,-0.008544394
2023-08-06,39.144566,16.56021,0.027891263,-0.027997416,39.138767,16.86101,0.031177105,-0.0374578
2023-08-06,39.14629,16.85567,0.039541375,-0.010747823,39.15261,16.771908,0.017644826,-0.0139085455
2023-08-06,39.134613,16.648708,0.046043143,-0.022079479,39.12837,16.75738,0.046528198,-0.027878799
2023-08-06,39.1441,16.603647,0.03420727,-0.012711623,39.145576,16.649616,0.025063414,-0.009741124
2023-08-06,39.122807,16.462921,0.049917668,-0.010747823,39.127987,16.440517,0.03700847,-0.008666118
2023-08-06,39.11617,16.688929,0.034711488,-0.009102477,39.115032,16.529985,0.037034605,-0.015140697
2023-08-06,39.118492,16.774115,0.01862956,-0.007536745,39.123238,16.815208,0.011823258,-0.01652275
2023-08-06,39.152264,16.343216,0.039143305,-0.0056790966,39.15133,16.309786,0.030768372,-0.012910042
2023-08-06,39.12347,16.608137,0.019160317,0.00042460536,39.120155,16.576824,0.020991378,-0.0073199687
2023-08-06,39.1516,16.975729,0.036330294,-0.0042460533,39.15646,16.80471,0.035855968,-0.008645081
2023-08-06,39.17933,16.997255,0.033145756,-0.0130831525,39.16413,16.861921,0.034917228,-0.017814422
2023-08-06,39.1376,16.703547,0.05437602,-0.03627722,39.139347,16.68464,0.052992187,-0.03924478
2023-08-06,39.12619,16.489386,0.046122756,-0.03476456,39.12374,16.558374,0.052754432,-0.038181577
2023-08-06,39.12964,16.729628,0.026060153,0.0071386774,39.12931,16.696873,0.01546943,-0.0053367927
2023-08-06,39.140587,16.402193,0.05111187,-0.020009527,39.137924,16.384895,0.054254692,-0.027010199
2023-08-06,39.13906,16.571451,0.059232447,-0.023485983,39.15283,16.639626,0.05496409,-0.022652278
2023-08-06,39.116238,16.539541,0.060055118,-0.026882825,39.12325,16.50424,0.047506984,-0.016550204
2023-08-06,39.11186,16.740582,0.048564237,-0.0061567775,39.1176,16.496136,0.04316209,-0.009126641
2023-08-06,39.169777,16.762205,0.037710264,-0.02587439,39.164387,16.735477,0.040406384,-0.029007323
2023-08-06,39.133087,16.267105,0.044583563,-0.017355744,39.135803,16.394547,0.03972552,-0.021635406
2023-08-06,39.122074,16.739819,0.039620988,-0.047608875,39.12103,16.44687,0.030841036,-0.039854463
2023-08-06,39.128246,16.61148,0.04352205,0.011968563,39.12682,16.534792,0.043055516,0.007590504
2023-08-06,39.149544,16.317451,0.059948966,-0.034631874,39.160786,16.56223,0.05051202,-0.033077322
2023-08-06,39.114048,16.793955,0.056790967,-0.027599348,39.12183,16.974102,0.03674283,-0.029330593
2023-08-06,39.12884,16.774052,0.04153171,-0.02255716,39.13534,16.777498,0.046333212,-0.026914313
2023-08-06,39.12559,16.783606,0.04116018,-0.013162766,39.13186,16.835365,0.049288895,-0.018163444
2023-08-06,39.130035,16.953629,0.014914263,-0.0146223465,39.140198,16.677393,0.014646726,-0.024349129
2023-08-06,39.12068,16.703068,0.04129287,-0.030810425,39.128345,16.439323,0.0395033,-0.034654498
2023-08-06,39.129574,16.626926,0.036781438,-0.018204954,39.13161,16.511818,0.04161111,-0.021229636
2023-08-06,39.144367,16.403816,0.039647523,-0.030545047,39.14682,16.385641,0.03594866,-0.023818057
2023-08-06,39.133156,16.461903,0.04572469,-0.037683725,39.141808,16.451193,0.036060423,-0.033918478
2023-08-06,39.120018,16.566738,0.025555935,-0.0277055,39.12597,16.550964,0.020854613,-0.029970642
2023-08-06,39.112453,16.612404,0.06342542,-0.017435357,39.12305,16.56251,0.05488775,-0.021542853
2023-08-06,39.158566,16.869524,0.033066142,-0.0034764563,39.15391,16.79721,0.02534046,-0.0036576022
2023-08-06,39.154186,16.613997,0.017143441,-0.01446312,39.15765,16.564505,0.028369302,-0.017082274
2023-08-06,39.130436,16.46391,0.041372485,-0.03810833,39.132572,16.726055,0.03513169,-0.042042855
2023-08-06,39.124,16.53244,0.044291645,-0.022318318,39.116364,16.397396,0.032567263,-0.02408144
2023-08-06,39.114445,16.689533,0.049572673,-0.025582472,39.122337,16.805113,0.047708258,-0.030427586
2023-08-06,39.138462,17.22788,0.03407458,-0.010243604,39.13665,17.201262,0.04055078,-0.025781423
2023-08-06,39.128048,16.357641,0.052465297,-0.015604246,39.132236,16.366282,0.04933349,-0.014566859
2023-08-06,39.143307,16.625174,0.041239794,0.00018576485,39.143948,16.671719,0.032729495,-0.0031567062
2023-08-06,39.126854,16.559158,0.035613775,-0.033915352,39.124195,16.382648,0.03118018,-0.044018492
2023-08-06,39.1242,16.750582,0.024680186,-0.019637998,39.11934,16.81205,0.025883082,-0.021951135
2023-08-06,39.153126,16.875893,0.04023136,-0.01815188,39.144936,16.80146,0.029071447,-0.026280494
2023-08-06,39.142574,16.458305,0.023432909,-0.029244693,39.14704,16.68396,0.020403767,-0.02805685
2023-08-06,39.121677,16.55212,0.020911813,-0.011013201,39.124672,16.426554,0.021834074,-0.012073077
2023-08-06,39.105225,16.807266,0.030173518,-0.037285656,39.111126,16.850334,0.029223692,-0.03776507
2023-08-06,39.12911,16.563648,0.028687399,-0.0010880512,39.12201,16.610386,0.024183568,-0.008091021
2023-08-06,39.144302,16.737398,0.049705364,-0.020672973,39.152527,16.514866,0.04144296,-0.015653778
2023-08-06,39.130035,16.559542,0.036462985,-0.01876225,39.135597,16.609207,0.030713344,-0.024059527
2023-08-06,39.11471,16.75316,0.04447741,-0.014277355,39.127773,16.515818,0.028315865,-0.003890553
2023-08-06,39.14662,16.57177,0.024282118,-0.017116902,39.15142,16.465372,0.022021074,-0.024129868
2023-08-06,39.155777,16.97455,0.023698285,-0.0048564235,39.15034,16.659811,0.025965825,-0.0020417827
2023-08-06,39.141846,17.061457,0.034499183,-0.009049402,39.13407,16.516201,0.02633982,-0.01611065
2023-08-06,39.139988,16.80921,0.020938352,-0.024892488,39.136215,16.803598,0.033333085,-0.01649939
2023-08-06,39.136406,16.34949,0.042142082,-0.01287085,39.139347,16.361706,0.038532753,-0.010508026
2023-08-06,39.122272,16.85169,0.035242245,-0.03171271,39.116375,16.85437,0.031283222,-0.026942477
2023-08-06,39.108807,16.5854,0.04423857,-0.030491972,39.100315,16.600542,0.045298398,-0.034744862
2023-08-06,39.167854,16.693419,0.049811516,-0.023432909,39.172794,16.803982,0.04010355,-0.023567986
2023-08-06,39.15213,16.700424,0.019027628,-0.009580159,39.139446,16.66694,0.017586969,-0.022552166
2023-08-06,39.119022,16.499735,0.024786336,-0.029191617,39.120815,16.561285,0.027904402,-0.024981698
2023-08-06,39.124596,16.495531,0.05291644,-0.021601798,39.130234,16.626505,0.059874997,-0.028227367
2023-08-06,39.132294,16.418434,0.039408684,-0.014755036,39.136963,16.454718,0.047831565,-0.029570593
2023-08-06,39.132423,17.034292,0.040364046,-0.02659091,39.138596,17.036077,0.030446231,-0.033058878
2023-08-06,39.15266,16.594189,0.031925015,-0.013905825,39.161667,16.574389,0.030571977,-0.013828833
2023-08-06,39.127914,16.759148,0.04116018,-0.02648476,39.138706,16.701817,0.023788176,-0.029515514
2023-08-06,39.14795,16.447796,0.018948013,-0.024600573,39.145355,16.5244,0.01824947,-0.024806147
2023-08-06,39.118893,16.861277,0.036436446,-0.010641672,39.12315,16.823395,0.042076737,-0.0064796326
2023-08-06,39.155846,16.523046,0.04644121,-0.012287017,39.161804,16.447588,0.041741457,-0.014374188
2023-08-06,39.147087,16.485054,0.031898476,-0.044875477,39.143253,16.442186,0.033388995,-0.048029717
2023-08-06,39.12254,16.67186,0.05193454,-0.017780349,39.11693,16.763552,0.059016168,-0.024783406
2023-08-06,39.144234,16.70622,0.058834378,-0.021893714,39.13821,16.605644,0.047913376,-0.023137381
2023-08-06,39.151,16.96783,0.042460535,-0.008173653,39.15617,17.123398,0.051591616,-0.013293647
2023-08-06,39.11597,16.594252,0.040257894,-0.013534295,39.123238,16.670685,0.046252895,-0.021039475
2023-08-06,39.124863,16.588074,0.06042665,-0.01605539,39.134014,16.72154,0.06542447,-0.027474418
2023-08-06,39.12287,16.7074,0.05108533,-0.012313555,39.12537,16.798376,0.051589597,-0.02415594
2023-08-06,39.13594,16.790579,0.03725912,-0.0277055,39.143967,16.703114,0.03669978,-0.023005376
2023-08-06,39.114445,16.823412,0.02794434,-0.00870441,39.122643,16.728876,0.02451428,-0.014125272
2023-08-06,39.139397,16.720444,0.040612224,-0.024719993,39.12352,16.72995,0.03154964,-0.024498012
2023-08-15,39.11597,16.71899,0.034950327,-0.007802123,39.11903,16.677614,0.030881222,-0.0032220096
2023-08-15,39.14284,16.85373,0.028501634,-0.022159092,39.15157,16.384678,0.016029501,-0.031734016
2023-08-15,39.134216,16.646479,0.045034707,-0.0010084377,39.130432,16.729918,0.040411666,5.3317824e-05
2023-08-15,39.114513,16.671413,0.027387045,-0.012738161,39.131012,16.214104,0.016137725,-0.018801603
2023-08-15,39.121346,16.736473,0.024175966,-0.03686105,39.1308,16.602476,0.021649614,-0.023789316
2023-08-15,39.13342,16.783445,0.033437673,-0.032057703,39.143143,16.711731,0.03000049,-0.044580422
2023-08-15,39.14311,16.48343,0.041319408,-0.036409907,39.160515,16.219412,0.022466248,-0.019506734
2023-08-15,39.139988,16.336082,0.031155417,-0.038559474,39.13888,16.314913,0.0479139,-0.027198963
2023-08-15,39.15558,16.651192,0.013666985,-0.016851524,39.15768,17.0408,0.021987079,-0.02714107
2023-08-15,39.13428,16.518587,0.035109553,-0.018417258,39.134617,16.304697,0.027982054,-0.020370254
2023-08-15,39.09985,16.140265,0.040709037,-0.007802123,39.10533,15.874367,0.022858337,-0.027850825
2023-08-15,39.129242,16.771917,0.03171271,-0.066583425,39.13778,16.507288,0.039827287,-0.05418431
2023-08-15,39.14901,16.361017,0.020672973,-0.034472648,39.15039,16.055357,0.016409718,-0.034608323
2023-08-15,39.122406,16.392258,0.04190324,-0.039488297,39.137127,16.156937,0.021681748,-0.02200147
2023-08-15,39.10642,16.320032,0.071864456,-0.023592135,39.114815,16.213247,0.059558995,-0.029538948
2023-08-15,39.125656,16.68584,0.030730812,0.0022822537,39.140545,16.37517,0.007859407,0.0077073886
2023-08-15,39.1236,16.330223,0.031075804,-0.034525722,39.127747,16.443901,0.014168856,-0.024839556
2023-08-15,39.11511,16.389805,0.061196245,-0.007828661,39.116436,15.999798,0.03543476,-0.045004394
2023-08-15,39.10131,16.344967,0.020327982,-0.012233942,39.12494,16.264786,0.026093876,-0.011978743
2023-08-15,39.124996,16.472412,0.05381873,-0.04102749,39.138653,16.544796,0.03975552,-0.027754368
2023-08-15,39.132294,16.441044,0.05514562,-0.016931139,39.138687,16.668749,0.058062274,-0.028684353
2023-08-15,39.130634,16.406555,0.027625885,-0.021681411,39.13665,16.44197,0.021703461,-0.013044381
2023-08-15,39.138527,16.788923,0.032216933,-0.022079479,39.138504,16.815567,0.026031183,-0.032066215
2023-08-15,39.124794,16.373245,0.040655963,-0.019160317,39.128326,16.521845,0.043017983,-0.025876071
2023-08-15,39.14052,16.53158,0.032827303,-0.0010349755,39.15376,16.766815,0.013495679,-0.011447811
2023-08-15,39.137997,16.469004,0.042433996,-0.010721285,39.136868,16.14066,0.03230323,-0.014919421
2023-08-15,39.11551,16.527441,0.037444886,-0.025025178,39.133217,16.697407,0.02431885,-0.031176321
2023-08-15,39.105156,16.640333,0.026537834,-0.00870441,39.135838,16.396389,0.010728051,-0.011115914
2023-08-15,39.133022,16.302517,0.022477545,-0.007085602,39.131332,16.504065,0.015081939,-0.017920945
2023-08-15,39.11345,16.43974,0.023565596,0.020274905,39.109642,16.194891,0.018404402,0.0151611995
2023-08-15,39.140385,16.804846,0.025768237,0.00015922701,39.143444,16.659674,0.023353323,0.0012552586
2023-08-15,39.156773,16.746155,0.023087915,-0.011782798,39.145622,16.816545,0.025836159,-0.0066979
2023-08-15,39.119953,16.601608,0.04898884,-0.038400248,39.12391,16.513779,0.018084861,-0.04390458
2023-08-15,39.124863,16.508589,0.043070905,-0.03508302,39.126205,16.835629,0.030262038,-0.03491114
2023-08-15,39.118095,16.639282,0.02794434,0.011437806,39.11953,16.350008,0.028188245,-0.016953852
2023-08-15,39.12851,16.441841,0.04864385,-0.031314645,39.142193,16.486643,0.025360009,-0.03115717
2023-08-15,39.14636,16.56349,0.04660044,-0.015551171,39.14294,16.35719,0.036038153,-0.012049044
2023-08-15,39.1035,16.496742,0.04867039,-0.036489524,39.113144,16.474483,0.047174137,-0.026705347
2023-08-15,39.09149,16.65323,0.043548588,-0.020885276,39.128498,16.322004,0.02818057,-0.007956371
2023-08-15,39.167587,16.606672,0.018231492,-0.01151742,39.169247,16.69399,0.022832647,-0.022818832
2023-08-15,39.119884,16.270035,0.03505648,-0.01751497,39.13168,16.317602,0.03127543,-0.040005688
2023-08-15,39.120018,16.681446,0.03394189,-0.067777626,39.132744,16.270369,0.015595568,-0.045686275
2023-08-15,39.1171,16.426651,0.028820088,0.0178865,39.127663,16.038645,0.024795162,0.006554683
2023-08-15,39.14523,16.270449,0.03625068,-0.038002178,39.135223,16.57522,0.048135277,-0.048978366
2023-08-15,39.151134,16.683802,0.057640176,-0.034525722,39.162415,16.78577,0.033021018,-0.02551781
2023-08-15,39.13289,16.60164,0.045034707,-0.04084173,39.13201,16.269655,0.038222793,-0.025864193
2023-08-15,39.10476,16.488398,0.0416644,-0.018841863,39.11772,16.307161,0.028145375,-0.016701208
2023-08-15,39.112988,16.73969,0.033251908,-0.025555935,39.123135,16.542244,0.037323285,-0.03488522
2023-08-15,39.116634,16.499386,0.0406825,-0.036091454,39.123745,16.416698,0.0235515,-0.034492128
2023-08-15,39.115906,16.47499,0.033915352,-0.00010615134,39.12891,16.287668,0.018617686,0.0091730375
2023-08-15,39.139988,16.346272,0.055066004,-0.030093905,39.144733,16.573036,0.03163181,-0.024067191
2023-08-15,39.136738,16.432764,0.04782118,-0.047316957,39.147274,16.805094,0.031829666,-0.03650288
2023-08-15,39.13156,16.436491,0.021044502,-0.016745374,39.126545,16.11003,0.0035674071,-0.010066124
2023-08-15,39.1106,16.546707,0.05413718,-0.01740882,39.14248,16.349264,0.04240009,-0.012248564
2023-08-15,39.142643,16.708864,0.010747823,-0.018178416,39.131405,16.36937,-0.00073409284,-0.018120032
2023-08-15,39.16248,16.57314,0.0218141,-0.013746598,39.150993,16.731003,0.020448487,-0.016517721
2023-08-15,39.133884,16.405027,0.042832065,-0.042725913,39.134594,16.543863,0.028860068,-0.039714694
2023-08-15,39.107346,16.370474,0.043442436,-0.015285793,39.117085,16.476105,0.02834647,-0.013862446
2023-08-15,39.12393,16.585718,0.043336283,-0.015259255,39.125954,16.531004,0.030868389,-0.03487451
2023-08-15,39.131165,17.011108,0.026856288,-0.01090705,39.133175,17.103289,0.03296484,-0.02357638
2023-08-15,39.11239,16.246532,0.045247007,0.01188895,39.11665,15.979489,0.021524822,0.0026513129
2023-08-15,39.142113,16.550816,0.03662221,0.007005988,39.142326,16.592047,0.028377254,0.002626873
2023-08-15,39.141117,16.470661,0.032190394,-0.040045593,39.1433,16.40832,0.015341602,-0.0385478
2023-08-15,39.11763,16.612946,0.027838187,-0.028873164,39.132385,16.877008,0.017537042,-0.031256728
2023-08-15,39.155247,16.861849,0.030200055,-0.0084655695,39.1561,16.690054,0.041654073,-0.0031340825
2023-08-15,39.144833,16.26599,0.028952777,-0.04532662,39.139145,16.265814,0.035041664,-0.048181638
2023-08-15,39.127716,16.442446,0.017594583,-0.006873299,39.132153,16.20468,0.005694004,-0.008939712
2023-08-15,39.113716,16.59938,0.046228908,-0.038187943,39.125908,16.601473,0.04362624,-0.06275345
2023-08-15,39.114643,16.480978,0.026007077,0.004617583,39.12093,16.55149,0.025139267,-0.0063138367
2023-08-15,39.146954,16.632372,0.037391808,-0.016718837,39.142426,16.135597,0.02835112,-0.021453848
2023-08-15,39.141582,16.519703,0.041717477,-0.0069529125,39.143997,16.227419,0.011705071,-0.019986646
2023-08-15,39.12148,16.568108,0.037418347,-0.018364182,39.1225,16.471869,0.030935511,-0.014835733
2023-08-15,39.135147,16.466776,0.028687399,-0.024229042,39.132233,16.296926,0.02873087,-0.037459783
2023-08-15,39.12665,16.717398,0.028820088,-0.014038514,39.12186,16.481821,0.034273144,-0.022856375
2023-08-15,39.115837,16.780676,0.036197606,-0.023804437,39.12939,16.423515,0.01845145,-0.0043369043
2023-08-15,39.12586,16.639982,0.029669298,-0.020434132,39.119377,16.391275,0.025890028,-0.014425919
2023-08-15,39.1374,16.32484,0.033145756,-0.016214617,39.14434,16.041613,0.008740115,-0.012256899
2023-08-15,39.117035,16.723036,0.03234962,-0.022636773,39.12089,17.008661,0.033578876,-0.0322658
2023-08-15,39.126984,16.473814,0.03715297,-0.020646434,39.138714,16.615643,0.019223725,-0.032734938
2023-08-15,39.138927,16.507187,0.042540148,-0.018603021,39.12882,16.256783,0.024437647,-0.014169378
2023-08-15,39.127514,16.605526,0.01937262,-0.0012738161,39.143993,16.428522,0.014777944,-0.0065903827
2023-08-15,39.103565,16.402607,0.017833425,-0.0073509803,39.1215,16.289354,0.007506716,-0.0020726477
2023-08-15,39.116104,16.408052,0.049201146,-0.017090365,39.12611,16.721571,0.063825265,-0.028203946
2023-08-15,39.137733,16.3628,0.041611325,-0.035348397,39.11895,16.452614,0.026540121,-0.031424895
2023-08-15,39.138065,16.818857,0.044875477,-0.010827436,39.147137,16.517193,0.024089513,-0.00717238
2023-08-15,39.158165,16.524797,0.01764766,0.0028130105,39.162334,16.566408,0.020829761,-0.02214455
2023-08-15,39.11471,16.482952,0.03444611,-0.008837099,39.14511,16.335693,0.016006453,-0.014184299
2023-08-15,39.150536,16.30548,0.024574034,-0.01815188,39.14684,16.22327,0.027933462,-0.028258173
2023-08-15,39.110268,16.590782,0.032137316,-0.025396707,39.12736,16.004572,0.024015326,-0.012454343
2023-08-15,39.14145,16.55349,0.040045593,-0.017806888,39.160393,16.628244,0.021436108,-0.015751058
2023-08-15,39.142376,16.374233,0.010800899,-0.03959445,39.140835,16.062569,-0.003142548,-0.03276112
2023-08-15,39.152264,16.74488,0.037896026,-0.02069951,39.140198,16.37793,0.019605992,-0.012482702
2023-08-15,39.154716,16.621862,0.055968292,-0.031181956,39.16843,16.721394,0.049116906,-0.039626174
2023-08-15,39.14523,16.771631,0.05437602,-0.012552395,39.142075,16.816069,0.03481173,-0.016215688
2023-08-15,39.117165,16.482666,0.036224145,-0.025582472,39.11646,16.345207,0.04085511,-0.024753233
2023-08-15,39.14138,16.502506,0.053712577,-0.02720128,39.14634,16.383205,0.020261867,-0.026860727
2023-08-15,39.1234,16.65307,0.052491836,-0.016878063,39.135136,16.572195,0.035878405,-0.031078888
2023-08-15,39.125656,16.64081,0.037551034,-0.028023953,39.12189,16.134604,0.03352292,-0.014227073
2023-08-15,39.136406,16.66495,0.026086692,-0.019797225,39.13429,16.370026,0.0051900777,-0.017441822
2023-08-15,39.130394,16.64016,0.033525147,-0.029749895,39.134247,16.347359,0.015657691,-0.026655441
2023-08-18,39.11239,16.670458,0.032270007,-0.0048564235,39.114685,16.578194,0.024004584,-0.013031083
2023-08-18,39.13813,16.783382,0.03258846,-0.027413582,39.144257,16.979713,0.025092466,-0.037507914
2023-08-18,39.12851,16.56884,0.04017828,-0.008306342,39.121708,16.648077,0.04359113,-0.005675689
2023-08-18,39.10887,16.58575,0.02192025,-0.018045727,39.127724,16.468195,0.019491289,-0.0133366715
2023-08-18,39.117496,16.627403,0.023194067,-0.03725912,39.124035,16.555965,0.020124098,-0.031770352
2023-08-18,39.13163,16.659695,0.027732037,-0.034472648,39.125397,16.703625,0.02583565,-0.039344855
2023-08-18,39.14609,16.438593,0.03383574,-0.04179709,39.15731,16.498291,0.023630982,-0.0342286
2023-08-18,39.143436,16.316784,0.028846625,-0.0338092,39.147755,16.36656,0.024403635,-0.028744087
2023-08-18,39.151997,16.61266,0.008518645,-0.023804437,39.14774,16.631035,0.012979136,-0.035748556
2023-08-18,39.124,16.42423,0.031553484,-0.028289331,39.12269,16.33005,0.039124157,-0.031998757
2023-08-18,39.089634,16.098196,0.03630376,-0.020036064,39.094467,15.9172945,0.03139121,-0.021086618
2023-08-18,39.124863,16.695553,0.031420797,-0.07791508,39.12608,16.618288,0.028893478,-0.07130139
2023-08-18,39.142178,16.27634,0.014038514,-0.032747686,39.13511,16.308884,0.019929795,-0.033484854
2023-08-18,39.127384,16.332611,0.0414521,-0.037710264,39.126488,16.417414,0.030069938,-0.038763978
2023-08-18,39.09872,16.265226,0.07146639,-0.027838187,39.09528,16.211157,0.05387526,-0.024347017
2023-08-18,39.126522,16.603838,0.022928689,0.0035560697,39.131126,16.491623,0.023083812,0.0030329893
2023-08-18,39.11856,16.229717,0.027599348,-0.031925015,39.117508,16.317322,0.03622174,-0.0414044
2023-08-18,39.109005,16.335636,0.057162493,-0.010641672,39.106407,16.37433,0.05310779,-0.02308121
2023-08-18,39.098324,16.270672,0.017806888,-0.013879287,39.113594,16.412504,0.030808838,-0.016078556
2023-08-18,39.12473,16.412607,0.049705364,-0.0338092,39.132088,16.355114,0.05037475,-0.03711458
2023-08-18,39.131165,16.405123,0.051616088,-0.018337643,39.13764,16.664267,0.054767083,-0.022657601
2023-08-18,39.130566,16.362864,0.02706859,-0.020805662,39.13808,16.66659,0.039338835,-0.013787179
2023-08-18,39.12798,16.673483,0.030067366,-0.026298994,39.128654,16.631302,0.027485384,-0.028288366
2023-08-18,39.112453,16.291912,0.034578796,-0.0198503,39.11972,16.08008,0.022806799,-0.022804396
2023-08-18,39.136738,16.48378,0.02327368,0.0007695972,39.138565,16.560913,0.013496114,-0.007331476
2023-08-18,39.138397,16.457157,0.031049266,-0.017355744,39.151085,16.280527,0.026437383,-0.020384187
2023-08-18,39.112854,16.471903,0.038320635,-0.032031167,39.11026,16.479752,0.03204005,-0.031964898
2023-08-18,39.098522,16.53037,0.02340637,-0.012658547,39.1116,16.513912,0.024051396,-0.005024142
2023-08-18,39.123005,16.257774,0.013534295,-0.0034233807,39.12294,16.117617,0.011100066,-0.0047642137
2023-08-18,39.097065,16.341654,0.01815188,0.013985438,39.110535,16.07867,0.014173506,0.010342596
2023-08-18,39.13601,16.686413,0.02449442,-0.0013268917,39.131634,16.331057,0.009422565,0.00153904
2023-08-18,39.15319,16.617659,0.020407595,-0.0141181275,39.14861,16.630432,0.020854475,-0.007283285
2023-08-18,39.11166,16.48378,0.04267284,-0.034738027,39.116795,16.298037,0.0334809,-0.027950253
2023-08-18,39.11816,16.441841,0.04323013,-0.03038582,39.118988,16.381227,0.04462961,-0.03467264
2023-08-18,39.10668,16.527887,0.02659091,0.015206179,39.101543,16.37559,0.018669082,0.019063065
2023-08-18,39.124996,16.416365,0.049094994,-0.034021504,39.13343,16.507315,0.05603493,-0.031420417
2023-08-18,39.133022,16.487442,0.041876704,-0.014436582,39.12546,16.229837,0.0328078,-0.008137124
2023-08-18,39.095936,16.42681,0.04437126,-0.042778987,39.09893,16.312656,0.045414418,-0.050870772
2023-08-18,39.083065,16.572216,0.0426463,-0.02990814,39.081673,16.443792,0.047616925,-0.038361274
2023-08-18,39.161285,16.49155,0.012923925,-0.009288242,39.161377,16.265728,0.0058429325,-0.008322717
2023-08-18,39.110065,16.23061,0.034260344,-0.02598054,39.116196,16.114183,0.040815305,-0.03072767
2023-08-18,39.113117,16.566961,0.030173518,-0.066981494,39.11546,16.635456,0.03241518,-0.065133356
2023-08-18,39.10728,16.34503,0.019425694,0.016373843,39.111504,16.401232,0.010742504,0.007613202
2023-08-18,39.14689,16.231056,0.031633098,-0.028050492,39.13348,16.431843,0.030610664,-0.031529576
2023-08-18,39.146027,16.589699,0.055809066,-0.02855471,39.15306,16.68465,0.045280386,-0.024316924
2023-08-18,39.12619,16.511328,0.043070905,-0.04020482,39.12955,16.560568,0.04611373,-0.038164288
2023-08-18,39.09693,16.34484,0.049360372,-0.022981765,39.107628,16.275965,0.055415086,-0.02719709
2023-08-18,39.096664,16.61441,0.038851388,-0.033039603,39.103477,16.601654,0.03986433,-0.025828972
2023-08-18,39.10967,16.414007,0.034525722,-0.039886367,39.1186,16.357456,0.024930144,-0.03562276
2023-08-18,39.10894,16.395441,0.029589685,0.0069794506,39.103226,16.17588,0.0325043,0.014769239
2023-08-18,39.13209,16.299046,0.04742311,-0.028528173,39.129322,16.360697,0.0542857,-0.023799213
2023-08-18,39.136074,16.386717,0.042832065,-0.04532662,39.140038,16.55405,0.045324825,-0.041440178
2023-08-18,39.129242,16.34191,0.023008302,-0.015391944,39.13205,16.349112,0.0213293,-0.016983148
2023-08-18,39.10257,16.471933,0.048696928,-0.023592135,39.106503,16.29897,0.04791901,-0.01980673
2023-08-18,39.13647,16.669662,0.008677872,-0.01998299,39.132584,16.474564,0.0011231385,-0.019584632
2023-08-18,39.16301,16.50913,0.020566821,-0.013666985,39.166958,16.397003,0.012100697,-0.014494603
2023-08-18,39.12798,16.346941,0.03983329,-0.04227477,39.143433,16.357733,0.03769587,-0.034665875
2023-08-18,39.102436,16.31707,0.041956317,-0.021256804,39.109795,16.065434,0.036712352,-0.02251769
2023-08-18,39.126785,16.53604,0.03662221,-0.018231492,39.12966,16.491035,0.028868753,-0.013911049
2023-08-18,39.125526,16.898726,0.022875613,-0.00575871,39.128864,16.952496,0.026662571,-0.011044304
2023-08-18,39.10589,16.182873,0.037099894,0.021761024,39.111973,16.131632,0.029813897,0.023095401
2023-08-18,39.13468,16.554987,0.02069951,0.0050421883,39.14185,16.510448,0.022872608,-0.002444874
2023-08-18,39.141182,16.431585,0.030465433,-0.040151745,39.141483,16.40276,0.021566747,-0.044333328
2023-08-18,39.11325,16.558268,0.02255716,-0.032561924,39.12013,16.722322,0.027863055,-0.036618423
2023-08-18,39.1516,16.77765,0.025078254,-0.0068202233,39.151966,16.953348,0.036850087,-0.013190474
2023-08-18,39.13906,16.226597,0.021601798,-0.055464074,39.142834,16.294659,0.017778264,-0.05775405
2023-08-18,39.129173,16.355125,0.011995101,-0.006209853,39.132717,16.377613,0.011480157,-0.0025599007
2023-08-18,39.11491,16.542408,0.043097444,-0.036940664,39.117783,16.741415,0.04504315,-0.049333055
2023-08-18,39.10947,16.416365,0.018470332,0.0007430594,39.11855,16.160038,0.008801577,-0.00044930205
2023-08-18,39.139725,16.566101,0.03749796,-0.022981765,39.142986,16.443605,0.04581287,-0.026069395
2023-08-18,39.137268,16.471552,0.039116766,-0.0125789335,39.13511,16.120842,0.024186974,-0.020308377
2023-08-18,39.117363,16.52123,0.033092678,-0.017302668,39.120983,16.461372,0.030145302,-0.019751877
2023-08-18,39.125126,16.387321,0.02587439,-0.016851524,39.121048,16.472237,0.023455158,-0.027784284
2023-08-18,39.11,16.61148,0.024308655,-0.011384731,39.109035,16.637913,0.029288415,-0.015132696
2023-08-18,39.10874,16.621193,0.039382145,-0.027864726,39.10666,16.48244,0.033058725,-0.02151167
2023-08-18,39.11657,16.521582,0.025449783,-0.0218141,39.11274,16.32559,0.021618214,-0.020325348
2023-08-18,39.13428,16.262297,0.026856288,-0.01995645,39.13443,16.233057,0.021114245,-0.021636477
2023-08-18,39.102837,16.616066,0.032800764,-0.021017965,39.099915,16.79063,0.047194548,-0.017491853
2023-08-18,39.12937,16.411173,0.031659637,-0.020540284,39.132225,16.338125,0.032631192,-0.022637822
2023-08-18,39.127716,16.404613,0.037444886,-0.014224279,39.125023,16.313807,0.040737584,-0.017134273
2023-08-18,39.110268,16.495277,0.014197742,-0.003688759,39.120865,16.37341,0.007110094,0.003527598
2023-08-18,39.10078,16.287294,0.017568046,-0.008730947,39.100014,16.342049,0.016469825,-0.013669825
2023-08-18,39.108276,16.373087,0.043946654,-0.016718837,39.107944,16.299389,0.03748022,-0.01253812
2023-08-18,39.13329,16.34277,0.037896026,-0.03956791,39.1278,16.355589,0.04787718,-0.03368066
2023-08-18,39.131893,16.710297,0.03919638,-0.008996326,39.13774,16.625998,0.026132243,-0.019137906
2023-08-18,39.15697,16.434134,0.00833288,0.0049891127,39.156464,16.32615,0.007407755,-0.0058388473
2023-08-18,39.10801,16.396906,0.028023953,-0.0060240882,39.112194,16.579697,0.031900253,-0.009354179
2023-08-18,39.143238,16.20803,0.027440121,-0.017249592,39.142708,16.06339,0.025746223,-0.030374447
2023-08-18,39.105423,16.488302,0.029350845,-0.030014291,39.100533,16.22602,0.025911288,-0.0275149
2023-08-18,39.13707,16.485119,0.030359283,-0.018337643,39.13765,16.62013,0.02902396,-0.013650206
2023-08-18,39.137867,16.291945,0.009712847,-0.04118672,39.13633,16.2257,0.0052096923,-0.03947442
2023-08-18,39.14503,16.714628,0.029828526,-0.024680186,39.148647,16.576801,0.0179326,-0.022374248
2023-08-18,39.155445,16.554764,0.042142082,-0.029801987,39.160694,16.414948,0.035452053,-0.02916363
2023-08-18,39.13103,16.648167,0.0475558,-0.010323217,39.12611,16.447985,0.04165765,-0.00799006
2023-08-18,39.11604,16.431936,0.028077029,-0.024865951,39.11234,16.59562,0.026495673,-0.026768913
2023-08-18,39.135807,16.484705,0.054004494,-0.029828526,39.132668,16.452099,0.035308696,-0.025222564
2023-08-18,39.118294,16.62941,0.04898884,-0.02242447,39.1258,16.611012,0.040189337,-0.02496865
2023-08-18,39.11823,16.55798,0.035321858,-0.027042054,39.1152,16.574343,0.041875526,-0.023432098
2023-08-18,39.127846,16.596258,0.017700735,-0.022742923,39.127293,16.493942,0.014354425,-0.027476324
2023-08-18,39.121155,16.56263,0.030038126,-0.032406136,39.124252,16.638184,0.031069376,-0.033950754
2023-08-23,39.109337,16.513016,0.018098803,-0.0064752316,39.119892,16.763227,0.023371894,-0.006460992
2023-08-23,39.130302,16.612276,0.032508846,-0.04078865,39.13046,16.52474,0.039855883,-0.046295587
2023-08-23,39.10874,16.416172,0.028687399,-0.018496871,39.12439,16.198668,0.031189514,-0.014270421
2023-08-23,39.095802,16.453209,0.026033616,-0.036675286,39.10738,16.358423,0.03210957,-0.03913596
2023-08-23,39.109604,16.402128,0.019903375,-0.027917802,39.10934,16.419842,0.007642644,-0.028572854
2023-08-23,39.11133,16.446043,0.026405144,-0.04017828,39.11443,16.57668,0.034652513,-0.040181372
2023-08-23,39.127316,16.273632,0.027652424,-0.033172294,39.12657,16.17782,0.025898553,-0.03765803
2023-08-23,39.133156,16.256533,0.030093905,-0.040045593,39.1238,16.385555,0.020445623,-0.041158233
2023-08-23,39.143238,16.547184,0.006899837,-0.029324306,39.14482,16.546513,0.0037584095,-0.01912445
2023-08-23,39.098854,16.272804,0.02929777,-0.039780214,39.098038,16.39869,0.036016073,-0.040548235
2023-08-23,39.07557,16.062689,0.03935561,-0.039143305,39.09561,16.204517,0.037919782,-0.04304858
2023-08-23,39.115307,16.536707,0.029589685,-0.08476184,39.106285,16.492638,0.031619925,-0.07847382
2023-08-23,39.120285,16.130264,0.014171204,-0.034286883,39.12096,16.141136,0.020368177,-0.039912283
2023-08-23,39.12393,16.239527,0.03232308,-0.038426783,39.133892,16.365597,0.028487893,-0.030927647
2023-08-23,39.077557,16.184944,0.06430117,-0.030571586,39.090416,16.383404,0.06636514,-0.025610916
2023-08-23,39.12453,16.50674,0.013773136,-0.00416644,39.13201,16.386906,0.018378261,-0.0026015784
2023-08-23,39.097794,16.089598,0.024600573,-0.026113229,39.10698,16.06769,0.02724601,-0.027869772
2023-08-23,39.10058,16.23112,0.05320836,-0.012552395,39.097984,16.518839,0.045026075,-0.001820926
2023-08-23,39.09063,16.19733,0.016559608,-0.02526402,39.098316,16.187883,0.021001063,-0.023511088
2023-08-23,39.118824,16.251406,0.04668005,-0.030704275,39.11718,16.33181,0.047147095,-0.021141434
2023-08-23,39.113914,16.290224,0.050554574,-0.019903375,39.111263,16.242622,0.0535209,-0.02085856
2023-08-23,39.125725,16.2608,0.02781165,-0.026033616,39.12412,16.17621,0.007026704,-0.015536973
2023-08-23,39.107014,16.475119,0.030120442,-0.035879154,39.11141,16.295328,0.044465825,-0.044551153
2023-08-23,39.093548,16.216822,0.026882825,-0.022318318,39.098686,16.14865,0.016229969,-0.020728404
2023-08-23,39.127052,16.392448,0.020301443,-0.0059975507,39.123596,16.223133,0.014413629,0.0038883402
2023-08-23,39.135742,16.405504,0.014993876,-0.026219381,39.14258,16.409056,0.01220225,-0.026810067
2023-08-23,39.097195,16.339203,0.034472648,-0.03715297,39.10157,16.47654,0.040218923,-0.039134677
2023-08-23,39.103897,16.428146,0.02781165,-0.027440121,39.106197,16.572796,0.023663359,-0.03313297
2023-08-23,39.112785,16.158003,0.004829886,-0.01507349,39.122528,16.02259,-0.006289171,-0.011365247
2023-08-23,39.08021,16.261913,0.014410044,0.01507349,39.102818,16.201057,0.01065205,0.009769542
2023-08-23,39.127117,16.492315,0.017992651,-0.010217066,39.128044,16.304464,0.012803457,-0.010382927
2023-08-23,39.133686,16.44305,0.02133642,-0.020248368,39.13842,16.282969,0.03786436,-0.016519614
2023-08-23,39.0824,16.334425,0.03861255,-0.025343632,39.084206,16.42601,0.037034076,-0.025479311
2023-08-23,39.09965,16.282263,0.03932907,-0.039143305,39.093456,16.465963,0.040314116,-0.04606128
2023-08-23,39.087376,16.34003,0.020434132,0.005307567,39.10464,16.288885,0.016056944,0.001154197
2023-08-23,39.119755,16.293154,0.044769328,-0.037710264,39.1342,16.393911,0.027472451,-0.027786631
2023-08-23,39.11186,16.292263,0.026909364,-0.012817774,39.10359,16.362612,0.030484002,-0.021342948
2023-08-23,39.0761,16.366493,0.03895754,-0.058887456,39.08544,16.373058,0.036274057,-0.065138906
2023-08-23,39.07006,16.452126,0.044052806,-0.045273546,39.076435,16.460432,0.043219127,-0.05168563
2023-08-23,39.143505,16.296053,0.010349755,-0.008253266,39.14205,16.13381,0.005414811,-0.006324518
2023-08-23,39.09653,16.156664,0.027546272,-0.036940664,39.119125,15.969766,0.016384153,-0.035585374
2023-08-23,39.09826,16.375347,0.029801987,-0.05663174,39.11174,16.28621,0.031601124,-0.05730169
2023-08-23,39.092552,16.229687,0.017753812,0.0049891127,39.099167,16.228558,0.01697662,-0.010061786
2023-08-23,39.13979,16.078007,0.020991428,-0.023724824,39.138668,16.109758,0.011721867,-0.029276589
2023-08-23,39.13375,16.403116,0.047131192,-0.021654872,39.128574,16.422462,0.02755733,-0.021557694
2023-08-23,39.11418,16.329268,0.03444611,-0.03688759,39.126038,16.293133,0.030549278,-0.03544108
2023-08-23,39.080276,16.185835,0.052783754,-0.029961215,39.07394,16.278023,0.04443988,-0.04722744
2023-08-23,39.075832,16.453495,0.04102749,-0.045193933,39.07391,16.361118,0.051962778,-0.046420615
2023-08-23,39.096134,16.308853,0.031553484,-0.055464074,39.090893,16.109442,0.021576354,-0.04574277
2023-08-23,39.093414,16.23373,0.022928689,0.0020964888,39.109524,16.142035,0.01715581,-0.0031810165
2023-08-23,39.119488,16.256021,0.033039603,-0.037816413,39.117786,16.5233,0.028187746,-0.03296773
2023-08-23,39.12672,16.335669,0.034738027,-0.048750002,39.12506,16.365839,0.031520262,-0.052543163
2023-08-23,39.118958,16.178734,0.019823762,-0.012791236,39.12226,16.215439,0.013471636,-0.026865574
2023-08-23,39.094807,16.333057,0.041558247,-0.028660862,39.094776,16.44704,0.034932025,-0.03514527
2023-08-23,39.12778,16.45426,0.0067936857,-0.020964889,39.138187,16.669813,0.01378817,-0.016298765
2023-08-23,39.15611,16.40404,0.01677191,-0.015896162,39.152534,16.683298,0.024026703,-0.015658969
2023-08-23,39.115707,16.256245,0.02903239,-0.045273546,39.115494,16.097824,0.017453114,-0.045570605
2023-08-23,39.091824,16.23147,0.039727136,-0.026882825,39.096508,16.03711,0.040228635,-0.017991876
2023-08-23,39.117165,16.40372,0.030943114,-0.030332744,39.121933,16.346283,0.015824812,-0.029602041
2023-08-23,39.12035,16.718195,0.010163991,-0.0034499185,39.126324,16.755842,0.015057745,-0.0007032067
2023-08-23,39.102173,16.095236,0.016984213,0.020858739,39.10694,16.218327,0.01946464,0.018001078
2023-08-23,39.116768,16.402735,0.005917937,0.0047768103,39.128674,16.320726,0.0044862716,0.008922432
2023-08-23,39.130436,16.265003,0.030120442,-0.039249457,39.140034,16.255072,0.022198018,-0.032578498
2023-08-23,39.105026,16.48913,0.019133778,-0.03407458,39.106808,16.560493,0.026070636,-0.037503093
2023-08-23,39.134216,16.562376,0.024441345,-0.013640447,39.143093,16.331919,0.015054485,-0.010280146
2023-08-23,39.11783,16.137112,0.01348122,-0.059232447,39.119564,15.965897,0.00994875,-0.058766678
2023-08-23,39.122807,16.231247,0.00833288,-0.007908274,39.131195,16.32416,0.010639806,0.0006346084
2023-08-23,39.106617,16.380156,0.03993944,-0.03564031,39.11447,16.57269,0.037309386,-0.034419194
2023-08-23,39.106815,16.318249,0.010853974,-0.010880512,39.108356,16.20849,-0.0069177086,-0.01745989
2023-08-23,39.128246,16.432829,0.035268784,-0.027042054,39.152237,16.546486,0.0362074,-0.02799197
2023-08-23,39.124264,16.342993,0.038506396,-0.02696244,39.129566,16.396107,0.04168787,-0.034768328
2023-08-23,39.10131,16.399996,0.031845402,-0.026325531,39.105423,16.37609,0.03286161,-0.021761615
2023-08-23,39.108078,16.249462,0.0178865,-0.025396707,39.108253,16.31125,0.025084823,-0.037301254
2023-08-23,39.101044,16.410217,0.015896162,-0.005891399,39.11294,16.47348,0.017881727,-0.009781316
2023-08-23,39.087444,16.397575,0.039037153,-0.024945565,39.110703,16.524445,0.05200506,-0.0303325
2023-08-23,39.104164,16.363054,0.02831587,-0.03208424,39.0989,16.505932,0.03240664,-0.025158798
2023-08-23,39.128975,16.188892,0.016267693,-0.02584785,39.13009,16.216356,0.0053107874,-0.029853787
2023-08-23,39.084126,16.464993,0.038453322,-0.018709173,39.091873,16.451593,0.03742253,-0.01703336
2023-08-23,39.117565,16.2344,0.02449442,-0.019584922,39.14208,16.112144,0.015106053,-0.017700862
2023-08-23,39.103897,16.201057,0.033490747,-0.016002314,39.100845,16.147377,0.027161596,-0.0073695253
2023-08-23,39.094475,16.345985,0.00833288,-0.011915487,39.088078,16.656364,0.021582153,-0.024789846
2023-08-23,39.077225,16.134659,0.017169978,-0.021071041,39.10221,16.195019,0.028215999,-0.016011165
2023-08-23,39.099255,16.270353,0.038187943,-0.02266331,39.09717,16.207829,0.03528062,-0.027928876
2023-08-23,39.123337,16.260704,0.028077029,-0.03813487,39.123596,16.05529,0.02360605,-0.03723979
2023-08-23,39.109272,16.490213,0.03569339,-0.0067671477,39.105015,16.411005,0.046206534,-0.008591293
2023-08-23,39.14357,16.264652,0.0029722375,-0.0035295319,39.14425,16.363882,0.009140639,-0.004791031
2023-08-23,39.09162,16.228445,0.02316753,-0.012791236,39.101032,16.210978,0.024727637,-0.020722222
2023-08-23,39.125458,16.121698,0.035189167,-0.020885276,39.118683,16.139036,0.026289726,-0.017829468
2023-08-23,39.08844,16.321114,0.02253062,-0.035773,39.08721,16.358711,0.034588367,-0.037232388
2023-08-23,39.119423,16.304682,0.021734485,-0.023830974,39.123318,16.498894,0.014743429,-0.019683622
2023-08-23,39.10834,16.158798,0.0059975507,-0.04535316,39.10588,16.55934,0.009439565,-0.045217693
2023-08-23,39.133087,16.609983,0.02194679,-0.03211078,39.136047,16.43837,0.028550794,-0.024827376
2023-08-23,39.144432,16.393818,0.034127656,-0.028899701,39.144047,16.404633,0.022899514,-0.032431837
2023-08-23,39.11418,16.525402,0.041611325,-0.017461894,39.121937,16.712221,0.046279345,-0.016101483
2023-08-23,39.124397,16.382513,0.020672973,-0.030332744,39.12289,16.3042,0.016406765,-0.029600991
2023-08-23,39.12181,16.384327,0.048803076,-0.034605335,39.119316,16.274715,0.045800414,-0.037976854
2023-08-23,39.104626,16.489386,0.04471625,-0.035507623,39.106552,16.47377,0.039986927,-0.03611104
2023-08-23,39.101242,16.396015,0.03197809,-0.030306207,39.09915,16.486313,0.03199614,-0.033233546
2023-08-23,39.108807,16.438179,0.0071121394,-0.029191617,39.11592,16.281008,-0.0066317255,-0.03422969
2023-08-23,39.103325,16.41327,0.023730967,-0.035876203,39.10416,16.282505,0.021563955,-0.031620875
2023-08-26,39.104095,16.381048,0.01605539,-0.009288242,39.13056,16.350895,0.012848075,-0.020292457
2023-08-26,39.12665,16.510914,0.033782665,-0.047370035,39.137188,16.466839,0.012998846,-0.037109476
2023-08-26,39.10111,16.397194,0.025635548,-0.028395483,39.11398,16.337946,0.019869147,-0.031349193
2023-08-26,39.097065,16.382004,0.03776334,-0.05318182,39.105915,16.470007,0.030368272,-0.04377069
2023-08-26,39.109802,16.283855,0.02133642,-0.02757281,39.12424,16.239532,0.028259473,-0.016527798
2023-08-26,39.09766,16.364138,0.030173518,-0.05012997,39.118618,16.25016,0.003458214,-0.012593194
2023-08-26,39.115044,16.17246,0.03208424,-0.033411134,39.129887,16.404463,0.021931404,-0.02927651
2023-08-26,39.126057,16.26838,0.028023953,-0.052730676,39.12187,16.320848,0.022196325,-0.038281344
2023-08-26,39.135277,16.508747,0.008120577,-0.038532935,39.1297,16.492119,0.015810769,-0.02863523
2023-08-26,39.090828,16.226088,0.031102343,-0.05132417,39.110023,16.199715,0.028190318,-0.045671847
2023-08-26,39.078686,16.093325,0.043787427,-0.0629212,39.115913,15.86607,0.04412176,-0.040837567
2023-08-26,39.0964,16.400091,0.03476456,-0.08539875,39.130955,16.252796,0.02744633,-0.0698227
2023-08-26,39.103233,16.049728,0.02022183,-0.041982856,39.111538,16.14726,0.01268184,-0.03710795
2023-08-26,39.115376,16.15867,0.029244693,-0.04474279,39.128872,16.254316,0.028548012,-0.036675688
2023-08-26,39.07225,16.162014,0.054721013,-0.037073355,39.117886,15.864441,0.043615982,-0.025111178
2023-08-26,39.118095,16.405918,0.012658547,-0.012685085,39.12245,16.032787,0.001159026,-0.011428538
2023-08-26,39.09063,16.072338,0.021973327,-0.02696244,39.114582,15.919472,0.015381345,-0.025013622
2023-08-26,39.102505,16.191504,0.05315528,-0.022742923,39.120434,16.15257,0.04291323,-0.033552177
2023-08-26,39.0889,16.170103,0.019213391,-0.035481084,39.117073,16.39518,0.020986056,-0.015960352
2023-08-26,39.1094,16.167429,0.04654736,-0.03725912,39.117165,16.333405,0.038038403,-0.038712297
2023-08-26,39.101974,16.20851,0.05172224,-0.025555935,39.119614,16.162449,0.04205879,-0.023830313
2023-08-26,39.127914,16.220196,0.033782665,-0.036595672,39.1539,16.352427,0.02670281,-0.040693715
2023-08-26,39.09879,16.416395,0.033039603,-0.05296952,39.122196,16.605495,0.039051685,-0.041010737
2023-08-26,39.08877,16.202108,0.024467884,-0.0347911,39.107464,16.31015,0.035187997,-0.02983996
2023-08-26,39.126453,16.351017,0.0198503,-0.018815324,39.12238,15.714012,0.0002863191,-0.012897437
2023-08-26,39.127117,16.40732,0.0072448286,-0.043150518,39.13321,16.540495,0.003423154,-0.035863835
2023-08-26,39.09063,16.304905,0.029987752,-0.04323013,39.099148,16.434252,0.024812488,-0.036280513
2023-08-26,39.104362,16.41786,0.033358056,-0.038639087,39.130547,16.335194,0.016064273,-0.02937978
2023-08-26,39.102104,16.076637,-0.00013268917,-0.029191617,39.113995,16.51218,0.015196267,-0.036550835
2023-08-26,39.088238,16.252457,0.014516195,-0.003343767,39.101418,16.33326,0.009724117,-0.008873825
2023-08-26,39.1173,16.422129,0.013454682,-0.016718837,39.13385,16.224,0.011365833,-0.01257509
2023-08-26,39.12055,16.360348,0.022742923,-0.031420797,39.136883,16.494198,0.018096171,-0.02425707
2023-08-26,39.06734,16.352577,0.03293345,-0.030571586,39.078445,16.27126,0.03818108,-0.030521533
2023-08-26,39.08625,16.223063,0.042195156,-0.053049132,39.119133,16.21259,0.048840754,-0.05633617
2023-08-26,39.076763,16.262041,0.026007077,-0.01066821,39.111023,16.567814,0.039405636,-0.014207886
2023-08-26,39.112057,16.224813,0.0426463,-0.045193933,39.105576,16.356924,0.04891656,-0.043956216
2023-08-26,39.09242,16.26599,0.017143441,-0.017780349,39.10727,15.996965,0.0051212483,-0.010044575
2023-08-26,39.07013,16.399582,0.03566685,-0.075553216,39.083096,16.229832,0.034641694,-0.05511232
2023-08-26,39.069332,16.388563,0.046494287,-0.06671611,39.112213,16.45613,0.04757031,-0.050251935
2023-08-26,39.13143,16.16434,0.009420931,-0.011198966,39.132515,16.21254,0.012794993,-0.02409832
2023-08-26,39.095737,16.143036,0.021575259,-0.045671612,39.096447,16.410954,0.03608346,-0.055105586
2023-08-26,39.08837,16.2979,0.033623435,-0.056790967,39.10285,16.331152,0.028876927,-0.055745903
2023-08-26,39.09169,16.20246,0.02130988,-0.005599483,39.09982,16.185774,0.04293552,-0.0022850572
2023-08-26,39.133156,16.019825,0.016878063,-0.024361731,39.1399,16.1806,0.019998394,-0.023110345
2023-08-26,39.122272,16.319904,0.044265106,-0.029350845,39.110573,16.25868,0.031086057,-0.02188608
2023-08-26,39.10894,16.26029,0.032535385,-0.03723258,39.13458,16.471794,0.023075499,-0.016936872
2023-08-26,39.084724,16.172937,0.053049132,-0.04530008,39.09363,16.216265,0.038719457,-0.047746845
2023-08-26,39.076496,16.380507,0.044610098,-0.05968359,39.103355,16.422731,0.030654186,-0.038655594
2023-08-26,39.09295,16.251755,0.02929777,-0.06722034,39.106018,16.365562,0.017618833,-0.06817512
2023-08-26,39.0895,16.217554,0.021097578,-0.013030076,39.114048,16.287218,0.025595931,-0.010825232
2023-08-26,39.10914,16.221693,0.03150041,-0.053500272,39.118103,16.184534,0.026921837,-0.029497845
2023-08-26,39.11186,16.258856,0.030783888,-0.051164944,39.120293,16.399826,0.033884965,-0.030773668
2023-08-26,39.10781,16.113546,0.017196517,-0.019107241,39.111023,15.90319,0.0093826605,-0.011299927
2023-08-26,39.089436,16.290352,0.036224145,-0.03935561,39.093967,15.990026,0.032633547,-0.031070758
2023-08-26,39.12201,16.37557,0.007695972,-0.032455772,39.114433,16.448132,0.016202202,-0.032279987
2023-08-26,39.14032,16.310032,0.020646434,-0.021177191,39.142242,16.097788,-0.0088474965,-0.021654729
2023-08-26,39.108276,16.187428,0.024547497,-0.05843631,39.107826,16.163792,0.022090666,-0.044256546
2023-08-26,39.084656,16.214178,0.040947877,-0.034313418,39.105377,16.107868,0.028314272,-0.029729282
2023-08-26,39.110065,16.341305,0.021999864,-0.04373435,39.117897,16.023308,0.0234703,-0.04088243
2023-08-26,39.111725,16.51362,0.003847986,-0.011145891,39.118443,16.154148,0.008592781,-0.01768425
2023-08-26,39.10343,16.070364,0.004033751,0.010641672,39.113277,16.390476,0.006418854,0.01870543
2023-08-26,39.111923,16.333311,0.0023353293,0.0021761025,39.1132,16.337204,0.0003027779,-0.012572711
2023-08-26,39.121613,16.210865,0.03147387,-0.041213255,39.123768,16.024601,0.015432356,-0.03232522
2023-08-26,39.108276,16.508333,0.02072605,-0.04652082,39.113792,16.577055,0.029337067,-0.044744067
2023-08-26,39.125126,16.451235,0.02706859,-0.017169978,39.136444,16.44773,0.00971345,-0.010964523
2023-08-26,39.106617,16.094534,0.013321993,-0.059603974,39.135242,16.282108,0.02557918,-0.044373978
2023-08-26,39.120018,16.161156,0.008757485,-0.020381058,39.11805,16.063225,-0.00090381707,-0.022013774
2023-08-26,39.10423,16.318089,0.037020277,-0.037816413,39.11603,16.285694,0.0075132307,-0.030638164
2023-08-26,39.110065,16.216215,0.0070590638,-0.023804437,39.12111,16.316875,0.004487187,-0.0149875125
2023-08-26,39.12506,16.387226,0.030836964,-0.029430458,39.134384,16.621798,0.008130468,-0.02779358
2023-08-26,39.121613,16.275162,0.037604112,-0.039010618,39.120007,15.964576,0.019787682,-0.019312903
2023-08-26,39.092686,16.385378,0.035958767,-0.03662221,39.09389,16.246437,0.024485031,-0.01886785
2023-08-26,39.09222,16.20784,0.023140991,-0.040947877,39.117683,15.938116,0.001303077,-0.011646247
2023-08-26,39.106552,16.323885,0.014171204,-0.0067936857,39.10984,16.119942,0.0020991324,-0.0067302207
2023-08-26,39.077824,16.303696,0.04389358,-0.035109553,39.097862,16.327106,0.035733443,-0.02741393
2023-08-26,39.110065,16.328884,0.029881602,-0.050315734,39.12003,16.522152,0.008395849,-0.031234164
2023-08-26,39.124928,16.1445,0.015046952,-0.038028717,39.1394,16.257679,-0.0021094962,-0.023567682
2023-08-26,39.078953,16.383818,0.0475558,-0.02645822,39.09113,16.747156,0.040170215,-0.03543108
2023-08-26,39.113914,16.204145,0.021017965,-0.025768237,39.1083,16.510021,0.039963167,-0.03227619
2023-08-26,39.090096,16.124947,0.027121667,-0.020407595,39.112186,16.210663,0.002327971,-0.021037567
2023-08-26,39.08625,16.27443,0.0073509803,-0.026537834,39.131733,16.665422,0.0071727913,-0.010163977
2023-08-26,39.06827,16.124693,0.02401674,-0.029855063,39.076283,15.91146,0.014111917,-0.052177794
2023-08-26,39.094013,16.23354,0.033251908,-0.027519735,39.110542,15.95682,0.0042304024,-0.03024441
2023-08-26,39.111794,16.178383,0.021283343,-0.03996598,39.11515,16.227606,0.0047256476,-0.024040354
2023-08-26,39.10423,16.412703,0.039249457,-0.014038514,39.120087,16.781647,0.027997434,-0.03535591
2023-08-26,39.139393,16.17988,-0.0006103702,-0.011172428,39.138397,16.19047,-0.0057935882,-0.01197104
2023-08-26,39.091026,16.18262,0.030571586,-0.022981765,39.11599,16.049948,0.02551,-0.012991833
2023-08-26,39.11876,16.100203,0.03810833,-0.03295999,39.131702,16.026571,0.021754641,-0.038338844
2023-08-26,39.074707,16.310925,0.028395483,-0.044026267,39.075848,16.185305,0.0102325175,-0.039198674
2023-08-26,39.10237,16.254303,0.019584922,-0.032906916,39.119774,16.185873,0.007198066,-0.024771849
2023-08-26,39.088837,16.133259,0.011676647,-0.051271096,39.102028,16.045546,0.010228585,-0.04418503
2023-08-26,39.11909,16.502441,0.023804437,-0.04177055,39.113083,16.712963,0.026309628,-0.049536537
2023-08-26,39.128777,16.314236,0.033649974,-0.035560697,39.113216,16.441273,0.037316725,-0.04806926
2023-08-26,39.100647,16.47566,0.045883916,-0.0335969,39.101288,16.669691,0.042090457,-0.04448472
2023-08-26,39.122074,16.329872,0.0188684,-0.03234962,39.122513,16.352814,0.01771859,-0.02950936
2023-08-26,39.11332,16.341846,0.04471625,-0.046653513,39.118614,16.565075,0.03114711,-0.026624257
2023-08-26,39.104958,16.402416,0.04752926,-0.047316957,39.10653,16.309555,0.03865508,-0.04417361
2023-08-26,39.092487,16.233603,0.039620988,-0.037657186,39.08833,16.289673,0.052116774,-0.027362933
2023-08-26,39.100246,16.37003,0.0050952644,-0.040709037,39.099373,16.309582,0.005230761,-0.042710636
2023-08-26,39.091923,16.297037,0.024821721,-0.044698313,39.101852,16.533419,0.036720425,-0.052149102
2023-08-30,39.10615,16.380825,0.0039806752,-0.011331655,39.10407,16.28752,0.0018608293,-0.010753974
2023-08-30,39.132626,16.511932,0.020274905,-0.040470198,39.13934,16.52364,0.0189821,-0.044273954
2023-08-30,39.106617,16.384422,0.019505309,-0.047927327,39.104576,16.294643,0.011088455,-0.041624855
2023-08-30,39.11325,16.43856,0.034738027,-0.07626974,39.114017,16.400858,0.03293827,-0.08099135
2023-08-30,39.117035,16.234304,0.025502859,-0.02560901,39.116302,16.100626,0.019213658,-0.025033057
2023-08-30,39.097992,16.380888,0.027785113,-0.058144394,39.09189,16.23035,0.030247096,-0.053507898
2023-08-30,39.10343,16.126444,0.034233805,-0.04691889,39.10867,16.139122,0.027406389,-0.046727132
2023-08-30,39.11922,16.25876,0.02268985,-0.06666304,39.131073,16.178316,0.02092799,-0.065180585
2023-08-30,39.12473,16.419006,0.010084377,-0.039753675,39.12791,16.311726,0.008696536,-0.04021518
2023-08-30,39.093082,16.223318,0.041744012,-0.05809132,39.098095,16.223852,0.030246696,-0.063599154
2023-08-30,39.099384,16.16676,0.048484623,-0.08436377,39.112583,16.424435,0.060039446,-0.043116573
2023-08-30,39.087177,16.343374,0.02499864,-0.086354114,39.08599,16.489302,0.03802109,-0.08964347
2023-08-30,39.098057,16.067116,0.030332744,-0.05687058,39.104385,16.193958,0.036603935,-0.040512763
2023-08-30,39.1106,16.121157,0.024335194,-0.056445975,39.12268,16.039661,0.02357384,-0.05532996
2023-08-30,39.0759,16.234972,0.046998505,-0.04877654,39.0827,16.266409,0.04774895,-0.041246984
2023-08-30,39.112587,16.304363,0.010217066,-0.016081927,39.120876,16.003584,0.007893899,-0.0059305844
2023-08-30,39.08585,16.144754,0.018045727,-0.057268646,39.10653,16.081898,0.002784631,-0.052938834
2023-08-30,39.104427,16.177906,0.051403783,-0.03415419,39.11385,16.407217,0.049603313,-0.035079196
2023-08-30,39.101574,16.194815,0.035348397,-0.049758438,39.100986,16.208788,0.031102188,-0.05501564
2023-08-30,39.104492,16.253315,0.041133642,-0.048298858,39.0966,16.241983,0.033476785,-0.044021297
2023-08-30,39.1033,16.178448,0.0607451,-0.034976866,39.10479,16.195652,0.059314698,-0.039411455
2023-08-30,39.12904,16.257488,0.040894803,-0.049307298,39.14262,16.202871,0.04211112,-0.04744957
2023-08-30,39.10748,16.520466,0.03112888,-0.06379695,39.10905,16.49402,0.027516708,-0.06919919
2023-08-30,39.097397,16.25357,0.027519735,-0.055941753,39.099483,16.156895,0.025319923,-0.053723298
2023-08-30,39.13216,16.296053,0.019027628,-0.036171068,39.14335,16.253887,0.012128722,-0.032269906
2023-08-30,39.122272,16.436459,0.002866086,-0.047502723,39.127075,16.394625,-0.00089018437,-0.051864993
2023-08-30,39.08837,16.35038,0.024043279,-0.043681275,39.09071,16.488333,0.030031024,-0.04811987
2023-08-30,39.12055,16.509893,0.0375245,-0.04267284,39.125736,16.623556,0.033013083,-0.052606795
2023-08-30,39.099255,16.081732,-0.018788787,-0.056180596,39.110775,15.944696,-0.012930689,-0.059162315
2023-08-30,39.098522,16.266436,0.018284569,-0.021787561,39.105312,16.301233,0.010467888,-0.022273453
2023-08-30,39.112522,16.464928,0.0014595808,-0.024812875,39.12596,16.541533,0.00065740367,-0.020047802
2023-08-30,39.109203,16.354744,0.019133778,-0.038798314,39.104767,16.515568,0.021970538,-0.03700361
2023-08-30,39.062298,16.48031,0.026935901,-0.052863367,39.08126,16.602694,0.035289917,-0.050111577
2023-08-30,39.0962,16.301847,0.038639087,-0.091316685,39.10879,16.370123,0.043022696,-0.10184041
2023-08-30,39.0897,16.333183,0.015365406,-0.038824853,39.12448,16.069727,0.0020149287,-0.03183673
2023-08-30,39.1094,16.230133,0.03776334,-0.053367585,39.117043,16.220818,0.03779428,-0.049340423
2023-08-30,39.088703,16.271753,0.006103702,-0.032190394,39.084843,16.289454,0.001765291,-0.028509872
2023-08-30,39.082134,16.43528,0.035507623,-0.09121054,39.084488,16.46054,0.026721448,-0.061279073
2023-08-30,39.081272,16.490564,0.047131192,-0.0852926,39.096478,16.319386,0.034830343,-0.08919839
2023-08-30,39.125725,16.165422,-0.0004511432,-0.014728498,39.12308,16.110533,-0.0035075492,-0.014753315
2023-08-30,39.1035,16.180613,0.016028851,-0.0622843,39.105686,16.26686,0.011982788,-0.060892127
2023-08-30,39.081142,16.27376,0.033729587,-0.05771979,39.071693,16.53759,0.031189503,-0.061487775
2023-08-30,39.10947,16.191982,0.02130988,-0.014914263,39.108192,16.2901,0.024355512,-0.015413682
2023-08-30,39.127384,15.985559,0.011305117,-0.025529396,39.136433,15.986224,0.00982891,-0.03309282
2023-08-30,39.114777,16.255926,0.042221695,-0.041080568,39.12409,16.222628,0.032259457,-0.04107238
2023-08-30,39.11106,16.270958,0.022955226,-0.027148204,39.10688,16.221891,0.015347501,-0.02936923
2023-08-30,39.099785,16.242233,0.041876704,-0.056419436,39.1083,16.306435,0.037494518,-0.04276521
2023-08-30,39.08731,16.39592,0.036171068,-0.06798993,39.094185,16.522495,0.035628643,-0.0673793
2023-08-30,39.093018,16.284716,0.025396707,-0.07422632,39.092957,16.270962,0.015516778,-0.07368054
2023-08-30,39.095737,16.359997,0.024839412,-0.035454545,39.09774,16.287132,0.022704331,-0.03922439
2023-08-30,39.11199,16.205675,0.037338734,-0.07205022,39.11969,16.138224,0.030781213,-0.050284278
2023-08-30,39.100117,16.230482,0.0237779,-0.05440256,39.103504,16.067015,0.015792018,-0.052683815
2023-08-30,39.107677,16.153257,0.008916712,-0.030730812,39.117203,16.173353,0.008744749,-0.023648137
2023-08-30,39.10018,16.375061,0.028793551,-0.059710126,39.106346,16.450905,0.035928424,-0.057928894
2023-08-30,39.119156,16.414263,0.0010084377,-0.037338734,39.12231,16.424654,0.0021581345,-0.043493174
2023-08-30,39.140984,16.260353,0.019080702,-0.019505309,39.140686,16.456018,0.024361376,-0.01212344
2023-08-30,39.104958,16.117146,0.019744148,-0.06079818,39.113438,16.102663,0.020201275,-0.052194554
2023-08-30,39.09136,16.26634,0.035932228,-0.05357989,39.095947,16.25069,0.035191845,-0.05398903
2023-08-30,39.10423,16.30586,0.01666576,-0.05809132,39.117104,16.242725,0.017182954,-0.058806013
2023-08-30,39.104095,16.439325,-0.004431818,-0.026431683,39.118267,16.341534,-0.0061021596,-0.031883527
2023-08-30,39.103897,16.064472,-0.007669434,-0.006395618,39.111057,15.969633,-0.01610709,-0.007226802
2023-08-30,39.11106,16.299332,0.0011676647,-0.015790012,39.107147,16.150011,0.015529414,-0.019990679
2023-08-30,39.115177,16.191727,0.027599348,-0.05379219,39.12262,16.211071,0.025077958,-0.051725984
2023-08-30,39.122272,16.577948,0.021734485,-0.05158955,39.122047,16.74186,0.031650458,-0.0504355
2023-08-30,39.120285,16.456203,0.033013064,-0.025688624,39.1224,16.272585,0.020749906,-0.018168498
2023-08-30,39.101643,16.056639,0.006607921,-0.05907322,39.122105,15.970563,0.0042415597,-0.04417112
2023-08-30,39.117165,16.131124,0.011623572,-0.037657186,39.129574,16.368626,0.018077455,-0.035697058
2023-08-30,39.11431,16.32156,0.035560697,-0.05673789,39.11278,16.341005,0.04148921,-0.061066955
2023-08-30,39.11378,16.21074,0.007669434,-0.02462711,39.114212,16.224585,0.008928305,-0.029899102
2023-08-30,39.11438,16.35987,0.017329207,-0.030943114,39.12072,16.266563,-0.0012288897,-0.028489841
2023-08-30,39.124264,16.298695,0.03176579,-0.059869353,39.121323,16.227282,0.03029458,-0.06467707
2023-08-30,39.095074,16.468494,0.036834516,-0.052146845,39.09016,16.557777,0.031727277,-0.059611037
2023-08-30,39.09328,16.230515,0.010641672,-0.0627089,39.089954,16.188677,0.013123545,-0.06321346
2023-08-30,39.10781,16.376907,-0.00031845403,-0.0066609965,39.11296,16.497423,0.005852179,-0.008419229
2023-08-30,39.088238,16.32067,0.042168617,-0.049944203,39.096798,16.55994,0.04401606,-0.04536294
2023-08-30,39.12128,16.353119,0.028395483,-0.06337235,39.107994,16.374098,0.041527417,-0.06144856
2023-08-30,39.128777,16.142525,0.012605472,-0.0438405,39.13165,16.122505,0.013541088,-0.042952098
2023-08-30,39.0964,16.448624,0.058489386,-0.034711488,39.095245,16.443304,0.061468266,-0.02487182
2023-08-30,39.122738,16.247934,0.032031167,-0.05052804,39.126236,16.257757,0.031810947,-0.039116256
2023-08-30,39.084923,16.217138,0.012180866,-0.039727136,39.101967,16.16257,0.012810281,-0.046864804
2023-08-30,39.089832,16.318377,0.002892624,-0.040735576,39.100677,16.476252,0.00789697,-0.0457594
2023-08-30,39.07066,16.192905,0.025954003,-0.051244557,39.08917,16.219435,0.040303953,-0.047326308
2023-08-30,39.09554,16.263887,0.01825803,-0.036330294,39.099667,16.324652,0.023125855,-0.027775984
2023-08-30,39.099186,16.119501,0.010402831,-0.034525722,39.105503,16.057392,0.0025830672,-0.035765465
2023-08-30,39.11438,16.399805,0.040337507,-0.02218563,39.12476,16.760008,0.040175688,-0.027083859
2023-08-30,39.135147,16.174498,0.00453797,-0.011490882,39.150112,16.071537,0.0069425986,-0.0128301745
2023-08-30,39.10204,16.203764,0.035826076,-0.03996598,39.10439,16.246674,0.026422668,-0.043112725
2023-08-30,39.11836,16.137653,0.03394189,-0.04681274,39.11897,15.787078,0.01851164,-0.039626054
2023-08-30,39.091953,16.378754,0.019505309,-0.059736665,39.102196,16.33987,0.020360831,-0.064992025
2023-08-30,39.097927,16.269238,0.022079479,-0.05044842,39.09392,16.44788,0.031776812,-0.054209806
2023-08-30,39.089367,16.158545,0.011703185,-0.04938691,39.085907,16.133802,0.017188959,-0.047105934
2023-08-30,39.11431,16.405376,0.022371395,-0.052465297,39.117092,16.516073,0.024616519,-0.05076684
2023-08-30,39.110798,16.231756,0.035136092,-0.037338734,39.107204,16.2579,0.038853616,-0.036718614
2023-08-30,39.100048,16.540688,0.052252997,-0.04410588,39.09552,16.492266,0.045615956,-0.04448851
2023-08-30,39.1242,16.342165,0.0064486936,-0.022636773,39.123695,16.028673,-0.0025092552,-0.023988923
2023-08-30,39.118824,16.35073,0.035932228,-0.06090433,39.123177,16.400696,0.022148173,-0.055744406
2023-08-30,39.109604,16.373405,0.044318184,-0.06262929,39.132504,16.319227,0.04555897,-0.049683712
2023-08-30,39.102966,16.232807,0.035136092,-0.04116018,39.11788,16.30768,0.040356368,-0.041161686
2023-08-30,39.10151,16.378914,0.0061833155,-0.03688759,39.107082,16.383787,-0.0033919776,-0.03095469
2023-08-30,39.089394,16.272337,0.019271873,-0.055526733,39.10581,16.293922,0.025072364,-0.05476808
2023-09-01,39.119354,16.531008,0.003343767,-0.017780349,39.133606,16.822832,0.0052532484,-0.017004889
2023-09-01,39.134483,16.53604,0.010562058,-0.03956791,39.14931,16.44207,0.017522424,-0.03592303
2023-09-01,39.117565,16.421968,0.019107241,-0.0465739,39.130894,16.504082,0.0071798516,-0.039950952
2023-09-01,39.12307,16.455662,0.038851388,-0.067061104,39.120354,16.526968,0.03545082,-0.06263805
2023-09-01,39.117764,16.254112,0.026829751,-0.031871937,39.124386,16.455603,0.026653267,-0.034500044
2023-09-01,39.109005,16.508175,0.024945565,-0.06668958,39.125244,16.507074,0.019584171,-0.06847911
2023-09-01,39.10728,16.162207,0.028050492,-0.052889902,39.108868,16.110281,0.031257197,-0.057442874
2023-09-01,39.124462,16.272997,0.019770687,-0.07507553,39.118877,16.625446,0.025684526,-0.0821335
2023-09-01,39.130104,16.377035,0.009951687,-0.028289331,39.13336,16.463654,0.021669898,-0.03542268
2023-09-01,39.10078,16.271881,0.0438405,-0.058170933,39.096912,16.10391,0.03519097,-0.052690864
2023-09-01,39.11113,16.194942,0.05474755,-0.07292597,39.10482,16.137663,0.045190018,-0.08411318
2023-09-01,39.094673,16.363787,0.02499864,-0.094952375,39.10414,16.205622,0.012970457,-0.07379535
2023-09-01,39.104362,16.088516,0.03508302,-0.06679573,39.11691,16.130983,0.029556325,-0.056295365
2023-09-01,39.11199,16.138609,0.028873164,-0.05992243,39.101475,16.077847,0.028347036,-0.058291793
2023-09-01,39.083595,16.314587,0.04840501,-0.057189032,39.09074,16.241236,0.036249086,-0.052600455
2023-09-01,39.12393,16.393785,0.01005784,-0.018549947,39.12893,16.366589,0.005125754,-0.014424645
2023-09-01,39.101177,16.241215,0.015285793,-0.077623166,39.088764,16.149282,0.028433662,-0.085506245
2023-09-01,39.101574,16.197554,0.044875477,-0.042168617,39.108097,15.977022,0.04212235,-0.03420906
2023-09-01,39.116302,16.204782,0.047131192,-0.054110643,39.115646,16.46141,0.06465256,-0.053348977
2023-09-01,39.10536,16.279652,0.04044366,-0.0544291,39.101658,16.149895,0.047149695,-0.04791167
2023-09-01,39.107876,16.198893,0.05047496,-0.040257894,39.112988,16.179098,0.048629936,-0.040172745
2023-09-01,39.134483,16.313217,0.044583563,-0.058515925,39.13217,16.463028,0.042604182,-0.059729043
2023-09-01,39.122738,16.589762,0.029377382,-0.06846761,39.119595,16.564869,0.019710708,-0.0577745
2023-09-01,39.119884,16.40264,0.026113229,-0.06584036,39.139175,16.652082,0.044904713,-0.06197722
2023-09-01,39.139656,16.30032,0.013428144,-0.044557024,39.145172,16.354725,0.01702151,-0.05116743
2023-09-01,39.125988,16.443369,0.0010084377,-0.041133642,39.120953,16.208042,-0.0080279745,-0.027381064
2023-09-01,39.10071,16.42181,0.0169046,-0.043787427,39.110073,16.218168,0.009834347,-0.04414671
2023-09-01,39.132626,16.551706,0.033649974,-0.05281029,39.122253,16.524467,0.026456587,-0.047685705
2023-09-01,39.110065,16.144278,-0.027307432,-0.060983945,39.11651,16.308098,-0.036670595,-0.051214226
2023-09-01,39.11133,16.340126,0.0055729453,-0.020540284,39.115665,16.376019,0.01750668,-0.03151959
2023-09-01,39.11219,16.578457,-0.009208629,-0.025662085,39.112255,16.377377,-0.008208066,-0.026779724
2023-09-01,39.107216,16.357323,0.017674198,-0.037816413,39.106236,16.43347,0.02539699,-0.05232698
2023-09-01,39.073444,16.598839,0.03176579,-0.06714072,39.094055,16.636143,0.028690206,-0.066017434
2023-09-01,39.110268,16.365093,0.038426783,-0.11655417,39.10616,16.4029,0.03787595,-0.09634091
2023-09-01,39.110268,16.435312,0.016400382,-0.05315528,39.117878,16.522337,0.021858118,-0.058526784
2023-09-01,39.11345,16.247137,0.038453322,-0.06639766,39.11822,16.371035,0.033964317,-0.067916095
2023-09-01,39.09056,16.301243,0.0023087915,-0.049094994,39.105,16.257086,0.005284336,-0.0531642
2023-09-01,39.111195,16.469769,0.042327847,-0.09487276,39.105892,16.578983,0.047509346,-0.073540725
2023-09-01,39.105556,16.648262,0.052279532,-0.091184,39.10451,16.602589,0.04618821,-0.08560527
2023-09-01,39.119755,16.177555,0.00010615134,-0.016108466,39.12715,16.361313,0.003287442,-0.020545144
2023-09-01,39.11657,16.295765,0.012340093,-0.071041785,39.124683,16.286076,0.010252534,-0.06733059
2023-09-01,39.09474,16.285448,0.033411134,-0.072342135,39.10578,16.292566,0.040185343,-0.076817125
2023-09-01,39.118027,16.253157,0.024335194,-0.010774361,39.120346,16.083729,0.012403725,-0.01622639
2023-09-01,39.129772,16.064886,0.01029668,-0.033915352,39.125748,16.19634,0.019916028,-0.039634272
2023-09-01,39.115837,16.324522,0.038559474,-0.048219245,39.118042,16.439974,0.041468274,-0.040686864
2023-09-01,39.113518,16.345827,0.012977001,-0.040629424,39.11387,16.2369,0.0025943515,-0.046212204
2023-09-01,39.106884,16.315924,0.03784295,-0.055809066,39.114635,16.325005,0.045264803,-0.058645006
2023-09-01,39.095604,16.429388,0.029510072,-0.072740205,39.10718,16.309097,0.03933381,-0.066065796
2023-09-01,39.096268,16.288696,0.024361731,-0.07664127,39.103607,16.221495,0.028963748,-0.06629905
2023-09-01,39.10861,16.45512,0.02892624,-0.04739657,39.12304,16.636806,0.024693793,-0.03393341
2023-09-01,39.127514,16.239685,0.04683928,-0.07539399,39.12794,16.215437,0.037965644,-0.07400368
2023-09-01,39.112057,16.27771,0.021150654,-0.06135547,39.103058,16.34774,0.034658752,-0.07611874
2023-09-01,39.11239,16.195612,0.010774361,-0.02990814,39.108562,16.072107,0.0015855988,-0.039527636
2023-09-01,39.104164,16.459896,0.027493196,-0.06066549,39.093346,16.40648,0.028486514,-0.057966035
2023-09-01,39.127914,16.560751,-0.0027864727,-0.03686105,39.1196,16.670637,0.012705199,-0.030030787
2023-09-01,39.148018,16.266182,0.01998299,-0.021177191,39.1453,16.134802,0.0104333665,-0.018673277
2023-09-01,39.10841,16.125774,0.006926375,-0.06700803,39.114754,16.020277,0.009471481,-0.06360784
2023-09-01,39.100315,16.302803,0.033703048,-0.06427463,39.105247,16.311356,0.036083825,-0.08227499
2023-09-01,39.110332,16.3906,0.022636773,-0.05713596,39.130165,16.48886,0.017456738,-0.046917595
2023-09-01,39.116302,16.55795,-0.0023618673,-0.027652424,39.106556,16.568937,0.013832886,-0.031334274
2023-09-01,39.107876,16.13227,-0.00613024,-0.01740882,39.112,16.195314,-0.00559967,-0.019775257
2023-09-01,39.117897,16.421268,-0.008385955,-0.035985302,39.12113,16.474358,-0.008162914,-0.037993174
2023-09-01,39.121876,16.308376,0.030465433,-0.061541237,39.12724,16.35042,0.017830836,-0.056035895
2023-09-01,39.128048,16.590366,0.02046067,-0.04877654,39.128647,16.544445,0.015647339,-0.040815428
2023-09-01,39.118294,16.466616,0.032508846,-0.030120442,39.118275,16.49864,0.03221208,-0.03188622
2023-09-01,39.102238,16.070969,-0.001433043,-0.061249323,39.107643,15.972656,-0.009571234,-0.04619881
2023-09-01,39.11743,16.156729,0.010800899,-0.041876704,39.11432,16.076607,0.008571186,-0.04159761
2023-09-01,39.11816,16.4149,0.03566685,-0.0725279,39.125717,16.19393,0.028812408,-0.066582516
2023-09-01,39.121677,16.26685,0.0079878885,-0.025662085,39.12317,16.18396,0.004727585,-0.034597415
2023-09-01,39.114975,16.449324,0.014516195,-0.039514836,39.1281,16.149069,0.026737353,-0.04130633
2023-09-01,39.120747,16.322165,0.026617447,-0.06626497,39.124783,16.128103,0.014093141,-0.061686587
2023-09-01,39.106483,16.560879,0.03508302,-0.060108196,39.097828,16.471313,0.04817439,-0.056092754
2023-09-01,39.096268,16.267614,0.0023087915,-0.08083424,39.121197,16.310667,-0.0018140005,-0.06786631
2023-09-01,39.111923,16.456522,-0.0073244423,-0.013534295,39.111046,16.145535,-0.008448986,-0.023012979
2023-09-01,39.098854,16.358023,0.036993742,-0.052889902,39.100292,16.241846,0.04432098,-0.059323817
2023-09-01,39.128777,16.38455,0.035746463,-0.056552123,39.114918,16.054705,0.02615131,-0.05476618
2023-09-01,39.133884,16.152111,0.012393168,-0.041823626,39.15002,16.420181,0.02386737,-0.050351467
2023-09-01,39.10144,16.49203,0.06313351,-0.041319408,39.101875,16.680208,0.07703885,-0.06467418
2023-09-01,39.139458,16.354649,0.04023136,-0.05769325,39.1517,16.395903,0.041622497,-0.043880034
2023-09-01,39.091557,16.262264,0.015471557,-0.049121533,39.087605,16.186016,0.014524019,-0.037393507
2023-09-01,39.10947,16.418753,5.307567e-05,-0.049068455,39.12736,16.249763,-0.0073893256,-0.03795988
2023-09-01,39.071453,16.230673,0.027042054,-0.056552123,39.08264,16.181095,0.030719282,-0.06951649
2023-09-01,39.09839,16.324299,0.012897387,-0.044318184,39.099518,16.419977,0.0090957815,-0.039709393
2023-09-01,39.101707,16.11291,0.0016718835,-0.039249457,39.11138,15.986138,0.0071477205,-0.030451942
2023-09-01,39.121613,16.52053,0.03630376,-0.032031167,39.13145,16.262632,0.03568971,-0.025915932
2023-09-01,39.137535,16.203192,0.013428144,-0.01165011,39.146843,16.494854,0.01815084,-0.019497242
2023-09-01,39.105488,16.284046,0.032455772,-0.04694543,39.10709,16.336077,0.036881488,-0.048813455
2023-09-01,39.11816,16.149849,0.032270007,-0.05060765,39.11908,16.208822,0.02669633,-0.05083286
2023-09-01,39.110798,16.444643,0.017329207,-0.05795863,39.115585,16.499992,0.00908678,-0.056457076
2023-09-01,39.100513,16.249271,0.027997416,-0.055198696,39.105885,16.221706,0.024030607,-0.045872826
2023-09-01,39.096996,16.193542,0.015922701,-0.048935767,39.11263,16.151384,0.015015241,-0.049939413
2023-09-01,39.11743,16.412575,0.01815188,-0.059603974,39.118073,16.2691,0.019270927,-0.055231247
2023-09-01,39.10854,16.254494,0.032508846,-0.042699374,39.12051,16.100494,0.028602155,-0.042449396
2023-09-01,39.10476,16.550083,0.053712577,-0.05235915,39.117973,16.596958,0.053451102,-0.05883591
2023-09-01,39.12307,16.36038,0.0039010616,-0.02008914,39.121384,16.616772,0.0041509164,-0.018264713
2023-09-01,39.12473,16.43254,0.027493196,-0.065734215,39.133305,16.355822,0.025166713,-0.06259412
2023-09-01,39.12088,16.53069,0.04599007,-0.06952912,39.11411,16.485573,0.04362059,-0.08121241
2023-09-01,39.112656,16.280289,0.034578796,-0.046122756,39.125084,16.487041,0.038843136,-0.034724392
2023-09-01,39.10695,16.4313,0.0024414808,-0.035852615,39.098694,16.18074,0.002310157,-0.027801307
2023-09-01,39.094833,16.310133,0.012478679,-0.062353835,39.10441,16.418245,0.017209537,-0.05603698
2023-09-07,39.114048,16.626799,0.01066821,-0.0027333968,39.117867,16.523027,0.009367059,0.006391752
2023-09-07,39.1307,16.58833,0.015790012,-0.013958901,39.144165,16.737078,0.015575796,-0.024938952
2023-09-07,39.117496,16.593584,0.001751497,-0.044822402,39.13237,16.706133,0.0040738853,-0.03680938
2023-09-07,39.117496,16.695967,0.007802123,-0.037418347,39.128445,16.51507,0.021067973,-0.033566855
2023-09-07,39.114513,16.473686,0.017249592,-0.04901538,39.11665,16.169205,0.006156384,-0.06410466
2023-09-07,39.12858,16.890383,0.0247598,-0.07844584,39.134136,16.757753,0.018453252,-0.0617776
2023-09-07,39.108475,16.379646,0.012950463,-0.08614181,39.127003,16.504545,0.0053414106,-0.03588355
2023-09-07,39.14012,16.333216,0.014011976,-0.12366631,39.13859,16.181177,0.013150614,-0.061831426
2023-09-07,39.120617,16.413084,0.0039806752,-0.016081927,39.11813,16.230698,0.0035685545,-0.008850143
2023-09-07,39.10695,16.596163,0.026697062,-0.057640176,39.112843,16.80932,0.021750294,-0.047131877
2023-09-07,39.111794,16.224176,0.042778987,-0.041239794,39.122906,16.203918,0.028981917,-0.035668015
2023-09-07,39.109535,16.705711,0.019399157,-0.090865545,39.110287,16.723345,0.002466428,-0.062591694
2023-09-07,39.10801,16.279524,0.028899701,-0.09816345,39.11907,16.213293,0.035613425,-0.057366192
2023-09-07,39.11159,16.292486,0.016267693,-0.068573765,39.122826,16.5339,0.013214833,-0.04046785
2023-09-07,39.088238,16.465916,0.044610098,-0.058860917,39.103733,16.353268,0.039252687,-0.06776714
2023-09-07,39.121014,16.711443,-0.015338868,-0.013401606,39.113087,16.584656,-0.0014551484,-0.025298506
2023-09-07,39.116436,16.322866,-0.0035295319,-0.10668209,39.13272,16.227657,0.005830198,-0.058061954
2023-09-07,39.110332,16.25736,0.03505648,-0.040762115,39.10911,16.461082,0.04044498,-0.054515384
2023-09-07,39.122475,16.261532,0.04742311,-0.05782594,39.125565,16.42747,0.048943944,-0.05609158
2023-09-07,39.12035,16.480183,0.045167394,-0.060373574,39.138737,16.441402,0.025191208,-0.054214057
2023-09-07,39.109802,16.431395,0.032057703,-0.04057635,39.113144,16.237755,0.025201939,-0.045674235
2023-09-07,39.1307,16.43146,0.03715297,-0.07088256,39.138065,16.739574,0.03059081,-0.06334261
2023-09-07,39.12612,16.616035,0.035136092,-0.058197472,39.12292,16.57219,0.043326914,-0.04546973
2023-09-07,39.14125,16.492762,0.0032376158,-0.037816413,39.143925,16.354345,0.013213191,-0.03346183
2023-09-07,39.13156,16.331623,0.0020964888,-0.035189167,39.134834,16.070108,-0.019466614,-0.03452955
2023-09-07,39.14085,16.423943,0.0019107241,-0.033119217,39.12791,16.073816,-0.008936987,-0.022079365
2023-09-07,39.114048,16.560179,0.012366631,-0.031580023,39.12074,16.689898,-0.0042925,-0.034077354
2023-09-07,39.137333,16.520817,0.034233805,-0.043654736,39.14231,16.448097,0.015433166,-0.031283032
2023-09-07,39.151466,16.38869,0.02340637,-0.051377248,39.162514,16.392757,0.022492899,-0.043302488
2023-09-07,39.117897,16.419771,-0.004962575,-0.020513745,39.13298,16.625282,0.019399056,-0.03372862
2023-09-07,39.12586,16.73329,-0.026882825,-0.005944475,39.1423,16.660944,-0.029039655,-0.009559967
2023-09-07,39.126785,16.65393,-0.0015391944,-0.055092543,39.134865,16.323757,0.019577274,-0.037807398
2023-09-07,39.111794,16.736473,0.039514836,-0.106443256,39.11143,16.604305,0.013185361,-0.051946074
2023-09-07,39.116634,16.438879,0.04999728,-0.14935493,39.118423,16.604177,0.044479903,-0.1183208
2023-09-07,39.12254,16.54967,0.042460535,-0.04325667,39.123314,16.380617,0.025312487,-0.039751396
2023-09-07,39.12453,16.444801,0.045008168,-0.07828661,39.132668,16.448496,0.025786156,-0.048601024
2023-09-07,39.098522,16.374773,-0.0034499185,-0.053234894,39.12579,16.060123,0.008941255,-0.046130452
2023-09-07,39.13886,16.651192,0.047502723,-0.08712371,39.141136,16.418802,0.0239146,-0.054884046
2023-09-07,39.133087,16.963627,0.064035796,-0.08446993,39.123024,17.01456,0.04970899,-0.07587637
2023-09-07,39.123867,16.422861,-0.008492107,-0.013162766,39.12763,16.638678,0.008568739,-0.016216014
2023-09-07,39.12851,16.471138,0.017461894,-0.038665626,39.12891,16.741327,0.031271946,-0.049888752
2023-09-07,39.102966,16.46429,0.025954003,-0.09604042,39.10689,16.359749,0.019347321,-0.06855853
2023-09-07,39.123802,16.428337,0.016373843,0.008359418,39.129658,16.572968,-0.004605864,0.0016302798
2023-09-07,39.12307,15.935817,0.0058648614,-0.054349486,39.13489,16.02951,0.0024937338,-0.02038576
2023-09-07,39.12148,16.57989,0.020513745,-0.057560563,39.142517,16.850182,0.0026780744,-0.052837756
2023-09-07,39.096333,16.34035,0.017143441,-0.052412223,39.112488,16.107012,0.020642448,-0.04793962
2023-09-07,39.117035,16.40267,0.04031097,-0.047688488,39.122982,16.210007,0.032398846,-0.046821374
2023-09-07,39.127384,16.901115,0.007669434,-0.061116632,39.12345,16.633768,0.018394155,-0.051196665
2023-09-07,39.1165,16.590685,0.027254356,-0.075659364,39.122875,16.651505,0.021532966,-0.057305213
2023-09-07,39.120617,16.723894,0.02462711,-0.041929778,39.13169,16.81998,0.011906294,-0.034797136
2023-09-07,39.133022,16.519289,0.055835605,-0.098322675,39.129192,16.367777,0.035261013,-0.081031345
2023-09-07,39.11272,16.406397,0.004484894,-0.08582336,39.12633,16.572432,0.0108904485,-0.06930932
2023-09-07,39.131695,16.352259,0.024149429,-0.02818318,39.12867,16.300205,0.021039166,-0.023962883
2023-09-07,39.124664,16.4712,0.032800764,-0.033358056,39.130337,16.677708,0.023355056,-0.041569613
2023-09-07,39.147552,16.597755,0.01961146,-0.026988978,39.146957,16.398941,0.01213172,-0.024418086
2023-09-07,39.13833,16.257105,-0.009208629,-0.019452233,39.15866,16.183016,-0.02092796,-0.020953918
2023-09-07,39.122143,16.468208,-0.0031580024,-0.07470401,39.125088,16.791183,0.019545361,-0.06078871
2023-09-07,39.12108,16.523523,0.03394189,-0.053712577,39.13519,16.425161,0.023257567,-0.035287324
2023-09-07,39.112522,16.34124,0.02584785,-0.055357922,39.117344,16.149088,0.023301793,-0.04402736
2023-09-07,39.125923,17.100468,-0.0120481765,-0.023485983,39.146423,16.727009,-0.0055541852,-0.007253748
2023-09-07,39.1094,16.22835,0.0039806752,-0.034870714,39.121323,16.238123,-0.015786052,-0.02442974
2023-09-07,39.1374,16.5697,-0.02316753,-0.027758574,39.129665,16.180092,-0.021103311,-0.03696267
2023-09-07,39.106552,16.263315,0.022106016,-0.07183792,39.114742,16.291286,0.022050811,-0.04949534
2023-09-07,39.133884,16.593998,0.008651334,-0.038904466,39.131058,16.276628,0.0052697835,-0.044301834
2023-09-07,39.108807,16.712303,0.03322537,-0.047502723,39.119865,16.68903,0.04205229,-0.029992646
2023-09-07,39.124596,16.323503,-0.0054667937,-0.0703518,39.123608,15.677019,-0.03004865,-0.045245424
2023-09-07,39.112255,16.250257,0.012287017,-0.03980675,39.121136,16.266544,0.01925792,-0.040206548
2023-09-07,39.113716,16.633486,0.034048043,-0.09447469,39.132687,16.723246,0.013025639,-0.073893405
2023-09-07,39.129242,16.61218,0.0100313015,-0.009872074,39.13404,16.397709,-2.0017584e-05,-0.02229637
2023-09-07,39.13236,16.484959,0.024335194,-0.03147387,39.138866,16.36192,0.028549714,-0.029100044
2023-09-07,39.105156,16.441713,0.014250817,-0.07117447,39.115482,16.388443,0.01937602,-0.060587157
2023-09-07,39.113117,16.561388,0.03725912,-0.08186922,39.13323,16.416794,0.024076605,-0.054677565
2023-09-07,39.10589,16.549,0.0014065052,-0.093333565,39.108036,16.24888,0.001401007,-0.070329584
2023-09-07,39.12798,16.752779,-0.0014861188,-0.021628335,39.12267,16.879936,0.017717302,-0.020448387
2023-09-07,39.107082,16.858984,0.027174743,-0.058754764,39.122513,16.556911,0.019520326,-0.040859528
2023-09-07,39.126984,16.484354,0.023432909,-0.039435223,39.136505,16.272358,0.01163276,-0.03321909
2023-09-07,39.154385,16.43286,0.031818863,-0.042593226,39.154438,16.28235,0.0046883584,-0.02811515
2023-09-07,39.09222,16.905668,0.04644121,-0.06995373,39.098217,16.673742,0.02883153,-0.048901305
2023-09-07,39.119884,16.282072,0.019133778,-0.048590776,39.131054,16.55994,0.025695264,-0.03862082
2023-09-07,39.114048,16.471617,0.017302668,-0.054694477,39.12952,16.518335,0.018485507,-0.03501865
2023-09-07,39.114513,16.407064,0.0077225096,-0.04054981,39.12335,16.462372,0.01924193,-0.028070651
2023-09-07,39.087975,16.46321,0.0065548453,-0.098694205,39.106285,16.87954,0.013404675,-0.05463987
2023-09-07,39.118294,16.467253,-0.012446244,-0.033968426,39.121853,16.517038,-0.008176288,-0.033287253
2023-09-07,39.12506,16.367323,0.018576484,-0.044530485,39.126133,16.497025,0.03526294,-0.04366788
2023-09-07,39.11438,16.529957,0.02438827,-0.047502723,39.145767,16.436178,0.026315456,-0.032731123
2023-09-07,39.122143,16.375029,0.0019372619,0.008412493,39.12505,16.254326,0.0056581465,-0.002598601
2023-09-07,39.123005,16.586864,0.017674198,-0.075659364,39.128197,16.64055,0.011027053,-0.05544021
2023-09-07,39.12347,16.295479,0.033013064,-0.041345946,39.115814,16.531828,0.043733954,-0.048023947
2023-09-07,39.124664,16.596163,0.0095005445,-0.04806002,39.127987,16.667633,0.001034796,-0.035734758
2023-09-07,39.102703,16.37315,0.014701961,-0.050554574,39.116524,16.254904,0.025689667,-0.036380805
2023-09-07,39.11962,16.45633,0.0013534295,-0.071121395,39.142147,16.449383,0.0032836245,-0.0599281
2023-09-07,39.127914,16.604729,0.033862278,-0.05636636,39.143063,16.68442,0.013331331,-0.021801673
2023-09-07,39.124332,16.496805,0.018443795,-0.06419502,39.123684,16.536043,0.019207506,-0.039472546
2023-09-07,39.115906,16.826979,0.048219245,-0.06353158,39.13267,16.842312,0.041880086,-0.036298238
2023-09-07,39.117233,16.362831,-0.008518645,-0.030491972,39.135067,16.496994,-0.018787177,-0.032407418
2023-09-07,39.13508,16.454292,0.024255581,-0.05219992,39.127472,16.440775,0.009876287,-0.041618995
2023-09-07,39.107944,16.493048,0.017169978,-0.06804301,39.12951,16.659039,0.021973124,-0.02076033
2023-09-07,39.11345,16.629091,0.022583697,-0.06483193,39.106056,16.546135,0.026147317,-0.05649538
2023-09-07,39.11743,16.602692,0.019213391,-0.025025178,39.12867,16.451487,0.006864748,-0.013975816
2023-09-07,39.112015,16.680485,0.012648227,-0.0703056,39.100784,16.754705,0.004055093,-0.072256766
2023-09-08,39.115177,16.644249,0.01029668,0.0018841863,39.118057,16.475729,0.0037858414,0.008145481
2023-09-08,39.13488,16.588425,0.013932363,-0.008969788,39.13957,16.403223,0.01655229,-0.015652752
2023-09-08,39.120216,16.601578,0.014595808,-0.040735576,39.136185,16.682032,0.009056547,-0.03814931
2023-09-08,39.116768,16.67654,0.015790012,-0.029695837,39.121513,16.531174,0.022824088,-0.029323502
2023-09-08,39.115376,16.434866,0.018815324,-0.05174878,39.125656,16.157217,0.01204343,-0.067655884
2023-09-08,39.13382,16.935986,0.02584785,-0.073960945,39.146503,16.770483,0.0074387826,-0.059047867
2023-09-08,39.11113,16.422192,0.021840638,-0.08542529,39.12245,16.306149,0.011193891,-0.033405583
2023-09-08,39.14105,16.362705,0.023326756,-0.11782798,39.14215,16.03878,0.018176457,-0.07769634
2023-09-08,39.119553,16.38366,0.0071121394,-0.0076428964,39.122795,16.21411,0.0109438365,0.0019124259
2023-09-08,39.112587,16.671604,0.031022727,-0.052783754,39.119316,16.816854,0.018996766,-0.05011019
2023-09-08,39.11186,16.23615,0.045406234,-0.025821313,39.1206,16.123354,0.030818097,-0.027457586
2023-09-08,39.10874,16.762842,0.017753812,-0.09405009,39.10893,16.675152,0.019851798,-0.064538985
2023-09-08,39.108807,16.28583,0.02842202,-0.09941073,39.118107,16.259651,0.027942577,-0.08383547
2023-09-08,39.11385,16.304333,0.018390719,-0.067406096,39.121216,16.547283,0.025200862,-0.040397614
2023-09-08,39.090694,16.48445,0.046388134,-0.05357989,39.112877,16.428934,0.03880366,-0.059116386
2023-09-08,39.12526,16.745646,-0.0062629287,-0.0047768103,39.116665,16.470352,0.014819397,-0.022222213
2023-09-08,39.12055,16.322739,0.0042991294,-0.10304641,39.14282,16.303467,0.0080808215,-0.056658916
2023-09-08,39.113384,16.268538,0.0397006,-0.041982856,39.113834,16.387087,0.028523453,-0.04301525
2023-09-08,39.12148,16.271372,0.04291168,-0.05538446,39.134686,16.45857,0.03797227,-0.04925154
2023-09-08,39.121346,16.447412,0.046016604,-0.06671611,39.135117,16.33922,0.030575885,-0.05781268
2023-09-08,39.113186,16.48171,0.032800764,-0.038241018,39.115917,16.382605,0.02695667,-0.03206719
2023-09-08,39.129906,16.437891,0.035268784,-0.07146639,39.13565,16.612108,0.03520711,-0.057528924
2023-09-08,39.128246,16.603296,0.04057635,-0.06196584,39.12738,16.452335,0.046195522,-0.055388298
2023-09-08,39.142643,16.457254,0.016081927,-0.032668073,39.147537,16.323559,0.02959479,-0.018700056
2023-09-08,39.126587,16.331495,0.0005572945,-0.025821313,39.124363,15.9697695,-0.023060495,-0.023068748
2023-09-08,39.142113,16.420504,0.006422156,-0.023485983,39.132786,16.186546,0.0015363244,-0.008532017
2023-09-08,39.114445,16.537504,0.010376293,-0.027121667,39.117783,16.69673,0.0035678458,-0.032470968
2023-09-08,39.13919,16.478462,0.030120442,-0.035773,39.148003,16.397284,0.013133547,-0.02832382
2023-09-08,39.158497,16.429995,0.035587236,-0.05551715,39.16574,16.44342,0.03696805,-0.046251554
2023-09-08,39.118958,16.425089,0.003688759,-0.00809404,39.13244,16.63787,0.017136699,-0.020359391
2023-09-08,39.128777,16.711794,-0.01937262,-0.0032376158,39.152008,16.629423,-0.015670199,-0.006146549
2023-09-08,39.1242,16.61304,0.0056525585,-0.046865817,39.136135,16.274986,0.014516123,-0.036070526
2023-09-08,39.11378,16.738354,0.036330294,-0.1051429,39.111427,16.577002,0.010677639,-0.051382538
2023-09-08,39.11159,16.384615,0.049546137,-0.14372891,39.12268,16.5584,0.04318269,-0.11041338
2023-09-08,39.11982,16.535402,0.038851388,-0.039727136,39.12899,16.41161,0.029587345,-0.03558994
2023-09-08,39.124863,16.485023,0.03996598,-0.07754355,39.131023,16.48261,0.024178391,-0.05758676
2023-09-08,39.100845,16.326273,-0.00010615134,-0.049413446,39.119186,16.174856,0.0075037302,-0.04923845
2023-09-08,39.143173,16.659344,0.05198762,-0.08937942,39.14415,16.529106,0.032288242,-0.06604948
2023-09-08,39.134945,17.00767,0.0544291,-0.06966182,39.126617,16.895098,0.039560366,-0.062512845
2023-09-08,39.12639,16.413084,-0.00894325,-0.0059975507,39.135555,16.471169,0.00896053,-0.0141170975
2023-09-08,39.13329,16.465916,0.020672973,-0.030916577,39.131912,16.716883,0.027370267,-0.041638874
2023-09-08,39.102505,16.505882,0.025555935,-0.10092338,39.10421,16.443464,0.020594973,-0.0876015
2023-09-08,39.12937,16.476551,0.02268985,0.009818999,39.1358,16.576275,0.011423232,-0.0023387498
2023-09-08,39.12347,15.946039,0.009527083,-0.05357989,39.14005,16.223763,0.009683436,-0.029622307
2023-09-08,39.127052,16.610302,0.026803212,-0.057799403,39.142273,16.642344,0.0006431684,-0.044911444
2023-09-08,39.100513,16.336973,0.017700735,-0.05219992,39.11477,16.203001,0.017356392,-0.04914827
2023-09-08,39.11796,16.428625,0.032163855,-0.037073355,39.118385,16.223108,0.022571463,-0.040292595
2023-09-08,39.12778,16.82494,0.010270142,-0.04898884,39.124302,16.560234,0.016706688,-0.042630367
2023-09-08,39.11876,16.608551,0.027519735,-0.07430594,39.127354,16.896742,0.025906628,-0.05848965
2023-09-08,39.12201,16.699947,0.022265242,-0.04044366,39.13673,16.786585,0.018886356,-0.04009646
2023-09-08,39.12997,16.5226,0.06018781,-0.094580844,39.124702,16.47783,0.039451316,-0.0803084
2023-09-08,39.113716,16.403372,0.0100047635,-0.085478365,39.120956,16.520561,0.017148713,-0.09074425
2023-09-08,39.13455,16.370443,0.02659091,-0.026272455,39.128914,16.241009,0.01100253,-0.015781594
2023-09-08,39.126453,16.486328,0.031288106,-0.022928689,39.128613,16.495514,0.016979393,-0.024817351
2023-09-08,39.14994,16.61508,0.01825803,-0.020858739,39.147068,16.299995,0.009916224,-0.019054703
2023-09-08,39.140186,16.288122,-0.005307567,-0.015498095,39.154682,16.122639,-0.018133478,-0.018446362
2023-09-08,39.12672,16.527441,0.0020964888,-0.069024906,39.131683,16.87825,0.023639992,-0.04992105
2023-09-08,39.11836,16.54142,0.03322537,-0.04705158,39.123203,16.496742,0.019296348,-0.033085186
2023-09-08,39.115307,16.355762,0.030438896,-0.047980405,39.119324,16.20784,0.02423428,-0.04240485
2023-09-08,39.12612,17.060755,0.002414943,-0.019717611,39.148228,16.565838,0.002286406,-0.014579506
2023-09-08,39.11345,16.25631,0.009155553,-0.034605335,39.126858,16.191528,-0.0012928701,-0.026365606
2023-09-08,39.14092,16.582916,-0.018496871,-0.02438827,39.137745,16.157324,-0.01843823,-0.034074455
2023-09-08,39.115707,16.309618,0.022212168,-0.069900654,39.12686,16.302713,0.020474132,-0.049108814
2023-09-08,39.134018,16.593138,0.014436582,-0.029244693,39.13839,16.277985,0.012249528,-0.019099072
2023-09-08,39.112522,16.674948,0.034393035,-0.045538925,39.120113,16.546463,0.045905776,-0.03187661
2023-09-08,39.124996,16.378214,0.0004511432,-0.07258098,39.12435,15.815133,-0.0213696,-0.05281867
2023-09-08,39.117695,16.270353,0.011437806,-0.038267557,39.12698,16.3408,0.009231798,-0.035361174
2023-09-08,39.11491,16.62132,0.038320635,-0.10126837,39.135815,16.849148,0.019512516,-0.078328855
2023-09-08,39.130436,16.599348,0.0032376158,0.0021761025,39.128246,16.161846,-0.01126856,0.00273361
2023-09-08,39.135014,16.498365,0.021150654,-0.030359283,39.14179,16.28715,0.02103396,-0.018721443
2023-09-08,39.105156,16.419006,0.0178865,-0.06305389,39.125626,16.408705,0.017321952,-0.052889004
2023-09-08,39.111725,16.538237,0.040257894,-0.07780893,39.13244,16.374975,0.020664379,-0.045496546
2023-09-08,39.105423,16.545528,0.008837099,-0.08776062,39.105247,15.948849,0.0017404177,-0.06355764
2023-09-08,39.13156,16.710234,-0.006395618,-0.023963664,39.130253,16.702412,0.016389873,-0.025280744
2023-09-08,39.110863,16.888027,0.036436446,-0.059471287,39.123016,16.67594,0.030207481,-0.041136224
2023-09-08,39.130966,16.456936,0.030545047,-0.024600573,39.13872,16.261738,0.0031274427,-0.021074489
2023-09-08,39.15465,16.477125,0.030571586,-0.034605335,39.15651,16.224112,0.009023061,-0.022607027
2023-09-08,39.098324,16.951717,0.049307298,-0.07759663,39.10353,16.727425,0.031873707,-0.05948409
2023-09-08,39.119755,16.23822,0.026405144,-0.04129287,39.13599,16.076256,0.026231356,-0.03225177
2023-09-08,39.114113,16.453176,0.013666985,-0.054216795,39.13001,16.374323,0.016767925,-0.043736387
2023-09-08,39.117695,16.38127,0.007855199,-0.034870714,39.13027,16.355316,0.016199766,-0.017114675
2023-09-08,39.090828,16.478876,0.011756261,-0.08476184,39.108753,16.738047,0.025610521,-0.05930632
2023-09-08,39.124794,16.491425,-0.0072713667,-0.032137316,39.132977,16.596357,-0.008426836,-0.029059965
2023-09-08,39.127583,16.41095,0.015710399,-0.04190324,39.122383,16.605595,0.032123294,-0.048745047
2023-09-08,39.1165,16.52467,0.029828526,-0.040284432,39.140965,16.56682,0.036036585,-0.027666094
2023-09-08,39.125526,16.393244,0.0039010616,0.008598259,39.124756,16.406559,0.0037479042,-0.004155773
2023-09-08,39.128246,16.631416,0.029005853,-0.07228906,39.12804,16.791643,0.018560737,-0.066315174
2023-09-08,39.12367,16.270863,0.030226594,-0.03112888,39.12332,16.467781,0.041798893,-0.037094694
2023-09-08,39.127117,16.675999,0.015551171,-0.04445087,39.130016,16.757498,0.0067723906,-0.034141935
2023-09-08,39.103565,16.35328,0.011782798,-0.05044842,39.115135,16.416979,0.023797298,-0.043933883
2023-09-08,39.12035,16.462667,0.005254491,-0.06923721,39.137184,16.615143,0.020646308,-0.05700126
2023-09-08,39.129307,16.627085,0.03686105,-0.055729453,39.141487,16.530544,0.014580376,-0.024665307
2023-09-08,39.129837,16.533014,0.024812875,-0.06764494,39.132782,16.513094,0.020267611,-0.03495978
2023-09-08,39.116302,16.819878,0.043787427,-0.059391674,39.129704,16.789526,0.03410834,-0.03616768
2023-09-08,39.116302,16.375666,-0.009367855,-0.025078254,39.148056,16.521933,-0.02026432,-0.03532662
2023-09-08,39.135475,16.44219,0.02892624,-0.047635414,39.134476,16.37383,0.01825886,-0.03933207
2023-09-08,39.10947,16.521963,0.01862956,-0.057932094,39.129208,16.72711,0.024400067,-0.018255915
2023-09-08,39.113914,16.612404,0.027493196,-0.06260275,39.10534,16.621517,0.028384032,-0.049394246
2023-09-08,39.12473,16.590366,0.021362957,-0.01923993,39.133717,16.28514,0.002333451,-0.011305907
2023-09-08,39.11467,16.713472,0.016689103,-0.06442231,39.108196,16.865639,0.021016115,-0.061014265
2023-09-12,39.1439,16.729881,0.013375068,-0.007377518,39.15041,16.834688,0.015530696,-0.013814733
2023-09-12,39.146755,16.72278,0.007589821,-0.022318318,39.151497,16.781729,0.015237167,-0.022441158
2023-09-12,39.132294,16.59301,0.019399157,-0.031526946,39.144463,16.612112,0.01671533,-0.028410686
2023-09-12,39.13103,16.735582,0.018948013,-0.041000955,39.135746,16.752287,0.03153335,-0.020085208
2023-09-12,39.12042,16.325668,0.01727613,-0.062470064,39.13444,16.218792,0.01202804,-0.04615548
2023-09-12,39.141117,16.768639,0.022769462,-0.060081657,39.13796,16.70405,0.033137195,-0.06502665
2023-09-12,39.11743,16.314268,0.034844175,-0.084682226,39.125404,16.338013,0.030681634,-0.06061632
2023-09-12,39.143703,16.48515,0.016931139,-0.12634663,39.141487,16.588955,0.013802249,-0.09530223
2023-09-12,39.124397,16.469706,-0.0036356833,-0.02462711,39.12331,16.549204,0.0022570787,-0.029123176
2023-09-12,39.12108,16.766249,0.030332744,-0.054721013,39.134987,16.712105,0.015627569,-0.055446617
2023-09-12,39.124996,16.423084,0.017568046,-0.05052804,39.12217,16.35645,0.008632565,-0.045973603
2023-09-12,39.116634,16.700266,0.015206179,-0.079799265,39.119087,16.659773,0.010240293,-0.07252093
2023-09-12,39.12042,16.256947,0.020885276,-0.07987888,39.124264,16.00529,0.014792444,-0.080904976
2023-09-12,39.122738,16.280193,0.022212168,-0.063292734,39.124104,16.225603,0.02254354,-0.052734483
2023-09-12,39.10363,16.563011,0.058728226,-0.0583567,39.120106,16.63319,0.055460103,-0.050307848
2023-09-12,39.11604,16.523556,0.007695972,-0.0051748776,39.123238,16.527035,0.008804019,-0.0035872343
2023-09-12,39.14012,16.467762,-0.0031314644,-0.07053757,39.13707,16.41613,-0.0021759507,-0.05467643
2023-09-12,39.123535,16.267359,0.04877654,-0.05315528,39.118935,16.40818,0.038016375,-0.0509461
2023-09-12,39.121944,16.422478,0.030810425,-0.052996054,39.11065,16.411526,0.019784508,-0.057045404
2023-09-12,39.129704,16.377863,0.050687265,-0.08083424,39.123848,16.637503,0.044174172,-0.07902398
2023-09-12,39.130566,16.592756,0.021097578,-0.02635207,39.138943,16.841005,0.030665167,-0.0204656
2023-09-12,39.14311,16.473495,0.022716386,-0.07366903,39.14993,16.379227,0.012349594,-0.07211246
2023-09-12,39.137535,16.698545,0.01703729,-0.07502246,39.142933,16.886139,0.023225669,-0.077300414
2023-09-12,39.14848,16.413721,0.041000955,-0.0477681,39.14376,16.540487,0.05216088,-0.04917392
2023-09-12,39.131165,16.379456,-0.00018576485,-0.02635207,39.13192,16.237497,-0.0076323804,-0.03144958
2023-09-12,39.140984,16.472061,0.011172428,-0.03959445,39.136044,16.55383,0.024409808,-0.051328234
2023-09-12,39.125988,16.657307,0.010694747,-0.045645077,39.12529,16.475615,0.0053832848,-0.043655645
2023-09-12,39.148346,16.702496,0.011013201,-0.038559474,39.13684,16.680296,-0.0024249938,-0.0323159
2023-09-12,39.16301,16.363438,0.025476322,-0.051191483,39.161224,16.358791,0.027996056,-0.0513785
2023-09-12,39.138596,16.63062,-0.00066344586,-0.00066344586,39.15179,16.367683,0.0045731557,-0.0036462513
2023-09-12,39.150406,16.702845,0.013640447,-0.019027628,39.151573,16.791403,0.022715896,-0.018673195
2023-09-12,39.13594,16.673676,0.0042991294,-0.050793413,39.130398,16.448223,0.0073626754,-0.050106682
2023-09-12,39.12997,16.966366,0.028607786,-0.1090705,39.125175,16.891268,0.022898069,-0.079300076
2023-09-12,39.122208,16.375347,0.03808179,-0.097844996,39.12939,16.351831,0.029253388,-0.07322216
2023-09-12,39.130302,16.595177,0.0062629287,-0.020911813,39.1454,16.735733,0.019500794,-0.020302083
2023-09-12,39.134415,16.510084,0.040390585,-0.08646026,39.145706,16.54377,0.021551492,-0.07204885
2023-09-12,39.11796,16.386557,0.023539059,-0.034048043,39.1307,16.630636,0.019388085,-0.03937119
2023-09-12,39.149673,16.627626,0.07380172,-0.099171884,39.148262,17.020424,0.055643164,-0.0519285
2023-09-12,39.144897,17.060787,0.04962575,-0.06976797,39.142643,17.244028,0.043184157,-0.06856182
2023-09-12,39.129704,16.279493,0.015736936,-0.0029456995,39.141197,16.282341,-0.006581487,0.0014214009
2023-09-12,39.141582,16.366844,0.026697062,-0.05060765,39.136646,16.440886,0.021394473,-0.047773547
2023-09-12,39.116238,16.590431,0.012446244,-0.10469176,39.114033,16.497446,0.018401697,-0.09660136
2023-09-12,39.14682,16.644314,0.011331655,-0.0046706586,39.161903,16.543049,-0.006645331,-0.002565364
2023-09-12,39.13707,16.019316,0.010800899,-0.054614864,39.143375,15.973169,0.0039509847,-0.0453289
2023-09-12,39.136936,16.534607,0.035826076,-0.054959856,39.133636,16.41105,0.043453753,-0.053855747
2023-09-12,39.11637,16.388945,0.009659772,-0.048325397,39.125977,16.110062,0.009072086,-0.043776754
2023-09-12,39.124928,16.419199,0.044875477,-0.054933317,39.11978,16.476915,0.04163014,-0.04951313
2023-09-12,39.13196,16.74539,-0.0040602884,-0.06653035,39.13126,16.721003,-0.0025436834,-0.061724912
2023-09-12,39.132225,16.77609,0.04437126,-0.089273274,39.135178,16.515701,0.03785163,-0.075552516
2023-09-12,39.13793,16.71259,0.04020482,-0.056100983,39.138805,16.917467,0.038134426,-0.06050576
2023-09-12,39.123535,16.373915,0.043787427,-0.08027695,39.122963,16.566227,0.045374285,-0.07425959
2023-09-12,39.131165,16.46824,0.026166305,-0.066211894,39.127163,16.651802,0.021741888,-0.05277967
2023-09-12,39.140385,16.373531,0.012950463,-0.02794434,39.147022,16.150629,0.0030042056,-0.032352343
2023-09-12,39.144566,16.532345,0.048935767,-0.034950327,39.142216,16.705929,0.04328065,-0.03337314
2023-09-12,39.155445,16.614761,0.01947877,-0.052757215,39.161263,16.745613,0.013265731,-0.062616624
2023-09-12,39.161217,16.529734,0.0034233807,-0.016506532,39.161533,16.454147,0.0036705513,-0.018674867
2023-09-12,39.12904,16.330095,0.013428144,-0.09612004,39.12898,16.678848,0.023449207,-0.07782742
2023-09-12,39.12035,16.519352,0.042593226,-0.035507623,39.1208,16.48989,0.047753118,-0.040369205
2023-09-12,39.130966,16.414454,0.022981765,-0.044928554,39.132626,16.23942,0.010222283,-0.04883763
2023-09-12,39.13561,16.904522,0.029377382,-0.027280893,39.146236,16.874577,0.02858628,-0.023219636
2023-09-12,39.136406,16.553045,0.007085602,-0.035507623,39.137787,16.735281,0.0082033975,-0.03628451
2023-09-12,39.1715,16.633423,0.015604246,-0.05416372,39.171932,16.576004,0.017696643,-0.031442612
2023-09-12,39.135742,16.401014,0.011305117,-0.049546137,39.140236,16.451754,0.011132823,-0.053015873
2023-09-12,39.14251,16.913088,0.0068467613,-0.037577573,39.14784,16.985985,0.019846864,-0.033413354
2023-09-12,39.127384,16.669407,0.03099619,-0.03725912,39.12641,16.816687,0.03665418,-0.03569614
2023-09-12,39.12858,16.462986,0.011331655,-0.08022387,39.134003,16.359844,0.0036446527,-0.06450568
2023-09-12,39.129505,16.349138,-1.2671024e-17,-0.041558247,39.139126,16.427877,-0.00019345593,-0.034621295
2023-09-12,39.128975,16.678005,0.027864726,-0.09633234,39.130676,16.926197,0.022532286,-0.09546074
2023-09-12,39.137466,16.6346,-0.012366631,-0.007855199,39.12637,16.607716,-0.016369449,-0.0046574003
2023-09-12,39.147617,16.567822,0.03468495,-0.016135003,39.146023,16.702229,0.029483937,-0.013810809
2023-09-12,39.119423,16.490913,0.024096353,-0.06419502,39.12005,16.315994,0.015300632,-0.06492485
2023-09-12,39.127583,16.627913,0.0375245,-0.067061104,39.12292,16.442785,0.030311108,-0.05824315
2023-09-12,39.119022,16.480246,-0.0042725913,-0.07430594,39.12259,16.502407,0.006739943,-0.07373684
2023-09-12,39.140255,16.603264,0.0013799674,-0.030465433,39.13114,16.59144,0.0081030615,-0.03268014
2023-09-12,39.122074,16.668037,0.030332744,-0.08502722,39.126877,16.643314,0.017178675,-0.0774349
2023-09-12,39.137867,16.471647,0.026378607,-0.04593699,39.134678,16.358778,0.012573073,-0.038684368
2023-09-12,39.14032,16.264875,0.033039603,-0.034631874,39.139538,16.187649,0.027201083,-0.038143452
2023-09-12,39.107147,16.992638,0.0365426,-0.0955362,39.103157,17.297426,0.03487184,-0.094551094
2023-09-12,39.13342,16.265162,0.031314645,-0.035454545,39.133244,16.23263,0.0301027,-0.027759464
2023-09-12,39.124,16.393467,0.034525722,-0.05503947,39.116245,16.537931,0.031457067,-0.044090226
2023-09-12,39.151268,16.552727,0.011464344,-0.029403921,39.145023,16.491835,0.020866225,-0.028149622
2023-09-12,39.106087,16.496296,-0.0030783887,-0.062416986,39.109753,16.50436,-0.0035889673,-0.0677362
2023-09-12,39.137135,16.489225,0.02831587,-0.05405757,39.139736,16.637627,0.023802109,-0.054073434
2023-09-12,39.122936,16.35659,0.013905825,-0.07218291,39.130062,16.489655,0.013221432,-0.061663665
2023-09-12,39.13508,16.643072,0.038161404,-0.041000955,39.134815,16.660454,0.042101406,-0.04839836
2023-09-12,39.148346,16.423403,0.019797225,0.012685085,39.148216,16.242151,0.012452901,0.018554637
2023-09-12,39.148346,16.777237,0.041823626,-0.060240883,39.14316,16.734783,0.031851523,-0.057950392
2023-09-12,39.122738,16.300478,0.017302668,-0.024122892,39.121098,16.452824,0.014870396,-0.03143802
2023-09-12,39.134216,16.681477,0.022397932,-0.04782118,39.133694,16.818876,0.020333825,-0.067410745
2023-09-12,39.121014,16.409294,0.018549947,-0.050289195,39.119717,16.456839,0.0060709757,-0.05513658
2023-09-12,39.13216,16.495787,0.030279668,-0.0803831,39.14345,16.428202,0.023833947,-0.04613897
2023-09-12,39.138596,16.70915,0.028899701,-0.056923654,39.137722,16.639843,0.026684124,-0.055477597
2023-09-12,39.14556,16.609316,0.030040829,-0.05782594,39.14385,16.304764,0.02067526,-0.046591002
2023-09-12,39.130966,16.88739,0.031022727,-0.042964753,39.12737,16.91235,0.027589876,-0.050888397
2023-09-12,39.12314,16.507824,0.0014861188,-0.030836964,39.13615,16.545242,-0.007455389,-0.023927495
2023-09-12,39.148415,16.444324,0.022451008,-0.05320836,39.139816,16.10267,0.013444825,-0.046078663
2023-09-12,39.14198,16.67498,0.045592,-0.057295185,39.14009,16.592903,0.03829207,-0.059228897
2023-09-12,39.121014,16.321337,0.025900926,-0.052173384,39.1229,16.362295,0.031722564,-0.053778935
2023-09-12,39.14032,16.666477,-0.0045910454,-0.036489524,39.143486,16.483555,-0.011816369,-0.034167595
2023-09-12,39.119785,16.550476,0.018350666,-0.046286404,39.121277,16.514456,0.020067139,-0.056726526
2023-09-14,39.147354,16.919363,0.004484894,-0.006926375,39.14467,16.902643,0.0044488776,-0.00037775972
2023-09-14,39.149277,16.93277,0.012791236,-0.019027628,39.149384,16.703215,0.014598271,-0.015446546
2023-09-14,39.13322,16.690935,0.014781574,-0.039249457,39.12638,16.966799,0.032307465,-0.04007518
2023-09-14,39.128246,16.978912,-0.009182091,-0.03869216,39.136406,16.887363,-0.0062472625,-0.033450153
2023-09-14,39.129173,16.500532,0.015869625,-0.04922768,39.136055,16.617695,0.019364996,-0.049212113
2023-09-14,39.137268,16.980282,0.009182091,-0.06310697,39.142418,16.918114,0.002137882,-0.054592032
2023-09-14,39.13322,16.411173,0.034897253,-0.082638815,39.14193,16.417923,0.029291172,-0.062061314
2023-09-14,39.143703,16.611767,0.02218563,-0.09545659,39.14812,16.537983,0.024683846,-0.09549171
2023-09-14,39.1311,16.688324,-0.011119353,-0.026405144,39.128853,16.252653,-0.012907419,-0.0231
2023-09-14,39.134483,16.973595,0.013428144,-0.06788378,39.13362,16.835674,0.0075695426,-0.05161588
2023-09-14,39.129574,16.645588,0.010986663,-0.06371734,39.1293,16.469067,0.009425419,-0.05493532
2023-09-14,39.112656,16.817648,0.0016984214,-0.09129015,39.116203,16.891165,-0.0016727925,-0.0712393
2023-09-14,39.1236,16.413975,0.0032641536,-0.06639766,39.113853,16.212315,-0.011106489,-0.0551504
2023-09-14,39.124863,16.357323,-0.00047768102,-0.04928076,39.125618,16.438316,-0.0011031537,-0.05673113
2023-09-14,39.112453,16.78956,0.04346897,-0.06127586,39.109573,16.500748,0.035667263,-0.06295274
2023-09-14,39.122074,16.672655,-0.020274905,-0.00042460536,39.134434,16.393814,-0.033898678,0.009000087
2023-09-14,39.14377,16.642307,-0.0012738161,-0.061833154,39.142597,16.641083,-0.0068384744,-0.040445223
2023-09-14,39.12579,16.397861,0.049466524,-0.047688488,39.127327,16.342474,0.043163475,-0.049661595
2023-09-14,39.129906,16.583138,0.030306207,-0.057772864,39.128662,16.984877,0.044098992,-0.057772934
2023-09-14,39.13561,16.517313,0.035560697,-0.073483266,39.14358,16.23128,0.03280504,-0.057709724
2023-09-14,39.133617,16.727844,0.0130831525,-0.04057635,39.130436,16.642494,0.011102736,-0.046139076
2023-09-14,39.147087,16.68928,0.018390719,-0.061594315,39.14784,16.603895,0.021482041,-0.059643738
2023-09-14,39.135277,16.936144,0.0069794506,-0.085849896,39.135246,16.864378,0.010069871,-0.0982545
2023-09-14,39.15465,16.59161,0.021840638,-0.0477681,39.15272,16.594065,0.034124304,-0.051165942
2023-09-14,39.141514,16.559763,0.0018311106,-0.026139766,39.139793,16.435993,-0.003019865,-0.024041148
2023-09-14,39.139854,16.741188,0.0105355205,-0.038904466,39.145584,16.79381,0.0053238906,-0.035311986
2023-09-14,39.128178,17.014008,0.008677872,-0.0387187,39.12353,16.951365,0.007092061,-0.04332684
2023-09-14,39.14994,17.077412,0.020513745,-0.04346897,39.147823,16.974815,0.018781165,-0.04269207
2023-09-14,39.15903,16.475374,0.02929777,-0.057587102,39.152637,16.40901,0.027288135,-0.061280996
2023-09-14,39.155247,16.92901,0.015206179,-0.023937127,39.149162,17.059309,0.0074595944,-0.016759677
2023-09-14,39.155514,16.871435,-0.0009288242,-0.0032641536,39.16099,16.355227,-0.01566952,0.00060025934
2023-09-14,39.152264,16.944647,0.001433043,-0.04445087,39.150707,16.904615,0.0023822945,-0.04222275
2023-09-14,39.127384,17.318958,0.031022727,-0.10256873,39.124012,17.149994,0.026130248,-0.08947873
2023-09-14,39.13793,16.588074,0.028528173,-0.10883166,39.130985,16.600035,0.030530263,-0.09782078
2023-09-14,39.127514,16.804941,0.0039275996,-0.04044366,39.126133,16.672413,0.0022612547,-0.042393982
2023-09-14,39.14032,16.661669,0.03420727,-0.073562875,39.123676,16.66165,0.025421992,-0.0745776
2023-09-14,39.12851,16.558681,0.014914263,-0.04031097,39.12919,16.352917,0.0049395515,-0.039358832
2023-09-14,39.13866,16.781025,0.029244693,-0.11411269,39.141163,16.64543,0.031254318,-0.05991055
2023-09-14,39.152725,17.337046,0.04177055,-0.08577028,39.147026,17.316818,0.046009544,-0.07594056
2023-09-14,39.14105,16.389868,-0.0027599349,-0.0022822537,39.136948,16.067984,0.013376366,-0.020424303
2023-09-14,39.136208,16.416237,0.01764766,-0.06350504,39.13746,16.453625,0.024629317,-0.061681256
2023-09-14,39.120617,16.694311,0.008810561,-0.092908956,39.120205,16.655695,0.013810192,-0.08177712
2023-09-14,39.149673,16.802267,-0.0079613505,-0.0050687264,39.147312,16.684269,-0.00084786647,-0.0018152812
2023-09-14,39.14284,16.07963,0.009155553,-0.031288106,39.143448,16.265156,0.022858862,-0.028481353
2023-09-14,39.14855,16.648294,0.039541375,-0.056897115,39.148552,16.451052,0.029922295,-0.035962824
2023-09-14,39.132294,16.61629,0.013958901,-0.052757215,39.129177,16.406073,0.019431878,-0.044652313
2023-09-14,39.130634,16.602022,0.052783754,-0.05575599,39.137745,16.595945,0.036231358,-0.043081943
2023-09-14,39.1374,17.073462,0.0066344584,-0.08287766,39.130272,17.21073,0.017034035,-0.08093245
2023-09-14,39.133354,17.037285,0.031155417,-0.078074306,39.136276,17.100931,0.035129815,-0.06906113
2023-09-14,39.14105,17.060915,0.018072264,-0.050050355,39.146496,16.54162,0.0012334699,-0.03419504
2023-09-14,39.126785,16.511837,0.035826076,-0.082559206,39.11679,16.251251,0.041340716,-0.0648646
2023-09-14,39.138397,16.7038,0.018337643,-0.06804301,39.1433,16.587128,0.014841574,-0.059935752
2023-09-14,39.148945,16.530722,0.015498095,-0.024441345,39.13987,16.55924,0.0147450045,-0.022958102
2023-09-14,39.150867,16.759148,0.042221695,-0.04484894,39.158516,16.703478,0.041839436,-0.046866186
2023-09-14,39.162746,16.822742,0.016878063,-0.04705158,39.155643,16.796535,0.025393661,-0.049759615
2023-09-14,39.1587,16.671827,-0.008200191,-0.013215842,39.159306,16.761972,-0.008842002,-0.0071967742
2023-09-14,39.133156,16.413084,0.018045727,-0.08619489,39.13554,16.349897,0.022408403,-0.07510259
2023-09-14,39.123734,16.667847,0.01961146,-0.056154057,39.11849,16.522518,0.014451169,-0.060059913
2023-09-14,39.13979,16.570974,0.01249932,-0.0399129,39.146713,16.60001,0.019037673,-0.04432344
2023-09-14,39.143307,17.264503,0.008412493,-0.015843088,39.142178,17.182394,0.021647777,-0.017639792
2023-09-14,39.148678,16.79765,0.0042195157,-0.024919026,39.14792,16.637993,0.0028568893,-0.027138045
2023-09-14,39.180126,16.782394,0.0071652154,-0.052173384,39.1778,16.657286,0.007902142,-0.030980224
2023-09-14,39.14012,16.457636,0.008306342,-0.04606968,39.136013,16.51186,0.017939577,-0.041642856
2023-09-14,39.141514,17.098015,0.0115439575,-0.035507623,39.139584,16.981014,0.005271967,-0.032179054
2023-09-14,39.142776,16.878218,0.030120442,-0.033437673,39.135998,16.809877,0.032822944,-0.032160833
2023-09-14,39.139393,16.576834,0.009367855,-0.08569067,39.137398,16.704792,0.01426694,-0.07146891
2023-09-14,39.132824,16.492697,0.0031580024,-0.035613775,39.141956,16.429577,-0.002494326,-0.040167402
2023-09-14,39.141182,16.878218,0.024786336,-0.09468699,39.14008,16.813723,0.02955051,-0.07877627
2023-09-14,39.13488,16.867104,-0.015604246,-0.009341317,39.139202,16.734003,-0.012949297,-0.01230942
2023-09-14,39.14722,16.658102,0.025317093,-0.038639087,39.149006,16.520313,0.033769764,-0.03820752
2023-09-14,39.133553,16.711475,0.033649974,-0.060585875,39.13663,16.741049,0.041210946,-0.05530519
2023-09-14,39.140717,16.890797,0.036356833,-0.05981628,39.148754,16.977875,0.04201645,-0.05620699
2023-09-14,39.122738,16.67721,-0.007695972,-0.079799265,39.1237,16.122866,-0.0002746966,-0.060429964
2023-09-14,39.14629,16.771791,0.0073509803,-0.03837371,39.147427,16.797548,-0.0059170574,-0.033232793
2023-09-14,39.125988,16.884747,0.026033616,-0.07902967,39.117332,16.724892,0.026667373,-0.07584718
2023-09-14,39.13866,16.71052,0.019319544,-0.04545931,39.14127,16.782526,0.022587713,-0.040496096
2023-09-14,39.137665,16.355762,0.02964276,-0.05663174,39.14892,16.425356,0.018161375,-0.05054125
2023-09-14,39.11816,17.289534,0.027970877,-0.07757009,39.118668,17.15889,0.026773874,-0.06534109
2023-09-14,39.137665,16.423784,0.011225504,-0.027625885,39.14107,16.542486,0.007282699,-0.026576921
2023-09-14,39.12997,16.612946,0.013879287,-0.047263883,39.132183,16.430048,0.014069794,-0.04813561
2023-09-14,39.16089,16.872963,0.00082267285,-0.028979314,39.15612,16.668648,-0.0014210648,-0.022564868
2023-09-14,39.12088,16.709755,-0.012658547,-0.05281029,39.118626,16.62958,-0.0049172845,-0.054020204
2023-09-14,39.147484,16.704565,0.011331655,-0.03481764,39.14511,16.648941,0.0013976197,-0.04127584
2023-09-14,39.133156,16.496582,0.02303484,-0.054827165,39.136852,16.318447,0.014009125,-0.04876228
2023-09-14,39.14941,16.923439,0.032137316,-0.053659502,39.14848,16.470377,0.03696125,-0.043213964
2023-09-14,39.157967,16.574858,-0.014701961,0.019876838,39.16425,16.384964,-0.01993481,0.014662297
2023-09-14,39.16407,17.037064,0.022902152,-0.051191483,39.166355,16.916323,0.02770606,-0.0507497
2023-09-14,39.134483,16.519733,0.017143441,-0.035321858,39.14345,16.316841,0.016379612,-0.021746239
2023-09-14,39.130436,16.902039,0.015312331,-0.052385684,39.138588,16.75401,0.009131427,-0.046734806
2023-09-14,39.12831,16.560623,-0.0047502723,-0.049094994,39.129322,16.525444,0.0041998047,-0.0449987
2023-09-14,39.148945,16.67517,0.016878063,-0.07709241,39.145054,16.839718,0.015807616,-0.06260874
2023-09-14,39.142376,16.955317,0.020779124,-0.053341046,39.13871,16.764784,0.021016013,-0.051045634
2023-09-14,39.15644,16.71345,0.024202505,-0.056286745,39.162178,16.869305,0.037400737,-0.05651798
2023-09-14,39.125458,17.263802,0.02120373,-0.054084107,39.13022,17.21315,0.022044897,-0.053833373
2023-09-14,39.136406,16.734818,-0.0017249592,-0.014993876,39.13063,16.893906,0.0026348836,-0.02442733
2023-09-14,39.1587,16.588488,0.030863501,-0.06653035,39.1608,16.693365,0.036966436,-0.054919984
2023-09-14,39.162148,16.892134,0.033358056,-0.063266195,39.140484,16.96977,0.040442996,-0.06325341
2023-09-14,39.125126,16.481138,0.009606696,-0.04965229,39.13626,16.528404,0.007670866,-0.03590212
2023-09-14,39.147552,16.95608,-0.0050952644,-0.03898408,39.14708,16.965229,0.00038336942,-0.042284153
2023-09-14,39.131145,16.748554,0.014473686,-0.06229732,39.131035,16.666761,0.022634648,-0.046833955
2023-09-26,39.198174,17.94886,-0.0018311106,0.007695972,39.197994,17.495459,0.002714389,0.0040843072
2023-09-26,39.193398,17.835108,-0.0035295319,-0.0014595808,39.17524,17.73032,-0.009934926,0.0067691314
2023-09-26,39.156906,17.543755,0.00034499186,-0.02537017,39.16367,17.330362,-0.010859041,-0.024011618
2023-09-26,39.14616,17.70674,-0.013056614,-0.0037152967,39.145195,17.138298,-0.007300647,-0.0021207915
2023-09-26,39.171368,17.290615,0.009978225,-0.020991428,39.16587,17.141272,0.014175022,-0.013745797
2023-09-26,39.162083,17.891857,-0.003051851,-0.026511297,39.156498,17.806784,-0.01038341,-0.035777595
2023-09-26,39.147285,16.910765,-0.0024414808,-0.032429233,39.157715,16.746622,-0.004581188,-0.027439693
2023-09-26,39.150074,17.172596,0.0050421883,-0.04238092,39.143505,17.04735,0.007198017,-0.036291827
2023-09-26,39.161285,17.452518,-0.012446244,-0.014648885,39.156,17.476753,-0.003066905,-0.03198585
2023-09-26,39.158764,17.511368,-0.0016188079,-0.044902015,39.16311,17.469185,0.0045682173,-0.045520466
2023-09-26,39.126255,17.180685,0.015338868,-0.03237616,39.12592,16.762302,0.008392692,-0.03370217
2023-09-26,39.15379,17.59337,-0.008651334,-0.060028583,39.14585,17.43507,0.015053541,-0.046943925
2023-09-26,39.148415,16.895224,0.0032376158,-0.042460535,39.138187,16.925766,0.008151818,-0.037487924
2023-09-26,39.15067,17.018593,0.0055729453,-0.02194679,39.152374,17.104858,0.009916195,-0.01385695
2023-09-26,39.1242,17.430832,0.026033616,-0.05254491,39.12521,17.18179,0.02119528,-0.03616546
2023-09-26,39.1715,17.739317,-0.021416033,-0.0072448286,39.164696,17.34587,-0.009719387,-0.025527768
2023-09-26,39.160686,17.240522,0.026113229,-0.041478634,39.157764,17.097866,0.0149391955,-0.041843243
2023-09-26,39.147022,16.911432,0.033119217,-0.02072605,39.13845,16.910107,0.024324924,-0.021688312
2023-09-26,39.1382,17.241606,0.011968563,-0.032508846,39.149338,17.095186,0.003313587,-0.02541246
2023-09-26,39.164402,17.26342,0.016081927,-0.03516263,39.162823,17.107946,0.013956176,-0.036210556
2023-09-26,39.150337,17.133968,0.006607921,-0.0100313015,39.154728,17.19157,0.011343127,-0.01138694
2023-09-26,39.160156,17.176641,-0.0054933317,-0.02794434,39.143127,17.213764,-0.0024426833,-0.031800937
2023-09-26,39.171833,17.687122,-0.005944475,-0.038055256,39.16528,17.624594,-0.0033255678,-0.040594608
2023-09-26,39.167255,17.673206,0.014250817,-0.04654736,39.1691,17.460041,0.022477956,-0.056161255
2023-09-26,39.16918,17.457104,-0.0050156508,-0.0005838323,39.1746,17.29912,-0.012185924,0.004932133
2023-09-26,39.188156,17.893608,0.00042460536,-0.025502859,39.18528,17.78058,0.0060093133,-0.023488218
2023-09-26,39.180325,17.868546,-0.002892624,-0.017753812,39.175777,17.67239,0.001722744,-0.014222536
2023-09-26,39.142574,17.640373,0.010588596,-0.010986663,39.146774,17.209135,0.013869072,-0.011937927
2023-09-26,39.158897,17.374878,-0.0020964888,-0.04986459,39.154774,17.076687,-0.0017394566,-0.04771435
2023-09-26,39.144234,17.672155,0.0059975507,-0.009898612,39.148167,16.788713,0.005287128,-0.0116403075
2023-09-26,39.182846,17.649385,-0.0011676647,0.0014065052,39.17903,17.61548,-0.0013273361,-0.0031694132
2023-09-26,39.17203,17.743393,-0.0017780348,-0.0005572945,39.181973,17.3352,-0.00058092707,0.005723491
2023-09-26,39.164005,18.156748,0.009606696,-0.06602613,39.160988,18.039715,0.009324544,-0.06311293
2023-09-26,39.15485,17.429972,0.0072713667,-0.05724211,39.155354,17.115957,0.009400455,-0.046158776
2023-09-26,39.142376,17.625055,-0.017329207,-0.014250817,39.135086,17.387676,-0.007016874,-0.031855743
2023-09-26,39.145294,17.146803,0.0068202233,-0.019107241,39.14583,16.814894,-0.0034558608,-0.0099124005
2023-09-26,39.169777,17.328384,0.006103702,-0.031659637,39.171177,16.983612,0.00900172,-0.032905623
2023-09-26,39.15319,17.928352,-0.0029722375,-0.061196245,39.154545,17.588228,0.0026710185,-0.062825345
2023-09-26,39.153522,18.148626,0.013030076,-0.041080568,39.159054,17.890974,0.009798608,-0.031232428
2023-09-26,39.166992,17.18196,-0.019691072,0.005334105,39.165997,16.748371,-0.014399266,-0.008148332
2023-09-26,39.13428,17.323353,-0.01188895,-0.05209377,39.13725,17.091633,-0.0069164922,-0.049817793
2023-09-26,39.154053,17.569326,0.007589821,-0.041558247,39.162006,17.223057,0.009573965,-0.030914234
2023-09-26,39.15485,17.668556,0.0005838323,0.00034499186,39.15607,17.566395,-0.0112301335,0.0036023795
2023-09-26,39.171635,16.836277,0.005891399,-0.0023087915,39.16628,16.446432,-0.013996661,-0.004544997
2023-09-26,39.189747,17.318607,0.025025178,-0.02537017,39.176315,17.126715,0.032664344,-0.02455318
2023-09-26,39.19008,17.462198,0.0050156508,-0.022159092,39.18693,17.424986,0.0047049494,-0.024058549
2023-09-26,39.142975,17.449589,0.016241154,-0.020434132,39.1406,16.976425,0.024896832,-0.008230074
2023-09-26,39.148678,17.831287,0.021416033,-0.030040829,39.155136,17.59262,0.012294507,-0.034070868
2023-09-26,39.140984,17.445225,0.019266468,-0.037391808,39.14732,17.22695,0.009432579,-0.04040826
2023-09-26,39.180325,17.874819,0.0061833155,-0.032190394,39.187748,17.966688,0.01352531,-0.048320986
2023-09-26,39.13103,17.110435,0.015445019,-0.051032256,39.117985,17.024517,0.014074495,-0.06001585
2023-09-26,39.17502,17.391916,0.01165011,-0.040364046,39.165565,17.24931,0.010147419,-0.04772557
2023-09-26,39.147484,17.141611,-0.003343767,-0.016426919,39.1629,17.253988,0.008449592,-0.014616068
2023-09-26,39.181652,17.776705,0.009022864,-0.030465433,39.185863,17.026329,0.00944209,-0.022753399
2023-09-26,39.202553,17.919052,-0.009341317,-0.018098803,39.198235,17.500463,0.004102718,-0.012379865
2023-09-26,39.18411,17.329817,-0.025662085,0.011915487,39.185722,16.972862,-0.033338174,0.015032573
2023-09-26,39.141182,17.163393,-0.013507757,-0.022822538,39.147366,16.748013,-0.02654533,-0.02290462
2023-09-26,39.134945,17.37316,0.006714072,-0.04535316,39.131405,17.224247,0.014217556,-0.047288325
2023-09-26,39.17157,17.43997,0.010615134,-0.012233942,39.177002,16.478987,0.0013786771,-0.001455841
2023-09-26,39.222057,18.464119,0.008200191,-0.016586147,39.19916,16.933796,0.0030646182,-0.013383804
2023-09-26,39.15883,17.314085,0.015763473,-0.00416644,39.163895,17.070011,0.0078074783,-0.0026466004
2023-09-26,39.202484,17.645119,-0.0057056346,-0.023087915,39.195564,17.062893,-0.011353249,-0.020238841
2023-09-26,39.20401,17.296507,0.0010349755,-0.025157867,39.184784,17.09147,-0.010188045,-0.022038337
2023-09-26,39.166924,17.89329,0.0074305935,-0.01764766,39.170612,17.258226,0.01130488,-0.023667395
2023-09-26,39.17641,17.381153,0.004325667,-0.0059710126,39.174137,17.230362,-0.0071646906,-0.009696691
2023-09-26,39.1581,17.120848,0.008757485,-0.051854927,39.158722,17.08086,0.022497393,-0.045622278
2023-09-26,39.162613,16.99044,0.00029191616,-0.010110915,39.165398,17.145002,0.00566624,-0.013596252
2023-09-26,39.17661,17.497547,0.0069529125,-0.05105879,39.175907,17.529396,0.010877899,-0.048267636
2023-09-26,39.130634,17.24269,-0.016851524,0.015445019,39.124702,16.410395,-0.013265692,0.0071257385
2023-09-26,39.182316,17.399208,0.014808112,-0.02268985,39.183323,17.416092,0.014990787,-0.024944419
2023-09-26,39.17097,17.291348,0.012525857,-0.029961215,39.17166,17.250702,0.015031669,-0.028922793
2023-09-26,39.18371,17.693396,0.0066344584,-0.01862956,39.173298,17.458883,0.022403033,-0.018710205
2023-09-26,39.153255,17.315933,-0.014755036,-0.056313284,39.158855,16.811207,-0.014913935,-0.04881889
2023-09-26,39.172234,17.577797,0.007404056,-0.0024680186,39.16737,17.525503,0.01011067,-0.0055371677
2023-09-26,39.162014,17.667189,0.018231492,-0.042089004,39.16781,17.575075,0.010577025,-0.03669337
2023-09-26,39.147285,17.303003,0.011066277,-0.022849075,39.148575,17.083576,0.0031404379,-0.019640906
2023-09-26,39.139324,17.027096,-0.008571721,-0.011172428,39.151512,17.213816,-0.009933762,-0.0071121757
2023-09-26,39.147087,17.863674,0.023565596,-0.02462711,39.146645,17.54474,0.033736218,-0.009648973
2023-09-26,39.185833,17.43806,-0.003370305,-0.014861187,39.191067,17.263283,-0.0071804225,-0.006146692
2023-09-26,39.161816,17.524012,0.0041133645,-0.032190394,39.15802,17.447569,0.0023377668,-0.029578539
2023-09-26,39.159626,17.564423,-0.012233942,-0.014065052,39.14764,17.122873,-0.012549588,-0.015564717
2023-09-26,39.13634,17.361471,-0.01815188,-0.030783888,39.13968,17.269463,-0.011447299,-0.031144962
2023-09-26,39.158962,17.466307,0.011066277,-0.018894939,39.159298,17.0518,0.007957047,-0.009755694
2023-09-26,39.146755,16.966429,0.013799674,-0.021707948,39.152092,17.247734,0.010425865,-0.023700478
2023-09-26,39.196182,18.024685,0.011729723,-0.029085467,39.19266,17.006329,0.0059413332,-0.027958788
2023-09-26,39.158497,17.188646,-0.026803212,0.020407595,39.158062,16.837452,-0.02322907,0.023241853
2023-09-26,39.174156,17.679607,0.01947877,-0.028209718,39.173515,17.770136,0.022189775,-0.034100074
2023-09-26,39.145958,17.042858,-0.00674061,-0.019160317,39.149826,16.991226,-0.0058060074,-0.019422961
2023-09-26,39.173824,18.03978,0.0069529125,-0.038241018,39.180367,17.4053,0.006987105,-0.035306636
2023-09-26,39.148415,17.227276,-0.0032906914,-0.039063692,39.151478,16.761599,-0.0049023433,-0.051283997
2023-09-26,39.17203,17.406979,-0.0151531035,-0.033066142,39.182198,17.582743,-0.011233481,-0.032687083
2023-09-26,39.162876,17.635183,0.0049094995,-0.032668073,39.16363,17.435736,0.0041696453,-0.023325447
2023-09-26,39.2068,17.574326,0.021893714,-0.028793551,39.201748,17.434769,0.01389705,-0.024978181
2023-09-26,39.173294,17.878483,0.011252042,-0.015736936,39.16999,17.461597,0.009142636,-0.026880784
2023-09-26,39.167324,17.435926,-0.010774361,-0.0045645074,39.171288,17.219063,-0.016789546,-0.009092929
2023-09-26,39.201557,17.55006,0.013720061,-0.0453797,39.175648,16.896105,0.008779372,-0.05033623
2023-09-26,39.20136,17.95179,-0.0009818999,-0.028103566,39.202026,17.440342,-0.0005663798,-0.02983092
2023-09-26,39.141117,17.18766,-0.0030783887,-0.020991428,39.14462,17.189243,-0.011091126,-0.010031077
2023-09-26,39.188618,17.96609,-0.016320769,-0.015046952,39.18313,17.68361,-0.011448789,-0.026340729
2023-09-26,39.153946,17.532087,-2.2606304e-05,-0.035378866,39.16275,17.47585,-0.0064081745,-0.03927035
2023-09-28,39.19824,18.016819,-0.005599483,0.01249932,39.192123,17.36053,-0.0033244726,0.015848441
2023-09-28,39.19499,17.893673,-0.009182091,-0.0013534295,39.2015,17.663254,0.009222506,-0.0041824817
2023-09-28,39.16195,17.651806,-0.014781574,-0.024202505,39.15866,17.495916,-0.009485688,-0.032112766
2023-09-28,39.14888,17.654194,-0.027546272,-0.0047502723,39.152393,17.287163,-0.028659116,-0.008796345
2023-09-28,39.182117,17.400768,0.00021230268,-0.014330431,39.18196,17.09332,-0.0023864398,-0.011487259
2023-09-28,39.15923,17.829662,-0.0024680186,-0.021734485,39.16385,17.647282,-0.0039600907,-0.013670868
2023-09-28,39.148678,16.988722,-0.02242447,-0.02709513,39.141125,16.817831,-0.016977789,-0.025858697
2023-09-28,39.14921,17.25842,0.0023087915,-0.04434472,39.148373,17.016083,0.00090792525,-0.049803756
2023-09-28,39.164867,17.477676,-0.018894939,-0.00809404,39.166477,17.181517,-0.030177966,-0.004205719
2023-09-28,39.14377,17.462168,-0.0046971967,-0.039992515,39.1475,17.284704,-0.0059058666,-0.050280076
2023-09-28,39.12287,17.160145,0.006316005,-0.02253062,39.12029,17.664982,0.009475771,-0.015178212
2023-09-28,39.159294,17.709127,-0.015869625,-0.05867515,39.154552,17.529163,-0.0040964875,-0.055275936
2023-09-28,39.13647,16.885702,-0.0036622211,-0.035374932,39.13309,16.517097,-0.0032290465,-0.035782628
2023-09-28,39.1516,17.109606,-0.0019372619,-0.014887725,39.142727,16.802557,0.0025154785,-0.02741625
2023-09-28,39.124863,17.39593,0.0208322,-0.047608875,39.131172,17.332886,0.01842578,-0.0481735
2023-09-28,39.16905,17.737438,-0.022981765,-0.010508982,39.178093,16.824745,-0.02398976,0.0068692877
2023-09-28,39.144897,17.234377,0.014595808,-0.034286883,39.144913,17.20568,0.023949739,-0.031579684
2023-09-28,39.15193,17.04445,0.024680186,-0.011225504,39.147884,16.627012,0.020159867,-0.019339135
2023-09-28,39.139126,17.283005,0.006607921,-0.024892488,39.123325,17.345425,0.016536629,-0.03100846
2023-09-28,39.170574,17.331823,0.0062629287,-0.029218156,39.166214,17.19183,0.0071871234,-0.023535836
2023-09-28,39.151,17.178648,0.0014595808,-0.0046706586,39.14959,16.774612,-0.002931963,0.00020548103
2023-09-28,39.163143,17.272305,-0.0071386774,-0.026723599,39.166515,16.97822,-0.011996396,-0.02893491
2023-09-28,39.172234,17.711517,-0.014542733,-0.028979314,39.164692,17.715963,-0.021893585,-0.030332513
2023-09-28,39.16679,17.763361,-0.0029722375,-0.04020482,39.174706,17.481218,-0.008957188,-0.030112263
2023-09-28,39.17482,17.568817,-0.010376293,-0.0010084377,39.170265,17.198507,-0.014878444,0.00038036852
2023-09-28,39.192135,18.019302,-0.004139902,-0.02499864,39.190655,17.718212,-0.011296781,-0.028038038
2023-09-28,39.161217,17.774666,0.0009288242,-0.014755036,39.16648,17.646696,0.001751343,-0.02820805
2023-09-28,39.147686,17.7147,0.008412493,-0.012154328,39.143913,17.773575,0.0057825656,-0.008628726
2023-09-28,39.156773,17.569008,-0.009420931,-0.047635414,39.157192,17.333246,-0.011569314,-0.04345532
2023-09-28,39.1445,17.78218,-0.007085602,-0.0046706586,39.1483,17.419682,-0.01188123,0.0017354205
2023-09-28,39.186962,17.70642,-0.012233942,0.002255716,39.18966,17.458359,-0.014339719,0.0020902469
2023-09-28,39.16991,17.77457,-0.015338868,-0.0016718835,39.155457,17.255064,-0.005798418,-0.022191286
2023-09-28,39.15611,18.041784,0.011862412,-0.0629212,39.157803,17.866945,0.008463273,-0.077577956
2023-09-28,39.15923,17.56057,-0.0049891127,-0.057056345,39.15914,17.581228,0.00320242,-0.059761092
2023-09-28,39.144566,17.694098,-0.026643986,-0.01127858,39.13916,17.69865,-0.021078074,-0.005712203
2023-09-28,39.146954,17.242275,-0.0008492107,-0.015975777,39.153748,17.1491,0.0100689195,-0.015775826
2023-09-28,39.177937,17.41217,-0.0031314644,-0.027413582,39.178463,17.012505,0.0028469556,-0.020788236
2023-09-28,39.15916,18.040194,-0.0064486936,-0.058648612,39.168747,17.837309,-0.00044515703,-0.04638507
2023-09-28,39.144962,18.140379,0.012419706,-0.03786949,39.137184,17.727833,0.02575287,-0.047515217
2023-09-28,39.16825,17.207468,-0.020779124,0.008385955,39.17262,16.901628,-0.022939822,0.013440426
2023-09-28,39.13428,17.414335,-0.008757485,-0.051801853,39.134663,17.208311,-0.012506433,-0.049082503
2023-09-28,39.15631,17.641394,0.0024680186,-0.036117993,39.156452,17.710718,0.0025412696,-0.04542352
2023-09-28,39.152462,17.644642,-0.002255716,0.0046706586,39.159233,17.118576,-0.008167254,0.0070035546
2023-09-28,39.172962,16.923151,-0.002866086,0.0011676647,39.1722,16.931463,0.0030163995,0.0020750887
2023-09-28,39.194126,17.425098,0.014410044,-0.023937127,39.17989,16.970627,0.012923602,-0.026396194
2023-09-28,39.190277,17.455193,-0.0014861188,-0.016931139,39.195953,17.311098,-0.0040789414,-0.014711686
2023-09-28,39.14775,17.544838,0.008863636,-0.020964889,39.145054,17.60757,0.0069219572,-0.023515778
2023-09-28,39.14583,17.834536,0.0068467613,-0.021416033,39.146263,18.036337,0.0125979595,-0.017258987
2023-09-28,39.13873,17.379847,0.013773136,-0.036171068,39.135227,17.290976,0.028745687,-0.041187268
2023-09-28,39.170708,17.844248,0.008173653,-0.027466659,39.161304,17.380444,0.011492676,-0.042719558
2023-09-28,39.129574,17.152502,0.00894325,-0.04606968,39.133217,16.80102,0.0024342453,-0.044752397
2023-09-28,39.169445,17.427391,0.0023884051,-0.03784295,39.18643,17.438768,-0.0053833183,-0.040747628
2023-09-28,39.147354,17.179348,-0.009845536,-0.013985438,39.152443,16.957493,0.0002789607,-0.01754256
2023-09-28,39.181652,17.913097,0.0071121394,-0.030067366,39.167854,16.92812,0.022085652,-0.030910708
2023-09-28,39.204872,18.056593,-0.013428144,-0.0130831525,39.188858,17.261906,-0.015484307,-0.008473172
2023-09-28,39.181652,17.333353,-0.041107107,0.012101253,39.19068,16.926016,-0.036589336,0.009163804
2023-09-28,39.13979,17.28154,-0.022132553,-0.02192025,39.132965,16.88637,-0.022911789,-0.014101491
2023-09-28,39.134613,17.41892,0.005334105,-0.039514836,39.128143,17.283903,0.015556262,-0.04659251
2023-09-28,39.177803,17.563818,0.012844312,-0.0074571315,39.17954,16.66635,0.011758501,-0.015113109
2023-09-28,39.21801,18.446318,0.0026007078,-0.008147115,39.193848,17.18663,0.00059944234,-0.013641461
2023-09-28,39.15339,17.230429,0.010349755,0.0029987753,39.149677,17.10105,0.011812504,-0.008455102
2023-09-28,39.198635,17.701294,-0.010190529,-0.017116902,39.19336,16.837482,-0.0055755675,-0.02535718
2023-09-28,39.19751,17.293545,-0.0027599349,-0.018576484,39.1865,17.13548,-0.0045451755,-0.016879333
2023-09-28,39.179863,17.99335,0.00018576485,-0.019717611,39.17615,17.258825,-0.00072642387,-0.016778374
2023-09-28,39.17734,17.400547,-0.0026007078,-0.0059710126,39.173332,17.14519,0.0032905345,-0.0056647747
2023-09-28,39.16049,17.182405,-0.0019903376,-0.047316957,39.162956,17.313463,-0.003719074,-0.039306346
2023-09-28,39.168716,17.08203,-0.0018311106,-0.00674061,39.16326,16.674183,0.0035325596,-0.005017026
2023-09-28,39.1792,17.55764,0.006077164,-0.046228908,39.17229,17.587738,0.010185356,-0.04921365
2023-09-28,39.127316,17.232403,-0.014569271,0.020540284,39.132725,16.904598,-0.013060959,0.017665045
2023-09-28,39.184772,17.506018,0.01754151,-0.021522183,39.17657,17.346453,0.011111915,-0.02879307
2023-09-28,39.175747,17.382872,0.008677872,-0.030491972,39.174137,17.358942,0.005973143,-0.028268827
2023-09-28,39.185833,17.749254,0.001114589,-0.01995645,39.171917,17.529444,0.007866735,-0.025107108
2023-09-28,39.145626,17.342205,-0.028342407,-0.05952436,39.147465,17.100077,-0.021255478,-0.053551544
2023-09-28,39.1723,17.645342,-0.0014861188,0.0043787425,39.1777,16.99623,-0.0075407503,0.0007253229
2023-09-28,39.166924,17.765303,0.0042195157,-0.02964276,39.16229,17.570667,0.011543062,-0.03361249
2023-09-28,39.148346,17.344786,0.0027333968,-0.018204954,39.156548,17.178461,0.0061946274,-0.023465449
2023-09-28,39.13919,17.130434,-0.014728498,-0.0033172292,39.134464,16.904402,-0.014799101,-0.005154571
2023-09-28,39.145164,17.782564,0.0115439575,-0.018948013,39.138462,17.627207,0.015830535,-0.02308661
2023-09-28,39.178932,17.410927,-0.015630784,-0.012791236,39.169685,17.137428,-0.013144929,-0.012862945
2023-09-28,39.152927,17.48395,-0.00026537833,-0.031686176,39.15476,17.352932,0.00936039,-0.04099971
2023-09-28,39.162346,17.627571,-0.016320769,-0.010562058,39.166332,17.37186,-0.017652737,-0.0094753215
2023-09-28,39.129704,17.364115,-0.025662085,-0.033782665,39.121723,17.165733,-0.022002704,-0.025540495
2023-09-28,39.163074,17.56678,0.0003715297,-0.013746598,39.165104,17.732258,-0.00417005,-0.014089318
2023-09-28,39.147816,17.040916,0.009394393,-0.015790012,39.16012,16.734749,-0.0010241603,-0.01983167
2023-09-28,39.185303,18.002266,0.0008757485,-0.024255581,39.174206,17.135143,-0.0015291998,-0.0248752
2023-09-28,39.15478,17.113428,-0.031447332,0.015232717,39.159393,16.397758,-0.01909732,0.012327721
2023-09-28,39.16958,17.58111,0.0054667937,-0.023963664,39.165302,17.594591,0.014195652,-0.02438395
2023-09-28,39.14795,17.046171,-0.0066609965,-0.015577708,39.14434,16.863785,-0.0065314677,-0.0239732
2023-09-28,39.17827,18.053886,-0.0066344584,-0.032827303,39.16425,17.19461,0.0018180686,-0.031819116
2023-09-28,39.147087,17.238548,-0.009102477,-0.034313418,39.146347,16.746984,-0.01289314,-0.021040045
2023-09-28,39.154053,17.454428,-0.029350845,-0.033039603,39.15909,17.499584,-0.0067000296,-0.03951619
2023-09-28,39.175083,17.791895,0.0013268917,-0.030067366,39.179493,17.85681,0.0036447775,-0.026374336
2023-09-28,39.20932,17.620535,0.011490882,-0.024441345,39.20822,17.595371,0.014155718,-0.015098667
2023-09-28,39.18424,17.943605,-0.0010349755,-0.013375068,39.180233,17.461767,-0.005369679,-0.010156388
2023-09-28,39.177803,17.558882,-0.017329207,-0.009845536,39.167747,17.369402,-0.028351586,-0.00096978474
2023-09-28,39.211708,17.742374,0.0026272456,-0.04017828,39.197227,17.40759,-0.0020455348,-0.026399724
2023-09-28,39.20149,18.06414,-0.004484894,-0.027891263,39.197895,17.64252,-0.00089315855,-0.011991041
2023-09-28,39.146557,17.223837,-0.01812534,-0.012738161,39.148266,17.095844,-0.01706876,-0.017533233
2023-09-28,39.175945,17.91536,-0.023061378,-0.010137453,39.170944,17.733475,-0.011481689,-0.017645452
2023-09-28,39.15334,17.624584,-0.01151226,-0.030428084,39.162155,17.30831,-0.01058347,-0.024319502
